episode_id,timestamp,num_planes,sats_per_plane,nominal_satellites,sequence,max_tle_age_seconds,node_failure_probability,edge_failure_probability,regression_target,classification_target,plane_inference
0,2024-02-01T12:00:00Z,4,5,20,episodes/tgnn_sequences/episode_0000.json,28094.971392,0.01928522060954674,0.7141280353200883,0.45,1,"{'candidate_operational_isl_satellites': 1508, 'inferred_plane_count': 99, 'eligible_plane_count': 85, 'selected_raan_centers_deg': [342.43035651, 4.51522501, 9.40440006, 14.32711576], 'raan_cluster_max_gap_deg': 1.0}"
1,2024-02-03T20:06:25Z,4,6,24,episodes/tgnn_sequences/episode_0001.json,60368.182144,0.021117219603408316,0.5755711775043937,0.3333333333333333,1,"{'candidate_operational_isl_satellites': 1650, 'inferred_plane_count': 99, 'eligible_plane_count': 73, 'selected_raan_centers_deg': [54.37805159, 5.19555242, 10.14248421, 15.24938283], 'raan_cluster_max_gap_deg': 1.0}"
2,2024-02-06T04:12:51Z,4,7,28,episodes/tgnn_sequences/episode_0002.json,84142.526784,0.026136452068348325,0.7579806978470676,0.2857142857142857,1,"{'candidate_operational_isl_satellites': 1649, 'inferred_plane_count': 103, 'eligible_plane_count': 72, 'selected_raan_centers_deg': [2.16427242, 6.9707, 11.91830596, 16.6544001], 'raan_cluster_max_gap_deg': 1.0}"
3,2024-02-08T12:19:16Z,4,8,32,episodes/tgnn_sequences/episode_0003.json,39793.89424,0.02856575857468882,0.7626666666666667,0.15625,1,"{'candidate_operational_isl_satellites': 1641, 'inferred_plane_count': 98, 'eligible_plane_count': 76, 'selected_raan_centers_deg': [2.85915501, 7.87958567, 12.56988103, 17.43255491], 'raan_cluster_max_gap_deg': 1.0}"
4,2024-02-10T20:25:41Z,5,5,25,episodes/tgnn_sequences/episode_0004.json,58319.053184,0.03024195756706135,0.77,0.2,1,"{'candidate_operational_isl_satellites': 1634, 'inferred_plane_count': 91, 'eligible_plane_count': 76, 'selected_raan_centers_deg': [341.9424624, 3.52864877, 8.46134999, 13.5649333, 18.38575001], 'raan_cluster_max_gap_deg': 1.0}"
5,2024-02-13T04:32:06Z,5,6,30,episodes/tgnn_sequences/episode_0005.json,28395.258336,0.03194495771831047,0.8016359918200409,0.13333333333333333,1,"{'candidate_operational_isl_satellites': 1653, 'inferred_plane_count': 90, 'eligible_plane_count': 73, 'selected_raan_centers_deg': [31.13898358, 5.86248415, 15.90766304, 25.82755489, 35.85230613], 'raan_cluster_max_gap_deg': 1.0}"
6,2024-02-15T12:38:32Z,5,7,35,episodes/tgnn_sequences/episode_0006.json,31702.980032,0.03197220362755411,0.7742690058479532,0.11428571428571428,1,"{'candidate_operational_isl_satellites': 1647, 'inferred_plane_count': 102, 'eligible_plane_count': 74, 'selected_raan_centers_deg': [6.35485713, 16.27004719, 26.16783504, 30.90884463, 36.02063026], 'raan_cluster_max_gap_deg': 1.0}"
7,2024-02-17T20:44:57Z,5,8,40,episodes/tgnn_sequences/episode_0007.json,62078.865792,0.032279266778646024,0.7895522388059701,0.125,1,"{'candidate_operational_isl_satellites': 1652, 'inferred_plane_count': 95, 'eligible_plane_count': 69, 'selected_raan_centers_deg': [6.0506053, 16.59231014, 20.61315012, 25.55773852, 34.32184691], 'raan_cluster_max_gap_deg': 1.0}"
8,2024-02-20T04:51:22Z,6,5,30,episodes/tgnn_sequences/episode_0008.json,50557.750816,0.031802661977878184,0.7462585034013606,0.2,1,"{'candidate_operational_isl_satellites': 1645, 'inferred_plane_count': 106, 'eligible_plane_count': 80, 'selected_raan_centers_deg': [4.84748003, 9.56542227, 14.62644005, 19.76217147, 22.16267306, 24.41416659], 'raan_cluster_max_gap_deg': 1.0}"
9,2024-02-22T12:57:48Z,6,6,36,episodes/tgnn_sequences/episode_0009.json,79757.24304,0.032472205049204915,0.6721590909090909,0.3333333333333333,1,"{'candidate_operational_isl_satellites': 1671, 'inferred_plane_count': 116, 'eligible_plane_count': 86, 'selected_raan_centers_deg': [90.1706623, 5.08821585, 10.3023501, 12.82604472, 15.03540769, 20.09604006], 'raan_cluster_max_gap_deg': 1.0}"
10,2024-02-24T21:04:13Z,6,7,42,episodes/tgnn_sequences/episode_0010.json,57521.729728,0.03259284415766027,0.6741784037558686,0.16666666666666666,1,"{'candidate_operational_isl_satellites': 1689, 'inferred_plane_count': 102, 'eligible_plane_count': 70, 'selected_raan_centers_deg': [3.20859499, 9.75790482, 15.48771277, 19.57248386, 25.09637012, 30.08794999], 'raan_cluster_max_gap_deg': 1.0}"
11,2024-02-27T05:10:38Z,6,8,48,episodes/tgnn_sequences/episode_0011.json,33684.070976,0.03395166040614529,0.7919381107491856,0.14583333333333334,1,"{'candidate_operational_isl_satellites': 1692, 'inferred_plane_count': 89, 'eligible_plane_count': 72, 'selected_raan_centers_deg': [3.15587778, 7.0585548, 13.05191361, 18.00722901, 22.98564501, 28.13092592], 'raan_cluster_max_gap_deg': 1.0}"
12,2024-02-29T13:17:03Z,4,5,20,episodes/tgnn_sequences/episode_0012.json,84201.980064,0.03487332900591727,0.882803943044907,0.25,1,"{'candidate_operational_isl_satellites': 1687, 'inferred_plane_count': 101, 'eligible_plane_count': 78, 'selected_raan_centers_deg': [2.9540684, 8.13190383, 13.58227216, 18.83268922], 'raan_cluster_max_gap_deg': 1.0}"
13,2024-03-02T21:23:29Z,4,6,24,episodes/tgnn_sequences/episode_0013.json,72722.784992,0.03564411492122335,0.7552631578947369,0.20833333333333334,1,"{'candidate_operational_isl_satellites': 1699, 'inferred_plane_count': 99, 'eligible_plane_count': 81, 'selected_raan_centers_deg': [30.23810401, 5.11296999, 10.05774634, 14.9901894], 'raan_cluster_max_gap_deg': 1.0}"
14,2024-03-05T05:29:54Z,4,7,28,episodes/tgnn_sequences/episode_0014.json,53651.5464,0.036155665369148514,0.7403273809523809,0.35714285714285715,1,"{'candidate_operational_isl_satellites': 1706, 'inferred_plane_count': 101, 'eligible_plane_count': 78, 'selected_raan_centers_deg': [1.51353158, 6.4748174, 11.55677644, 17.75307193], 'raan_cluster_max_gap_deg': 1.0}"
15,2024-03-07T13:36:19Z,4,8,32,episodes/tgnn_sequences/episode_0015.json,39550.239712,0.03484896015943607,0.7794117647058824,0.15625,1,"{'candidate_operational_isl_satellites': 1645, 'inferred_plane_count': 104, 'eligible_plane_count': 70, 'selected_raan_centers_deg': [1.35419001, 6.72883056, 14.94485887, 22.49748876], 'raan_cluster_max_gap_deg': 1.0}"
16,2024-03-09T21:42:45Z,5,5,25,episodes/tgnn_sequences/episode_0016.json,67971.38544,0.03438661710037175,0.8191214470284238,0.2,1,"{'candidate_operational_isl_satellites': 1677, 'inferred_plane_count': 106, 'eligible_plane_count': 83, 'selected_raan_centers_deg': [6.46036937, 16.249506, 18.23736699, 21.28967887, 26.30601275], 'raan_cluster_max_gap_deg': 1.0}"
17,2024-03-12T05:49:10Z,5,6,30,episodes/tgnn_sequences/episode_0017.json,60867.557728,0.03409962039696687,0.8557833089311859,0.16666666666666666,1,"{'candidate_operational_isl_satellites': 1607, 'inferred_plane_count': 109, 'eligible_plane_count': 80, 'selected_raan_centers_deg': [120.45042368, 5.33267502, 10.11130495, 15.28628895, 21.0045883], 'raan_cluster_max_gap_deg': 1.0}"
18,2024-03-14T13:55:35Z,5,7,35,episodes/tgnn_sequences/episode_0018.json,43380.535712,0.03374814075736999,0.6440579710144928,0.2571428571428571,1,"{'candidate_operational_isl_satellites': 1699, 'inferred_plane_count': 94, 'eligible_plane_count': 71, 'selected_raan_centers_deg': [1.01879001, 6.04735, 10.91022221, 15.99209981, 20.7701157], 'raan_cluster_max_gap_deg': 1.0}"
19,2024-03-16T22:02:00Z,5,8,40,episodes/tgnn_sequences/episode_0019.json,77491.6032,0.03447009641458271,0.8208955223880597,0.175,1,"{'candidate_operational_isl_satellites': 1734, 'inferred_plane_count': 96, 'eligible_plane_count': 73, 'selected_raan_centers_deg': [2.00162498, 7.07850588, 11.9614083, 16.8953713, 19.10580015], 'raan_cluster_max_gap_deg': 1.0}"
20,2024-03-19T06:08:26Z,6,5,30,episodes/tgnn_sequences/episode_0020.json,32202.348032,0.03625578703703704,0.623249299719888,0.26666666666666666,1,"{'candidate_operational_isl_satellites': 1671, 'inferred_plane_count': 95, 'eligible_plane_count': 72, 'selected_raan_centers_deg': [3.73939043, 8.82717731, 13.68439567, 19.26766661, 24.06590811, 29.29976589], 'raan_cluster_max_gap_deg': 1.0}"
21,2024-03-21T14:14:51Z,6,6,36,episodes/tgnn_sequences/episode_0021.json,52303.036896,0.037343380527673935,0.7840269966254219,0.1388888888888889,1,"{'candidate_operational_isl_satellites': 1727, 'inferred_plane_count': 106, 'eligible_plane_count': 76, 'selected_raan_centers_deg': [179.94552193, 3.1746111, 8.10093888, 10.14773838, 16.96084186, 22.96469994], 'raan_cluster_max_gap_deg': 1.0}"
22,2024-03-23T22:21:16Z,6,7,42,episodes/tgnn_sequences/episode_0022.json,73451.867488,0.037199167680891994,0.737874097007224,0.11904761904761904,1,"{'candidate_operational_isl_satellites': 1726, 'inferred_plane_count': 96, 'eligible_plane_count': 71, 'selected_raan_centers_deg': [21.78872317, 15.07033701, 17.69153568, 22.82593807, 27.51002007, 33.99954103], 'raan_cluster_max_gap_deg': 1.0}"
23,2024-03-26T06:27:42Z,6,8,48,episodes/tgnn_sequences/episode_0023.json,60820.219104,0.03702541882738136,0.7016728624535316,0.08333333333333333,1,"{'candidate_operational_isl_satellites': 1752, 'inferred_plane_count': 106, 'eligible_plane_count': 70, 'selected_raan_centers_deg': [3.32441749, 10.00295594, 17.22508507, 22.38440254, 27.83321898, 32.2345387], 'raan_cluster_max_gap_deg': 1.0}"
24,2024-03-28T14:34:07Z,4,5,20,episodes/tgnn_sequences/episode_0024.json,33241.811008,0.03691945112628186,0.7267002518891688,0.25,1,"{'candidate_operational_isl_satellites': 1753, 'inferred_plane_count': 95, 'eligible_plane_count': 79, 'selected_raan_centers_deg': [65.94437149, 7.01683335, 11.90085236, 16.95199985], 'raan_cluster_max_gap_deg': 1.0}"
25,2024-03-30T22:40:32Z,4,6,24,episodes/tgnn_sequences/episode_0025.json,68254.055552,0.037162096413210596,0.574390243902439,0.4166666666666667,1,"{'candidate_operational_isl_satellites': 1754, 'inferred_plane_count': 111, 'eligible_plane_count': 74, 'selected_raan_centers_deg': [41.40065054, 6.02276468, 7.95571661, 11.01043994], 'raan_cluster_max_gap_deg': 1.0}"
26,2024-04-02T06:46:57Z,4,7,28,episodes/tgnn_sequences/episode_0026.json,22484.324448,0.03669856048537114,0.8192862566438877,0.10714285714285714,1,"{'candidate_operational_isl_satellites': 1732, 'inferred_plane_count': 112, 'eligible_plane_count': 66, 'selected_raan_centers_deg': [1.10061335, 4.97095387, 10.84511864, 15.79749992], 'raan_cluster_max_gap_deg': 1.0}"
27,2024-04-04T14:53:23Z,4,8,32,episodes/tgnn_sequences/episode_0027.json,41091.26048,0.03585808706221986,0.7886962106615286,0.125,1,"{'candidate_operational_isl_satellites': 1747, 'inferred_plane_count': 115, 'eligible_plane_count': 68, 'selected_raan_centers_deg': [1.08385715, 5.53474287, 10.47098014, 15.69363172], 'raan_cluster_max_gap_deg': 1.0}"
28,2024-04-06T22:59:48Z,5,5,25,episodes/tgnn_sequences/episode_0028.json,79489.627296,0.03693815635939323,0.7490740740740741,0.36,1,"{'candidate_operational_isl_satellites': 1759, 'inferred_plane_count': 117, 'eligible_plane_count': 80, 'selected_raan_centers_deg': [4.50954738, 9.4812849, 14.45645449, 19.51611777, 24.15059776], 'raan_cluster_max_gap_deg': 1.0}"
29,2024-04-09T07:06:13Z,5,6,30,episodes/tgnn_sequences/episode_0029.json,34903.43968,0.039100441501103755,0.7498197548666186,0.16666666666666666,1,"{'candidate_operational_isl_satellites': 1761, 'inferred_plane_count': 111, 'eligible_plane_count': 76, 'selected_raan_centers_deg': [239.78613487, 4.85741498, 9.8404137, 13.7535641, 19.70904305], 'raan_cluster_max_gap_deg': 1.0}"
30,2024-04-11T15:12:39Z,5,7,35,episodes/tgnn_sequences/episode_0030.json,56076.80304,0.04141101502048248,0.7599502487562189,0.11428571428571428,1,"{'candidate_operational_isl_satellites': 1773, 'inferred_plane_count': 100, 'eligible_plane_count': 71, 'selected_raan_centers_deg': [3.41208368, 9.90736246, 14.30177007, 18.97323858, 21.21547773], 'raan_cluster_max_gap_deg': 1.0}"
31,2024-04-13T23:19:04Z,5,8,40,episodes/tgnn_sequences/episode_0031.json,83880.408736,0.04309725091226761,0.7744791666666667,0.175,1,"{'candidate_operational_isl_satellites': 1786, 'inferred_plane_count': 89, 'eligible_plane_count': 71, 'selected_raan_centers_deg': [3.27425791, 7.90274996, 12.49587883, 17.07904164, 22.30655003], 'raan_cluster_max_gap_deg': 1.0}"
32,2024-04-16T07:25:29Z,6,5,30,episodes/tgnn_sequences/episode_0032.json,37663.782272,0.045550944293105654,0.7470149253731343,0.13333333333333333,1,"{'candidate_operational_isl_satellites': 1758, 'inferred_plane_count': 94, 'eligible_plane_count': 76, 'selected_raan_centers_deg': [199.71502085, 3.66137141, 8.73587145, 13.57782788, 18.40741115, 23.67127059], 'raan_cluster_max_gap_deg': 1.0}"
33,2024-04-18T15:31:54Z,6,6,36,episodes/tgnn_sequences/episode_0033.json,61994.306688,0.047046974385032074,0.7252681764004768,0.19444444444444445,1,"{'candidate_operational_isl_satellites': 1779, 'inferred_plane_count': 86, 'eligible_plane_count': 69, 'selected_raan_centers_deg': [4.17307997, 8.56979995, 13.9882, 18.81617012, 23.80699997, 29.41258686], 'raan_cluster_max_gap_deg': 1.0}"
34,2024-04-20T23:38:20Z,6,7,42,episodes/tgnn_sequences/episode_0034.json,83498.609696,0.04899421527132273,0.7774647887323943,0.11904761904761904,1,"{'candidate_operational_isl_satellites': 1788, 'inferred_plane_count': 89, 'eligible_plane_count': 70, 'selected_raan_centers_deg': [1.64440527, 6.97758994, 11.87510521, 16.96323683, 21.69456829, 27.0529851], 'raan_cluster_max_gap_deg': 1.0}"
35,2024-04-23T07:44:45Z,6,8,48,episodes/tgnn_sequences/episode_0035.json,32515.505184,0.05190441969098095,0.775377969762419,0.125,1,"{'candidate_operational_isl_satellites': 1771, 'inferred_plane_count': 89, 'eligible_plane_count': 66, 'selected_raan_centers_deg': [2.07026497, 6.80063176, 12.12418499, 17.06133482, 21.95068669, 27.73301478], 'raan_cluster_max_gap_deg': 1.0}"
36,2024-04-25T15:51:10Z,4,5,20,episodes/tgnn_sequences/episode_0036.json,61534.327744,0.05354886220032184,0.7997835497835498,0.1,1,"{'candidate_operational_isl_satellites': 1788, 'inferred_plane_count': 92, 'eligible_plane_count': 74, 'selected_raan_centers_deg': [3.18738502, 8.06192387, 12.74267563, 18.49870295], 'raan_cluster_max_gap_deg': 1.0}"
37,2024-04-27T23:57:36Z,4,6,24,episodes/tgnn_sequences/episode_0037.json,10019.212128,0.05525127229400844,0.6959578207381371,0.4583333333333333,1,"{'candidate_operational_isl_satellites': 1787, 'inferred_plane_count': 101, 'eligible_plane_count': 77, 'selected_raan_centers_deg': [198.67049797, 5.63910908, 10.14097495, 12.30743334], 'raan_cluster_max_gap_deg': 1.0}"
38,2024-04-30T08:04:01Z,4,7,28,episodes/tgnn_sequences/episode_0038.json,39367.051072,0.0566302163049291,0.758955223880597,0.2857142857142857,1,"{'candidate_operational_isl_satellites': 1787, 'inferred_plane_count': 109, 'eligible_plane_count': 74, 'selected_raan_centers_deg': [0.96782857, 2.91048747, 5.90059547, 10.78105561], 'raan_cluster_max_gap_deg': 1.0}"
39,2024-05-02T16:10:26Z,4,8,32,episodes/tgnn_sequences/episode_0039.json,63299.280992,0.05765760763956361,0.8458574181117534,0.125,1,"{'candidate_operational_isl_satellites': 1783, 'inferred_plane_count': 97, 'eligible_plane_count': 66, 'selected_raan_centers_deg': [1.09813572, 10.23852634, 19.89281881, 30.14991048], 'raan_cluster_max_gap_deg': 1.0}"
40,2024-05-05T00:16:51Z,5,5,25,episodes/tgnn_sequences/episode_0040.json,51543.084576,0.060142405508597806,0.7251461988304093,0.28,1,"{'candidate_operational_isl_satellites': 1716, 'inferred_plane_count': 103, 'eligible_plane_count': 73, 'selected_raan_centers_deg': [3.67973995, 8.62531114, 18.64728324, 21.06865719, 30.22752641], 'raan_cluster_max_gap_deg': 1.0}"
41,2024-05-07T08:23:17Z,5,6,30,episodes/tgnn_sequences/episode_0041.json,39149.628032,0.060150234388237286,0.7889705882352941,0.16666666666666666,1,"{'candidate_operational_isl_satellites': 1772, 'inferred_plane_count': 108, 'eligible_plane_count': 72, 'selected_raan_centers_deg': [307.55596773, 9.50649467, 19.4283369, 23.89721107, 29.35951932], 'raan_cluster_max_gap_deg': 1.0}"
42,2024-05-09T16:29:42Z,5,7,35,episodes/tgnn_sequences/episode_0042.json,65465.759232,0.060234994999111995,0.7583429228998849,0.14285714285714285,1,"{'candidate_operational_isl_satellites': 1788, 'inferred_plane_count': 93, 'eligible_plane_count': 70, 'selected_raan_centers_deg': [264.48753992, 8.60778471, 10.63724273, 13.68384993, 19.18954], 'raan_cluster_max_gap_deg': 1.0}"
43,2024-05-12T00:36:07Z,5,8,40,episodes/tgnn_sequences/episode_0043.json,32223.196096,0.060625321306725245,0.6700507614213198,0.2,1,"{'candidate_operational_isl_satellites': 1789, 'inferred_plane_count': 96, 'eligible_plane_count': 68, 'selected_raan_centers_deg': [2.14161, 7.22044003, 12.31337506, 16.79886215, 22.13291083], 'raan_cluster_max_gap_deg': 1.0}"
44,2024-05-14T08:42:33Z,6,5,30,episodes/tgnn_sequences/episode_0044.json,84948.08208,0.060023134865335045,0.7298899237933955,0.3,1,"{'candidate_operational_isl_satellites': 1752, 'inferred_plane_count': 110, 'eligible_plane_count': 76, 'selected_raan_centers_deg': [1.50704, 11.44048235, 19.93395011, 22.64307995, 25.69504302, 27.54293989], 'raan_cluster_max_gap_deg': 1.0}"
45,2024-05-16T16:48:58Z,6,6,36,episodes/tgnn_sequences/episode_0045.json,63616.29376,0.05943015858794015,0.7298636926889716,0.19444444444444445,1,"{'candidate_operational_isl_satellites': 1792, 'inferred_plane_count': 106, 'eligible_plane_count': 78, 'selected_raan_centers_deg': [154.70257155, 7.13453808, 11.01944256, 12.87307501, 16.89814985, 20.88999987], 'raan_cluster_max_gap_deg': 1.0}"
46,2024-05-19T00:55:23Z,6,7,42,episodes/tgnn_sequences/episode_0046.json,14098.981664,0.05889631930914644,0.7637837837837838,0.11904761904761904,1,"{'candidate_operational_isl_satellites': 1794, 'inferred_plane_count': 103, 'eligible_plane_count': 70, 'selected_raan_centers_deg': [0.87666087, 5.85234501, 11.2765976, 15.74145002, 20.78681074, 25.68162647], 'raan_cluster_max_gap_deg': 1.0}"
47,2024-05-21T09:01:48Z,6,8,48,episodes/tgnn_sequences/episode_0047.json,45945.169056,0.058873953887077245,0.6835383159886471,0.25,1,"{'candidate_operational_isl_satellites': 1786, 'inferred_plane_count': 89, 'eligible_plane_count': 63, 'selected_raan_centers_deg': [1.88418251, 6.64156192, 11.58044641, 16.52528411, 21.53484992, 29.07266769], 'raan_cluster_max_gap_deg': 1.0}"
48,2024-05-23T17:08:14Z,4,5,20,episodes/tgnn_sequences/episode_0048.json,72381.175424,0.05960779410976764,0.6956989247311828,0.3,1,"{'candidate_operational_isl_satellites': 1785, 'inferred_plane_count': 92, 'eligible_plane_count': 72, 'selected_raan_centers_deg': [2.83884287, 7.66049441, 15.80369401, 23.23090672], 'raan_cluster_max_gap_deg': 1.0}"
49,2024-05-26T01:14:39Z,4,6,24,episodes/tgnn_sequences/episode_0049.json,62663.94816,0.05994797169518161,0.8449955713020372,0.2916666666666667,1,"{'candidate_operational_isl_satellites': 1789, 'inferred_plane_count': 104, 'eligible_plane_count': 70, 'selected_raan_centers_deg': [126.77809685, 9.99672094, 14.36540001, 19.18054989], 'raan_cluster_max_gap_deg': 1.0}"
50,2024-05-28T09:21:04Z,4,7,28,episodes/tgnn_sequences/episode_0050.json,46233.646528,0.06039982230119947,0.8700906344410876,0.14285714285714285,1,"{'candidate_operational_isl_satellites': 1740, 'inferred_plane_count': 103, 'eligible_plane_count': 68, 'selected_raan_centers_deg': [247.741245, 4.3075381, 8.74342864, 10.41158888], 'raan_cluster_max_gap_deg': 1.0}"
51,2024-05-30T17:27:29Z,4,8,32,episodes/tgnn_sequences/episode_0051.json,77356.547552,0.061454476664054264,0.7830006439150032,0.1875,1,"{'candidate_operational_isl_satellites': 1794, 'inferred_plane_count': 86, 'eligible_plane_count': 67, 'selected_raan_centers_deg': [207.4495566, 3.45644615, 7.34850007, 11.26837652], 'raan_cluster_max_gap_deg': 1.0}"
52,2024-06-02T01:33:55Z,5,5,25,episodes/tgnn_sequences/episode_0052.json,61791.713344,0.06301280836199193,0.7250229147571036,0.36,1,"{'candidate_operational_isl_satellites': 1785, 'inferred_plane_count': 120, 'eligible_plane_count': 82, 'selected_raan_centers_deg': [3.20424736, 8.28111054, 13.76177898, 18.15376674, 23.11787078], 'raan_cluster_max_gap_deg': 1.0}"
53,2024-06-04T09:40:20Z,5,6,30,episodes/tgnn_sequences/episode_0053.json,47570.67008,0.06343939626180022,0.6979591836734694,0.23333333333333334,1,"{'candidate_operational_isl_satellites': 1773, 'inferred_plane_count': 109, 'eligible_plane_count': 73, 'selected_raan_centers_deg': [3.05819996, 7.41476158, 8.86769994, 12.17304999, 16.16433337], 'raan_cluster_max_gap_deg': 1.0}"
54,2024-06-06T17:46:45Z,5,7,35,episodes/tgnn_sequences/episode_0054.json,76349.098464,0.0640614586523047,0.8783204798628963,0.08571428571428572,1,"{'candidate_operational_isl_satellites': 1769, 'inferred_plane_count': 108, 'eligible_plane_count': 74, 'selected_raan_centers_deg': [4.8452, 8.30042503, 13.76450001, 18.30882009, 20.19791222], 'raan_cluster_max_gap_deg': 1.0}"
55,2024-06-09T01:53:11Z,5,8,40,episodes/tgnn_sequences/episode_0055.json,40821.209888,0.06472835897482888,0.7232663642255347,0.25,1,"{'candidate_operational_isl_satellites': 1787, 'inferred_plane_count': 107, 'eligible_plane_count': 69, 'selected_raan_centers_deg': [1.61336818, 6.47058181, 13.88611544, 22.65722708, 26.33673795], 'raan_cluster_max_gap_deg': 1.0}"
56,2024-06-11T09:59:36Z,6,5,30,episodes/tgnn_sequences/episode_0056.json,48943.427808,0.06430947733084051,0.7450980392156863,0.13333333333333333,1,"{'candidate_operational_isl_satellites': 1787, 'inferred_plane_count': 107, 'eligible_plane_count': 84, 'selected_raan_centers_deg': [8.74483311, 20.62500267, 25.89945844, 31.42001397, 35.73171336, 37.356884], 'raan_cluster_max_gap_deg': 1.0}"
57,2024-06-13T18:06:01Z,6,6,36,episodes/tgnn_sequences/episode_0057.json,75733.401664,0.06425261904318863,0.771076523994812,0.1111111111111111,1,"{'candidate_operational_isl_satellites': 1822, 'inferred_plane_count': 94, 'eligible_plane_count': 77, 'selected_raan_centers_deg': [2.60181896, 6.85512375, 8.72928895, 12.05580739, 16.7746, 21.9382712], 'raan_cluster_max_gap_deg': 1.0}"
58,2024-06-16T02:12:26Z,6,7,42,episodes/tgnn_sequences/episode_0058.json,25263.50192,0.0651879235982748,0.6754176610978521,0.23809523809523808,1,"{'candidate_operational_isl_satellites': 1825, 'inferred_plane_count': 104, 'eligible_plane_count': 75, 'selected_raan_centers_deg': [184.35601493, 4.5996429, 10.34574286, 15.46594279, 18.09331238, 20.40848999], 'raan_cluster_max_gap_deg': 1.0}"
59,2024-06-18T10:18:52Z,6,8,48,episodes/tgnn_sequences/episode_0059.json,52573.044256,0.06618100034224808,0.6773784355179704,0.22916666666666666,1,"{'candidate_operational_isl_satellites': 1821, 'inferred_plane_count': 98, 'eligible_plane_count': 70, 'selected_raan_centers_deg': [103.5506481, 4.75850006, 6.73212938, 9.89859639, 14.64357501, 16.51713318], 'raan_cluster_max_gap_deg': 1.0}"
60,2024-06-20T18:25:17Z,4,5,20,episodes/tgnn_sequences/episode_0060.json,46181.206976,0.06737681033567797,0.8389923329682366,0.35,1,"{'candidate_operational_isl_satellites': 1827, 'inferred_plane_count': 101, 'eligible_plane_count': 80, 'selected_raan_centers_deg': [0.8696375, 4.68715196, 9.27091547, 10.80035003], 'raan_cluster_max_gap_deg': 1.0}"
61,2024-06-23T02:31:42Z,4,6,24,episodes/tgnn_sequences/episode_0061.json,28618.387104,0.06857470495484734,0.7648114901256733,0.16666666666666666,1,"{'candidate_operational_isl_satellites': 1823, 'inferred_plane_count': 93, 'eligible_plane_count': 69, 'selected_raan_centers_deg': [4.11961995, 9.10042632, 14.11713675, 19.06738432], 'raan_cluster_max_gap_deg': 1.0}"
62,2024-06-25T10:38:08Z,4,7,28,episodes/tgnn_sequences/episode_0062.json,60500.067104,0.07035311592735129,0.779622641509434,0.21428571428571427,1,"{'candidate_operational_isl_satellites': 1789, 'inferred_plane_count': 91, 'eligible_plane_count': 70, 'selected_raan_centers_deg': [0.42989474, 5.36811575, 10.26706664, 16.20099503], 'raan_cluster_max_gap_deg': 1.0}"
63,2024-06-27T18:44:33Z,4,8,32,episodes/tgnn_sequences/episode_0063.json,48698.901216,0.07216627936999742,0.7483574244415243,0.15625,1,"{'candidate_operational_isl_satellites': 1770, 'inferred_plane_count': 120, 'eligible_plane_count': 72, 'selected_raan_centers_deg': [3.40916997, 9.27528655, 14.33792514, 19.27622326], 'raan_cluster_max_gap_deg': 1.0}"
64,2024-06-30T02:50:58Z,5,5,25,episodes/tgnn_sequences/episode_0064.json,29351.631904,0.07409622020075282,0.7486800422386484,0.24,1,"{'candidate_operational_isl_satellites': 1848, 'inferred_plane_count': 92, 'eligible_plane_count': 77, 'selected_raan_centers_deg': [2.74679523, 7.77509569, 12.726125, 14.2112601, 17.77959646], 'raan_cluster_max_gap_deg': 1.0}"
65,2024-07-02T10:57:23Z,5,6,30,episodes/tgnn_sequences/episode_0065.json,57726.953312,0.07630208333333334,0.7080459770114943,0.26666666666666666,1,"{'candidate_operational_isl_satellites': 1836, 'inferred_plane_count': 108, 'eligible_plane_count': 80, 'selected_raan_centers_deg': [3.45818568, 8.01005716, 11.93775454, 13.58525562, 16.81623332], 'raan_cluster_max_gap_deg': 1.0}"
66,2024-07-04T19:03:49Z,5,7,35,episodes/tgnn_sequences/episode_0066.json,73720.494112,0.07874966460960559,0.7214484679665738,0.2,1,"{'candidate_operational_isl_satellites': 1877, 'inferred_plane_count': 105, 'eligible_plane_count': 76, 'selected_raan_centers_deg': [1.46510557, 6.23543081, 12.47701732, 16.20459366, 18.35607481], 'raan_cluster_max_gap_deg': 1.0}"
67,2024-07-07T03:10:14Z,5,8,40,episodes/tgnn_sequences/episode_0067.json,33547.323872,0.08393265239494427,0.7418617932609937,0.125,1,"{'candidate_operational_isl_satellites': 1875, 'inferred_plane_count': 97, 'eligible_plane_count': 65, 'selected_raan_centers_deg': [0.96222857, 6.34772506, 11.02916021, 16.21737494, 20.47461867], 'raan_cluster_max_gap_deg': 1.0}"
68,2024-07-09T11:16:39Z,6,5,30,episodes/tgnn_sequences/episode_0068.json,61569.151776,0.08691218024289377,0.8320079522862823,0.13333333333333333,1,"{'candidate_operational_isl_satellites': 1862, 'inferred_plane_count': 101, 'eligible_plane_count': 82, 'selected_raan_centers_deg': [180.2350183, 5.13456249, 9.73072728, 17.48086129, 22.24259351, 26.75796484], 'raan_cluster_max_gap_deg': 1.0}"
69,2024-07-11T19:23:05Z,6,6,36,episodes/tgnn_sequences/episode_0069.json,81447.74288,0.09138106166058463,0.6978354978354978,0.16666666666666666,1,"{'candidate_operational_isl_satellites': 1852, 'inferred_plane_count': 97, 'eligible_plane_count': 75, 'selected_raan_centers_deg': [311.19542843, 4.73213999, 9.06330655, 17.89220991, 30.45387497, 35.08638039], 'raan_cluster_max_gap_deg': 1.0}"
70,2024-07-14T03:29:30Z,6,7,42,episodes/tgnn_sequences/episode_0070.json,34072.060416,0.09727339719970524,0.8228051391862955,0.14285714285714285,1,"{'candidate_operational_isl_satellites': 1880, 'inferred_plane_count': 86, 'eligible_plane_count': 67, 'selected_raan_centers_deg': [170.45689907, 6.76929589, 14.71174441, 19.68034987, 24.69381485, 28.17525005], 'raan_cluster_max_gap_deg': 1.0}"
71,2024-07-16T11:35:55Z,6,8,48,episodes/tgnn_sequences/episode_0071.json,66528.6448,0.10035092208433097,0.7432363450740174,0.125,1,"{'candidate_operational_isl_satellites': 1883, 'inferred_plane_count': 99, 'eligible_plane_count': 67, 'selected_raan_centers_deg': [285.87301321, 9.8503952, 16.07972021, 19.86231725, 24.78299459, 29.03008885], 'raan_cluster_max_gap_deg': 1.0}"
72,2024-07-18T19:42:20Z,4,5,20,episodes/tgnn_sequences/episode_0072.json,9645.756032,0.10407036754476506,0.7302325581395349,0.45,1,"{'candidate_operational_isl_satellites': 1884, 'inferred_plane_count': 95, 'eligible_plane_count': 78, 'selected_raan_centers_deg': [2.85475998, 7.53367, 12.65906111, 17.61026684], 'raan_cluster_max_gap_deg': 1.0}"
73,2024-07-21T03:48:46Z,4,6,24,episodes/tgnn_sequences/episode_0073.json,38551.92544,0.10827425688040794,0.7360861759425493,0.25,1,"{'candidate_operational_isl_satellites': 1883, 'inferred_plane_count': 101, 'eligible_plane_count': 82, 'selected_raan_centers_deg': [3.79346247, 8.42233328, 13.68948338, 18.61271667], 'raan_cluster_max_gap_deg': 1.0}"
74,2024-07-23T11:55:11Z,4,7,28,episodes/tgnn_sequences/episode_0074.json,86368.478048,0.11047375114502458,0.720510095642933,0.14285714285714285,1,"{'candidate_operational_isl_satellites': 1636, 'inferred_plane_count': 105, 'eligible_plane_count': 58, 'selected_raan_centers_deg': [12.15540006, 21.1232714, 23.45717709, 32.92408991], 'raan_cluster_max_gap_deg': 1.0}"
75,2024-07-25T20:01:36Z,4,8,32,episodes/tgnn_sequences/episode_0075.json,83299.507872,0.11218935121768986,0.8107202680067002,0.125,1,"{'candidate_operational_isl_satellites': 1785, 'inferred_plane_count': 99, 'eligible_plane_count': 74, 'selected_raan_centers_deg': [2.70081995, 12.60320988, 22.62331879, 26.49017509], 'raan_cluster_max_gap_deg': 1.0}"
76,2024-07-28T04:08:02Z,5,5,25,episodes/tgnn_sequences/episode_0076.json,83389.385984,0.1133026251991411,0.6732804232804233,0.2,1,"{'candidate_operational_isl_satellites': 1843, 'inferred_plane_count': 100, 'eligible_plane_count': 74, 'selected_raan_centers_deg': [1.42476872, 6.827025, 11.13815333, 13.52498341, 23.1045621], 'raan_cluster_max_gap_deg': 1.0}"
77,2024-07-30T12:14:27Z,5,6,30,episodes/tgnn_sequences/episode_0077.json,67025.129376,0.11492077273713913,0.8055555555555556,0.13333333333333333,1,"{'candidate_operational_isl_satellites': 1874, 'inferred_plane_count': 97, 'eligible_plane_count': 77, 'selected_raan_centers_deg': [17.96429956, 11.25506435, 20.87515711, 25.15624449, 26.47516994], 'raan_cluster_max_gap_deg': 1.0}"
78,2024-08-01T20:20:52Z,5,7,35,episodes/tgnn_sequences/episode_0078.json,82816.802272,0.11641519022834411,0.7659963436928702,0.08571428571428572,1,"{'candidate_operational_isl_satellites': 1913, 'inferred_plane_count': 93, 'eligible_plane_count': 76, 'selected_raan_centers_deg': [240.85593289, 5.35454119, 10.64141767, 15.59665499, 20.88561473], 'raan_cluster_max_gap_deg': 1.0}"
79,2024-08-04T04:27:17Z,5,8,40,episodes/tgnn_sequences/episode_0079.json,44730.960992,0.11938834841923474,0.6978309648466716,0.125,1,"{'candidate_operational_isl_satellites': 1924, 'inferred_plane_count': 93, 'eligible_plane_count': 61, 'selected_raan_centers_deg': [123.94050129, 4.98171499, 9.67278417, 14.24063766, 15.87695714], 'raan_cluster_max_gap_deg': 1.0}"
80,2024-08-06T12:33:43Z,6,5,30,episodes/tgnn_sequences/episode_0080.json,73570.277536,0.12119231272061708,0.69,0.4,1,"{'candidate_operational_isl_satellites': 1948, 'inferred_plane_count': 97, 'eligible_plane_count': 76, 'selected_raan_centers_deg': [152.06534709, 5.90186501, 10.78622999, 16.0850999, 19.62172318, 22.16657121], 'raan_cluster_max_gap_deg': 1.0}"
81,2024-08-08T20:40:08Z,6,6,36,episodes/tgnn_sequences/episode_0081.json,22500.035168,0.1245830148029745,0.6911262798634812,0.1388888888888889,1,"{'candidate_operational_isl_satellites': 1842, 'inferred_plane_count': 89, 'eligible_plane_count': 71, 'selected_raan_centers_deg': [3.90455216, 8.73646507, 14.21615437, 18.71100285, 23.82615551, 28.83895493], 'raan_cluster_max_gap_deg': 1.0}"
82,2024-08-11T04:46:33Z,6,7,42,episodes/tgnn_sequences/episode_0082.json,46552.096704,0.1279671436866013,0.758273381294964,0.16666666666666666,1,"{'candidate_operational_isl_satellites': 1897, 'inferred_plane_count': 98, 'eligible_plane_count': 71, 'selected_raan_centers_deg': [71.15787867, 14.09978089, 19.02599053, 24.46709994, 29.39922864, 34.44850858], 'raan_cluster_max_gap_deg': 1.0}"
83,2024-08-13T12:52:59Z,6,8,48,episodes/tgnn_sequences/episode_0083.json,56058.313376,0.1314341430327695,0.7623637887678122,0.16666666666666666,1,"{'candidate_operational_isl_satellites': 1973, 'inferred_plane_count': 90, 'eligible_plane_count': 63, 'selected_raan_centers_deg': [2.83634042, 8.0421818, 13.40650001, 17.69502001, 22.72182685, 27.32711186], 'raan_cluster_max_gap_deg': 1.0}"
84,2024-08-15T20:59:24Z,4,5,20,episodes/tgnn_sequences/episode_0084.json,20848.086144,0.13444921698728127,0.8143982002249719,0.25,1,"{'candidate_operational_isl_satellites': 1912, 'inferred_plane_count': 110, 'eligible_plane_count': 87, 'selected_raan_centers_deg': [2.39226111, 7.25908667, 12.41805708, 17.20887143], 'raan_cluster_max_gap_deg': 1.0}"
85,2024-08-18T05:05:49Z,4,6,24,episodes/tgnn_sequences/episode_0085.json,76058.38096,0.13874563159501918,0.8126361655773421,0.20833333333333334,1,"{'candidate_operational_isl_satellites': 1861, 'inferred_plane_count': 93, 'eligible_plane_count': 76, 'selected_raan_centers_deg': [224.96474826, 3.92817222, 7.68862506, 10.08119098], 'raan_cluster_max_gap_deg': 1.0}"
86,2024-08-20T13:12:14Z,4,7,28,episodes/tgnn_sequences/episode_0086.json,71854.73168,0.1429732829000291,0.6869158878504673,0.32142857142857145,1,"{'candidate_operational_isl_satellites': 1971, 'inferred_plane_count': 89, 'eligible_plane_count': 66, 'selected_raan_centers_deg': [210.6175094, 3.42290623, 5.69706668, 8.00554008], 'raan_cluster_max_gap_deg': 1.0}"
87,2024-08-22T21:18:40Z,4,8,32,episodes/tgnn_sequences/episode_0087.json,26309.426656,0.14553296992545045,0.7652509652509653,0.15625,1,"{'candidate_operational_isl_satellites': 2008, 'inferred_plane_count': 90, 'eligible_plane_count': 62, 'selected_raan_centers_deg': [1.21729231, 6.05046842, 11.02429465, 15.88654003], 'raan_cluster_max_gap_deg': 1.0}"
88,2024-08-25T05:25:05Z,5,5,25,episodes/tgnn_sequences/episode_0088.json,51397.531328,0.14946357429785265,0.7255244755244755,0.16,1,"{'candidate_operational_isl_satellites': 1999, 'inferred_plane_count': 94, 'eligible_plane_count': 77, 'selected_raan_centers_deg': [33.07470802, 2.2048111, 5.2949667, 6.91707273, 10.26711671], 'raan_cluster_max_gap_deg': 1.0}"
89,2024-08-27T13:31:30Z,5,6,30,episodes/tgnn_sequences/episode_0089.json,82319.963616,0.1530878801320913,0.7483221476510067,0.2,1,"{'candidate_operational_isl_satellites': 1981, 'inferred_plane_count': 109, 'eligible_plane_count': 88, 'selected_raan_centers_deg': [1.39063573, 3.31008885, 9.00498054, 18.35106769, 22.72059978], 'raan_cluster_max_gap_deg': 1.0}"
90,2024-08-29T21:37:56Z,5,7,35,episodes/tgnn_sequences/episode_0090.json,75045.880736,0.1581954912017415,0.761744966442953,0.17142857142857143,1,"{'candidate_operational_isl_satellites': 1923, 'inferred_plane_count': 117, 'eligible_plane_count': 77, 'selected_raan_centers_deg': [313.74756882, 5.80565, 9.71604678, 11.77662728, 16.08848912], 'raan_cluster_max_gap_deg': 1.0}"
91,2024-09-01T05:44:21Z,5,8,40,episodes/tgnn_sequences/episode_0091.json,54438.368928,0.16548544461086612,0.6782720825274017,0.475,1,"{'candidate_operational_isl_satellites': 1990, 'inferred_plane_count': 104, 'eligible_plane_count': 73, 'selected_raan_centers_deg': [0.65833572, 6.99095054, 14.35519653, 22.62002742, 28.5770401], 'raan_cluster_max_gap_deg': 1.0}"
92,2024-09-03T13:50:46Z,6,5,30,episodes/tgnn_sequences/episode_0092.json,85160.4664,0.16813718986334086,0.8254847645429363,0.06666666666666667,1,"{'candidate_operational_isl_satellites': 2022, 'inferred_plane_count': 97, 'eligible_plane_count': 79, 'selected_raan_centers_deg': [2.94955256, 6.82002851, 12.039504, 16.11734546, 21.65173863, 27.1204477], 'raan_cluster_max_gap_deg': 1.0}"
93,2024-09-05T21:57:11Z,6,6,36,episodes/tgnn_sequences/episode_0093.json,51545.921024,0.17126197417742609,0.8096551724137931,0.1111111111111111,1,"{'candidate_operational_isl_satellites': 1996, 'inferred_plane_count': 82, 'eligible_plane_count': 66, 'selected_raan_centers_deg': [131.35342508, 8.46122999, 13.53853682, 18.25268641, 23.26444006, 28.14092484], 'raan_cluster_max_gap_deg': 1.0}"
94,2024-09-08T06:03:37Z,6,7,42,episodes/tgnn_sequences/episode_0094.json,57037.394944,0.17253344102593687,0.6178901312591152,0.21428571428571427,1,"{'candidate_operational_isl_satellites': 2043, 'inferred_plane_count': 95, 'eligible_plane_count': 69, 'selected_raan_centers_deg': [4.2567941, 7.60424004, 9.18101538, 14.15577861, 17.48830015, 19.09063339], 'raan_cluster_max_gap_deg': 1.0}"
95,2024-09-10T14:10:02Z,6,8,48,episodes/tgnn_sequences/episode_0095.json,85817.848544,0.17321419780436173,0.8026039479210416,0.125,1,"{'candidate_operational_isl_satellites': 2035, 'inferred_plane_count': 100, 'eligible_plane_count': 64, 'selected_raan_centers_deg': [1.32934443, 6.33295006, 11.31723504, 16.13744105, 21.14074298, 26.95889534], 'raan_cluster_max_gap_deg': 1.0}"
96,2024-09-12T22:16:27Z,4,5,20,episodes/tgnn_sequences/episode_0096.json,32765.493408,0.1738105319087113,0.7348066298342542,0.25,1,"{'candidate_operational_isl_satellites': 2052, 'inferred_plane_count': 91, 'eligible_plane_count': 75, 'selected_raan_centers_deg': [1.99646842, 6.2561561, 11.82989502, 16.7361349], 'raan_cluster_max_gap_deg': 1.0}"
97,2024-09-15T06:22:53Z,4,6,24,episodes/tgnn_sequences/episode_0097.json,60394.963712,0.17484280958945564,0.7579185520361991,0.2916666666666667,1,"{'candidate_operational_isl_satellites': 2050, 'inferred_plane_count': 78, 'eligible_plane_count': 63, 'selected_raan_centers_deg': [1.94787618, 6.85479137, 11.74695714, 19.2053069], 'raan_cluster_max_gap_deg': 1.0}"
98,2024-09-17T14:29:18Z,4,7,28,episodes/tgnn_sequences/episode_0098.json,6499.164,0.1717923185173603,0.7938053097345132,0.17857142857142858,1,"{'candidate_operational_isl_satellites': 2052, 'inferred_plane_count': 92, 'eligible_plane_count': 71, 'selected_raan_centers_deg': [323.73693324, 4.3736257, 6.70557505, 9.94610006], 'raan_cluster_max_gap_deg': 1.0}"
99,2024-09-19T22:35:43Z,4,8,32,episodes/tgnn_sequences/episode_0099.json,35325.239392,0.17117109763364324,0.8704626334519573,0.125,1,"{'candidate_operational_isl_satellites': 2033, 'inferred_plane_count': 76, 'eligible_plane_count': 59, 'selected_raan_centers_deg': [0.81571154, 6.52275557, 10.65464005, 15.5847052], 'raan_cluster_max_gap_deg': 1.0}"
100,2024-09-22T06:42:08Z,5,5,25,episodes/tgnn_sequences/episode_0100.json,69552.222848,0.17116745574819775,0.7586685159500693,0.16,1,"{'candidate_operational_isl_satellites': 2014, 'inferred_plane_count': 97, 'eligible_plane_count': 75, 'selected_raan_centers_deg': [343.18990694, 1.89858572, 6.87136251, 13.30386484, 22.0682327], 'raan_cluster_max_gap_deg': 1.0}"
101,2024-09-24T14:48:34Z,5,6,30,episodes/tgnn_sequences/episode_0101.json,64355.10784,0.1696401348155351,0.7351421188630491,0.13333333333333333,1,"{'candidate_operational_isl_satellites': 2053, 'inferred_plane_count': 90, 'eligible_plane_count': 67, 'selected_raan_centers_deg': [350.9270645, 2.76290332, 9.11697077, 13.16551336, 18.87721493], 'raan_cluster_max_gap_deg': 1.0}"
102,2024-09-26T22:54:59Z,5,7,35,episodes/tgnn_sequences/episode_0102.json,47098.441184,0.16646996147856732,0.7572815533980582,0.14285714285714285,1,"{'candidate_operational_isl_satellites': 2006, 'inferred_plane_count': 82, 'eligible_plane_count': 60, 'selected_raan_centers_deg': [204.33765918, 3.97960912, 13.55011939, 21.85386612, 29.13485227], 'raan_cluster_max_gap_deg': 1.0}"
103,2024-09-29T07:01:24Z,5,8,40,episodes/tgnn_sequences/episode_0103.json,68298.474144,0.16046264719130043,0.7973684210526316,0.1,1,"{'candidate_operational_isl_satellites': 2051, 'inferred_plane_count': 100, 'eligible_plane_count': 67, 'selected_raan_centers_deg': [51.65777215, 14.04113754, 19.04192514, 24.15022729, 29.15729996], 'raan_cluster_max_gap_deg': 1.0}"
104,2024-10-01T15:07:50Z,6,5,30,episodes/tgnn_sequences/episode_0104.json,17171.354144,0.15508437211912302,0.6317590691307323,0.4,1,"{'candidate_operational_isl_satellites': 2059, 'inferred_plane_count': 92, 'eligible_plane_count': 74, 'selected_raan_centers_deg': [2.13570525, 7.01450005, 12.0952524, 16.779576, 22.08796997, 26.93386011], 'raan_cluster_max_gap_deg': 1.0}"
105,2024-10-03T23:14:15Z,6,6,36,episodes/tgnn_sequences/episode_0105.json,38582.739648,0.1519508858780615,0.6821529745042493,0.3333333333333333,1,"{'candidate_operational_isl_satellites': 2072, 'inferred_plane_count': 96, 'eligible_plane_count': 74, 'selected_raan_centers_deg': [3.61654401, 8.11922508, 13.01375002, 17.8790349, 22.91478666, 27.54668893], 'raan_cluster_max_gap_deg': 1.0}"
106,2024-10-06T07:20:40Z,6,7,42,episodes/tgnn_sequences/episode_0106.json,69072.326944,0.1465533202920601,0.791405118300338,0.11904761904761904,1,"{'candidate_operational_isl_satellites': 2054, 'inferred_plane_count': 96, 'eligible_plane_count': 74, 'selected_raan_centers_deg': [2.32038885, 4.22958183, 7.21992217, 9.13834546, 13.36581338, 17.9874367], 'raan_cluster_max_gap_deg': 1.0}"
107,2024-10-08T15:27:05Z,6,8,48,episodes/tgnn_sequences/episode_0107.json,20189.297984,0.14341338363684733,0.720508166969147,0.10416666666666667,1,"{'candidate_operational_isl_satellites': 2071, 'inferred_plane_count': 95, 'eligible_plane_count': 72, 'selected_raan_centers_deg': [0.96351333, 5.67684743, 10.66076357, 15.12905602, 25.68119996, 35.3014685], 'raan_cluster_max_gap_deg': 1.0}"
108,2024-10-10T23:33:31Z,4,5,20,episodes/tgnn_sequences/episode_0108.json,41423.889568,0.13973042154035575,0.8734177215189873,0.1,1,"{'candidate_operational_isl_satellites': 2072, 'inferred_plane_count': 99, 'eligible_plane_count': 81, 'selected_raan_centers_deg': [4.30603336, 14.88298329, 16.78238307, 27.32182086], 'raan_cluster_max_gap_deg': 1.0}"
109,2024-10-13T07:39:56Z,4,6,24,episodes/tgnn_sequences/episode_0109.json,72429.2624,0.13434572875615022,0.7571942446043165,0.125,1,"{'candidate_operational_isl_satellites': 2050, 'inferred_plane_count': 80, 'eligible_plane_count': 71, 'selected_raan_centers_deg': [2.59366669, 7.65783099, 18.03714176, 22.36736679], 'raan_cluster_max_gap_deg': 1.0}"
110,2024-10-15T15:46:21Z,4,7,28,episodes/tgnn_sequences/episode_0110.json,16960.628448,0.13110604296066253,0.687374749498998,0.14285714285714285,1,"{'candidate_operational_isl_satellites': 1879, 'inferred_plane_count': 97, 'eligible_plane_count': 69, 'selected_raan_centers_deg': [4.801693, 14.70279696, 19.08837785, 24.15566006], 'raan_cluster_max_gap_deg': 1.0}"
111,2024-10-17T23:52:47Z,4,8,32,episodes/tgnn_sequences/episode_0111.json,45739.706912,0.12873946013011076,0.7357293868921776,0.21875,1,"{'candidate_operational_isl_satellites': 2016, 'inferred_plane_count': 95, 'eligible_plane_count': 65, 'selected_raan_centers_deg': [5.78443331, 10.40514994, 15.36372504, 20.71670969], 'raan_cluster_max_gap_deg': 1.0}"
112,2024-10-20T07:59:12Z,5,5,25,episodes/tgnn_sequences/episode_0112.json,75351.483168,0.12140439932318105,0.7277397260273972,0.2,1,"{'candidate_operational_isl_satellites': 2040, 'inferred_plane_count': 90, 'eligible_plane_count': 75, 'selected_raan_centers_deg': [2.8329611, 6.35508571, 8.71690001, 11.95456561, 15.93762634], 'raan_cluster_max_gap_deg': 1.0}"
113,2024-10-22T16:05:37Z,5,6,30,episodes/tgnn_sequences/episode_0113.json,21104.402656,0.11830992831189237,0.6940350877192982,0.2,1,"{'candidate_operational_isl_satellites': 1948, 'inferred_plane_count': 89, 'eligible_plane_count': 72, 'selected_raan_centers_deg': [2.86664764, 5.35921329, 7.83032498, 12.61030507, 17.79435546], 'raan_cluster_max_gap_deg': 1.0}"
114,2024-10-25T00:12:02Z,5,7,35,episodes/tgnn_sequences/episode_0114.json,51362.698016,0.11483853006681514,0.7444852941176471,0.11428571428571428,1,"{'candidate_operational_isl_satellites': 2105, 'inferred_plane_count': 101, 'eligible_plane_count': 73, 'selected_raan_centers_deg': [3.86786504, 6.84935713, 8.84599092, 16.97164931, 24.18537442], 'raan_cluster_max_gap_deg': 1.0}"
115,2024-10-27T08:18:28Z,5,8,40,episodes/tgnn_sequences/episode_0115.json,73305.896608,0.11379236906341639,0.8285391990975748,0.15,1,"{'candidate_operational_isl_satellites': 2089, 'inferred_plane_count': 91, 'eligible_plane_count': 66, 'selected_raan_centers_deg': [6.07260129, 15.76639345, 23.21082263, 28.58568081, 34.08681507], 'raan_cluster_max_gap_deg': 1.0}"
116,2024-10-29T16:24:53Z,6,5,30,episodes/tgnn_sequences/episode_0116.json,24024.28976,0.11203404061070943,0.8074712643678161,0.16666666666666666,1,"{'candidate_operational_isl_satellites': 2104, 'inferred_plane_count': 96, 'eligible_plane_count': 78, 'selected_raan_centers_deg': [4.09311648, 11.58889053, 16.63110779, 21.65041108, 26.7669578, 31.29255717], 'raan_cluster_max_gap_deg': 1.0}"
117,2024-11-01T00:31:18Z,6,6,36,episodes/tgnn_sequences/episode_0117.json,72519.503136,0.11128015115451623,0.8112009237875288,0.16666666666666666,1,"{'candidate_operational_isl_satellites': 2031, 'inferred_plane_count': 94, 'eligible_plane_count': 70, 'selected_raan_centers_deg': [2.56432726, 7.20460666, 12.20046671, 17.15997009, 21.83294996, 23.70560002], 'raan_cluster_max_gap_deg': 1.0}"
118,2024-11-03T08:37:44Z,6,7,42,episodes/tgnn_sequences/episode_0118.json,78763.553024,0.11071738442950625,0.7642276422764228,0.09523809523809523,1,"{'candidate_operational_isl_satellites': 2121, 'inferred_plane_count': 102, 'eligible_plane_count': 80, 'selected_raan_centers_deg': [1.73910665, 6.96468499, 9.22923342, 11.75125011, 14.72403567, 20.8480457], 'raan_cluster_max_gap_deg': 1.0}"
119,2024-11-05T16:44:09Z,6,8,48,episodes/tgnn_sequences/episode_0119.json,27736.544352,0.1101702369243809,0.7871690427698574,0.125,1,"{'candidate_operational_isl_satellites': 2160, 'inferred_plane_count': 87, 'eligible_plane_count': 70, 'selected_raan_centers_deg': [36.31825958, 5.39315222, 9.76896188, 15.24645221, 20.32659619, 25.10223825], 'raan_cluster_max_gap_deg': 1.0}"
120,2024-11-08T00:50:34Z,4,5,20,episodes/tgnn_sequences/episode_0120.json,58475.799136,0.11195337134121094,0.6166883963494133,0.4,1,"{'candidate_operational_isl_satellites': 2099, 'inferred_plane_count': 84, 'eligible_plane_count': 70, 'selected_raan_centers_deg': [137.66554411, 5.92352168, 11.1255616, 15.82097507], 'raan_cluster_max_gap_deg': 1.0}"
121,2024-11-10T08:56:59Z,4,6,24,episodes/tgnn_sequences/episode_0121.json,80729.993312,0.11322032278107923,0.8093525179856115,0.125,1,"{'candidate_operational_isl_satellites': 2124, 'inferred_plane_count': 86, 'eligible_plane_count': 66, 'selected_raan_centers_deg': [224.70633726, 5.14262729, 10.17557502, 16.64824049], 'raan_cluster_max_gap_deg': 1.0}"
122,2024-11-12T17:03:25Z,4,7,28,episodes/tgnn_sequences/episode_0122.json,73064.234176,0.11520584865161468,0.7660714285714286,0.14285714285714285,1,"{'candidate_operational_isl_satellites': 2129, 'inferred_plane_count': 89, 'eligible_plane_count': 67, 'selected_raan_centers_deg': [233.47998665, 5.93959731, 19.00973889, 30.46023863], 'raan_cluster_max_gap_deg': 1.0}"
123,2024-11-15T01:09:50Z,4,8,32,episodes/tgnn_sequences/episode_0123.json,56819.55776,0.11722886098926033,0.7600607441154138,0.15625,1,"{'candidate_operational_isl_satellites': 2068, 'inferred_plane_count': 97, 'eligible_plane_count': 72, 'selected_raan_centers_deg': [302.98432595, 5.94851627, 9.76582267, 14.06180325], 'raan_cluster_max_gap_deg': 1.0}"
124,2024-11-17T09:16:15Z,5,5,25,episodes/tgnn_sequences/episode_0124.json,85595.813184,0.11886329305135952,0.7673267326732673,0.24,1,"{'candidate_operational_isl_satellites': 1756, 'inferred_plane_count': 84, 'eligible_plane_count': 64, 'selected_raan_centers_deg': [228.52435529, 8.95108859, 23.256941, 32.75727463, 35.85075705], 'raan_cluster_max_gap_deg': 1.0}"
125,2024-11-19T17:22:41Z,5,6,30,episodes/tgnn_sequences/episode_0125.json,32229.619904,0.12152725366043551,0.8057416267942584,0.1,1,"{'candidate_operational_isl_satellites': 2166, 'inferred_plane_count': 78, 'eligible_plane_count': 60, 'selected_raan_centers_deg': [134.59120726, 9.87276603, 18.27904997, 22.3757811, 27.24140957], 'raan_cluster_max_gap_deg': 1.0}"
126,2024-11-22T01:29:06Z,5,7,35,episodes/tgnn_sequences/episode_0126.json,82511.832384,0.12543652361864974,0.6947368421052632,0.17142857142857143,1,"{'candidate_operational_isl_satellites': 1307, 'inferred_plane_count': 119, 'eligible_plane_count': 74, 'selected_raan_centers_deg': [121.00185879, 10.0642111, 15.0608714, 29.69697523, 34.59465735], 'raan_cluster_max_gap_deg': 1.0}"
127,2024-11-24T09:35:31Z,5,8,40,episodes/tgnn_sequences/episode_0127.json,86290.927936,0.128760401978923,0.722252597047567,0.15,1,"{'candidate_operational_isl_satellites': 1622, 'inferred_plane_count': 100, 'eligible_plane_count': 63, 'selected_raan_centers_deg': [1.30851248, 4.44328174, 9.50524276, 14.35933569, 19.45503346], 'raan_cluster_max_gap_deg': 1.0}"
128,2024-11-26T17:41:56Z,6,5,30,episodes/tgnn_sequences/episode_0128.json,57812.22752,0.13169913857894433,0.7437145174371452,0.16666666666666666,1,"{'candidate_operational_isl_satellites': 1935, 'inferred_plane_count': 90, 'eligible_plane_count': 75, 'selected_raan_centers_deg': [1.17091877, 5.9975737, 10.93111739, 15.77217449, 20.78303698, 25.8656531], 'raan_cluster_max_gap_deg': 1.0}"
129,2024-11-29T01:48:22Z,6,6,36,episodes/tgnn_sequences/episode_0129.json,83641.5832,0.1372814847249823,0.7510835913312693,0.16666666666666666,1,"{'candidate_operational_isl_satellites': 2117, 'inferred_plane_count': 82, 'eligible_plane_count': 63, 'selected_raan_centers_deg': [2.17838097, 7.27180005, 12.19212947, 17.71339555, 21.98160648, 27.47153087], 'raan_cluster_max_gap_deg': 1.0}"
130,2024-12-01T09:54:47Z,6,7,42,episodes/tgnn_sequences/episode_0130.json,84439.546976,0.13933590160755982,0.6973350253807107,0.21428571428571427,1,"{'candidate_operational_isl_satellites': 2137, 'inferred_plane_count': 79, 'eligible_plane_count': 62, 'selected_raan_centers_deg': [3.60492498, 7.76315173, 11.20884164, 15.9575882, 21.03355148, 31.00197701], 'raan_cluster_max_gap_deg': 1.0}"
131,2024-12-03T18:01:12Z,6,8,48,episodes/tgnn_sequences/episode_0131.json,37969.968096,0.1411942977109576,0.7435475013728721,0.14583333333333334,1,"{'candidate_operational_isl_satellites': 2164, 'inferred_plane_count': 77, 'eligible_plane_count': 63, 'selected_raan_centers_deg': [152.50038929, 5.83798687, 9.50534374, 14.61065257, 19.59304514, 24.39447912], 'raan_cluster_max_gap_deg': 1.0}"
132,2024-12-06T02:07:38Z,4,5,20,episodes/tgnn_sequences/episode_0132.json,66894.184736,0.14285473030026682,0.8151774785801713,0.15,1,"{'candidate_operational_isl_satellites': 2170, 'inferred_plane_count': 93, 'eligible_plane_count': 77, 'selected_raan_centers_deg': [19.56032054, 3.04920001, 6.3642, 10.76311273], 'raan_cluster_max_gap_deg': 1.0}"
133,2024-12-08T10:14:03Z,4,6,24,episodes/tgnn_sequences/episode_0133.json,76074.750816,0.14281903586939307,0.8617021276595744,0.16666666666666666,1,"{'candidate_operational_isl_satellites': 2173, 'inferred_plane_count': 67, 'eligible_plane_count': 55, 'selected_raan_centers_deg': [178.77957119, 10.17127132, 14.18626457, 24.09104402], 'raan_cluster_max_gap_deg': 1.0}"
134,2024-12-10T18:20:28Z,4,7,28,episodes/tgnn_sequences/episode_0134.json,35432.139136,0.14290298691681066,0.8486187845303867,0.35714285714285715,1,"{'candidate_operational_isl_satellites': 2169, 'inferred_plane_count': 74, 'eligible_plane_count': 62, 'selected_raan_centers_deg': [3.76340445, 13.07506153, 16.71896014, 25.87301001], 'raan_cluster_max_gap_deg': 1.0}"
135,2024-12-13T02:26:53Z,4,8,32,episodes/tgnn_sequences/episode_0135.json,74334.266336,0.14342045232353517,0.7274167987321711,0.28125,1,"{'candidate_operational_isl_satellites': 2129, 'inferred_plane_count': 78, 'eligible_plane_count': 59, 'selected_raan_centers_deg': [73.29518917, 7.10594541, 15.79891232, 18.96367327], 'raan_cluster_max_gap_deg': 1.0}"
136,2024-12-15T10:33:19Z,5,5,25,episodes/tgnn_sequences/episode_0136.json,80422.5448,0.1441181323213991,0.8228438228438228,0.12,1,"{'candidate_operational_isl_satellites': 1995, 'inferred_plane_count': 82, 'eligible_plane_count': 65, 'selected_raan_centers_deg': [4.6798766, 13.63638878, 23.39741001, 31.66254881, 36.1967804], 'raan_cluster_max_gap_deg': 1.0}"
137,2024-12-17T18:39:44Z,5,6,30,episodes/tgnn_sequences/episode_0137.json,42870.559616,0.14453044503243567,0.7405857740585774,0.1,1,"{'candidate_operational_isl_satellites': 2186, 'inferred_plane_count': 84, 'eligible_plane_count': 64, 'selected_raan_centers_deg': [297.31973834, 11.38691922, 16.59567366, 21.44370706, 26.79356995], 'raan_cluster_max_gap_deg': 1.0}"
138,2024-12-20T02:46:09Z,5,7,35,episodes/tgnn_sequences/episode_0138.json,70951.475616,0.14251928103003192,0.7298701298701299,0.14285714285714285,1,"{'candidate_operational_isl_satellites': 2177, 'inferred_plane_count': 88, 'eligible_plane_count': 62, 'selected_raan_centers_deg': [83.42362902, 8.40061666, 12.4358465, 15.04311264, 18.20572732], 'raan_cluster_max_gap_deg': 1.0}"
139,2024-12-22T10:52:35Z,5,8,40,episodes/tgnn_sequences/episode_0139.json,18281.153984,0.140447829351166,0.8345612860013396,0.1,1,"{'candidate_operational_isl_satellites': 2184, 'inferred_plane_count': 78, 'eligible_plane_count': 65, 'selected_raan_centers_deg': [262.6039685, 5.041155, 10.07871246, 14.88111109, 19.73254709], 'raan_cluster_max_gap_deg': 1.0}"
140,2024-12-24T18:59:00Z,6,5,30,episodes/tgnn_sequences/episode_0140.json,42531.130272,0.13980708789422347,0.7381546134663342,0.16666666666666666,1,"{'candidate_operational_isl_satellites': 2191, 'inferred_plane_count': 91, 'eligible_plane_count': 78, 'selected_raan_centers_deg': [0.80755715, 4.77342106, 9.07679292, 13.737118, 18.73220024, 20.59718776], 'raan_cluster_max_gap_deg': 1.0}"
141,2024-12-27T03:05:25Z,6,6,36,episodes/tgnn_sequences/episode_0141.json,68374.489312,0.1356468972848474,0.7618421052631579,0.1388888888888889,1,"{'candidate_operational_isl_satellites': 2194, 'inferred_plane_count': 89, 'eligible_plane_count': 68, 'selected_raan_centers_deg': [29.80617967, 18.5875069, 26.50308311, 31.26591821, 35.79746971, 38.33837721], 'raan_cluster_max_gap_deg': 1.0}"
142,2024-12-29T11:11:50Z,6,7,42,episodes/tgnn_sequences/episode_0142.json,64161.645344,0.1330984106008883,0.8649193548387096,0.07142857142857142,1,"{'candidate_operational_isl_satellites': 2141, 'inferred_plane_count': 77, 'eligible_plane_count': 58, 'selected_raan_centers_deg': [310.80359617, 3.8117154, 8.18463147, 12.21493581, 18.8968282, 28.46750346], 'raan_cluster_max_gap_deg': 1.0}"
143,2024-12-31T19:18:16Z,6,8,48,episodes/tgnn_sequences/episode_0143.json,65525.34544,0.13187816962132617,0.804739336492891,0.0625,1,"{'candidate_operational_isl_satellites': 2083, 'inferred_plane_count': 90, 'eligible_plane_count': 59, 'selected_raan_centers_deg': [94.27302141, 8.45260248, 12.73991003, 18.81045477, 25.18651824, 29.4000001], 'raan_cluster_max_gap_deg': 1.0}"
144,2025-01-03T03:24:41Z,4,5,20,episodes/tgnn_sequences/episode_0144.json,75623.826848,0.1301849893085159,0.7099391480730223,0.25,1,"{'candidate_operational_isl_satellites': 1848, 'inferred_plane_count': 99, 'eligible_plane_count': 84, 'selected_raan_centers_deg': [194.80817144, 9.5364896, 18.2915426, 24.62751452], 'raan_cluster_max_gap_deg': 1.0}"
145,2025-01-05T11:31:06Z,4,6,24,episodes/tgnn_sequences/episode_0145.json,20542.941408,0.1282297014641567,0.758830694275274,0.25,1,"{'candidate_operational_isl_satellites': 2158, 'inferred_plane_count': 89, 'eligible_plane_count': 75, 'selected_raan_centers_deg': [2.58662858, 7.55641, 11.45800412, 17.12083154], 'raan_cluster_max_gap_deg': 1.0}"
146,2025-01-07T19:37:32Z,4,7,28,episodes/tgnn_sequences/episode_0146.json,53291.057024,0.12569091395588855,0.7046979865771812,0.21428571428571427,1,"{'candidate_operational_isl_satellites': 2205, 'inferred_plane_count': 87, 'eligible_plane_count': 64, 'selected_raan_centers_deg': [241.84760195, 6.80177779, 11.3438623, 22.63335214], 'raan_cluster_max_gap_deg': 1.0}"
147,2025-01-10T03:43:57Z,4,8,32,episodes/tgnn_sequences/episode_0147.json,78548.594688,0.12297471200210862,0.7809587217043942,0.125,1,"{'candidate_operational_isl_satellites': 1858, 'inferred_plane_count': 91, 'eligible_plane_count': 69, 'selected_raan_centers_deg': [11.57018998, 21.77652281, 27.06383797, 31.06565571], 'raan_cluster_max_gap_deg': 1.0}"
148,2025-01-12T11:50:22Z,5,5,25,episodes/tgnn_sequences/episode_0148.json,29938.77808,0.12113637606330212,0.7568455640744798,0.2,1,"{'candidate_operational_isl_satellites': 2183, 'inferred_plane_count': 104, 'eligible_plane_count': 81, 'selected_raan_centers_deg': [263.70080037, 5.42904341, 10.63020492, 15.50421773, 20.54905659], 'raan_cluster_max_gap_deg': 1.0}"
149,2025-01-14T19:56:47Z,5,6,30,episodes/tgnn_sequences/episode_0149.json,49691.746688,0.11902480897016332,0.6606683804627249,0.4,1,"{'candidate_operational_isl_satellites': 2197, 'inferred_plane_count': 83, 'eligible_plane_count': 67, 'selected_raan_centers_deg': [8.83148423, 10.05094443, 13.81142619, 19.89058563, 21.64858127], 'raan_cluster_max_gap_deg': 1.0}"
150,2025-01-17T04:03:13Z,5,7,35,episodes/tgnn_sequences/episode_0150.json,83888.494816,0.11754163705466118,0.7260700389105058,0.14285714285714285,1,"{'candidate_operational_isl_satellites': 2117, 'inferred_plane_count': 96, 'eligible_plane_count': 72, 'selected_raan_centers_deg': [289.04342863, 3.44872592, 8.53079229, 13.20481748, 18.10032749], 'raan_cluster_max_gap_deg': 1.0}"
151,2025-01-19T12:09:38Z,5,8,40,episodes/tgnn_sequences/episode_0151.json,25350.420512,0.11639884312603431,0.6796168174560937,0.5,1,"{'candidate_operational_isl_satellites': 2193, 'inferred_plane_count': 95, 'eligible_plane_count': 75, 'selected_raan_centers_deg': [4.26925502, 8.81074525, 14.14854737, 19.56121646, 23.85820404], 'raan_cluster_max_gap_deg': 1.0}"
152,2025-01-21T20:16:03Z,6,5,30,episodes/tgnn_sequences/episode_0152.json,53846.064288,0.11456049893482355,0.7344632768361582,0.2,1,"{'candidate_operational_isl_satellites': 2193, 'inferred_plane_count': 79, 'eligible_plane_count': 70, 'selected_raan_centers_deg': [0.54374706, 5.61246844, 10.47572226, 14.83709568, 19.81711736, 24.34518253], 'raan_cluster_max_gap_deg': 1.0}"
153,2025-01-24T04:22:28Z,6,6,36,episodes/tgnn_sequences/episode_0153.json,85280.622208,0.11227213312356665,0.7313974591651543,0.19444444444444445,1,"{'candidate_operational_isl_satellites': 2067, 'inferred_plane_count': 92, 'eligible_plane_count': 76, 'selected_raan_centers_deg': [2.54545599, 8.49624995, 12.74021156, 17.47798486, 21.18683338, 23.23459271], 'raan_cluster_max_gap_deg': 1.0}"
154,2025-01-26T12:28:54Z,6,7,42,episodes/tgnn_sequences/episode_0154.json,27967.936992,0.11202604668805614,0.7676371780515118,0.19047619047619047,1,"{'candidate_operational_isl_satellites': 2216, 'inferred_plane_count': 93, 'eligible_plane_count': 73, 'selected_raan_centers_deg': [2.33217273, 7.94505442, 12.96953218, 16.61092402, 22.61398426, 29.84670149], 'raan_cluster_max_gap_deg': 1.0}"
155,2025-01-28T20:35:19Z,6,8,48,episodes/tgnn_sequences/episode_0155.json,58159.286176,0.11185279731090306,0.8245445829338447,0.14583333333333334,1,"{'candidate_operational_isl_satellites': 2101, 'inferred_plane_count': 92, 'eligible_plane_count': 67, 'selected_raan_centers_deg': [338.29670763, 3.95734999, 7.30742331, 9.32569998, 12.28122308, 18.4132961], 'raan_cluster_max_gap_deg': 1.0}"
156,2025-01-31T04:41:44Z,4,5,20,episodes/tgnn_sequences/episode_0156.json,84875.311136,0.10947341899722852,0.6526867627785059,0.2,1,"{'candidate_operational_isl_satellites': 2169, 'inferred_plane_count': 88, 'eligible_plane_count': 74, 'selected_raan_centers_deg': [1.03678183, 6.8372532, 10.80212663, 28.86951184], 'raan_cluster_max_gap_deg': 1.0}"
157,2025-02-02T12:48:10Z,4,6,24,episodes/tgnn_sequences/episode_0157.json,33565.65904,0.10930467742807075,0.7885939036381514,0.4583333333333333,1,"{'candidate_operational_isl_satellites': 2175, 'inferred_plane_count': 89, 'eligible_plane_count': 71, 'selected_raan_centers_deg': [1.72357368, 8.94556667, 16.72100855, 21.23670852], 'raan_cluster_max_gap_deg': 1.0}"
158,2025-02-04T20:54:35Z,4,7,28,episodes/tgnn_sequences/episode_0158.json,56352.172256,0.10982532066359331,0.6928158546655656,0.2857142857142857,1,"{'candidate_operational_isl_satellites': 2226, 'inferred_plane_count': 84, 'eligible_plane_count': 62, 'selected_raan_centers_deg': [221.19488951, 6.15188565, 10.82047632, 16.37676421], 'raan_cluster_max_gap_deg': 1.0}"
159,2025-02-07T05:01:00Z,4,8,32,episodes/tgnn_sequences/episode_0159.json,77140.434048,0.11093211509176885,0.7818559556786704,0.21875,1,"{'candidate_operational_isl_satellites': 1931, 'inferred_plane_count': 97, 'eligible_plane_count': 74, 'selected_raan_centers_deg': [225.01098545, 4.93709, 8.34206253, 13.64092945], 'raan_cluster_max_gap_deg': 1.0}"
160,2025-02-09T13:07:25Z,5,5,25,episodes/tgnn_sequences/episode_0160.json,83111.622016,0.11041558129283052,0.7987519500780031,0.16,1,"{'candidate_operational_isl_satellites': 2233, 'inferred_plane_count': 87, 'eligible_plane_count': 75, 'selected_raan_centers_deg': [34.61272787, 2.43125002, 5.44854996, 10.57449742, 14.67049739], 'raan_cluster_max_gap_deg': 1.0}"
161,2025-02-11T21:13:51Z,5,6,30,episodes/tgnn_sequences/episode_0161.json,68139.274944,0.11041489859532515,0.7641277641277642,0.1,1,"{'candidate_operational_isl_satellites': 2268, 'inferred_plane_count': 85, 'eligible_plane_count': 75, 'selected_raan_centers_deg': [254.31180878, 1.79835881, 5.04657715, 10.28709998, 14.72175007], 'raan_cluster_max_gap_deg': 1.0}"
162,2025-02-14T05:20:16Z,5,7,35,episodes/tgnn_sequences/episode_0162.json,79905.984832,0.10945089257553775,0.708125,0.17142857142857143,1,"{'candidate_operational_isl_satellites': 2219, 'inferred_plane_count': 84, 'eligible_plane_count': 64, 'selected_raan_centers_deg': [4.80558822, 9.03716954, 13.17375329, 16.26141124, 18.92689673], 'raan_cluster_max_gap_deg': 1.0}"
163,2025-02-16T13:26:41Z,5,8,40,episodes/tgnn_sequences/episode_0163.json,41686.340192,0.10918464799558976,0.7720797720797721,0.175,1,"{'candidate_operational_isl_satellites': 2260, 'inferred_plane_count': 96, 'eligible_plane_count': 68, 'selected_raan_centers_deg': [4.10878999, 9.38458153, 13.94358237, 18.88479745, 23.05035667], 'raan_cluster_max_gap_deg': 1.0}"
164,2025-02-18T21:33:07Z,6,5,30,episodes/tgnn_sequences/episode_0164.json,65967.954784,0.10996425621270256,0.7294520547945206,0.16666666666666666,1,"{'candidate_operational_isl_satellites': 2280, 'inferred_plane_count': 96, 'eligible_plane_count': 83, 'selected_raan_centers_deg': [90.2402264, 3.44788752, 8.91266984, 13.09646869, 15.05577156, 21.29552782], 'raan_cluster_max_gap_deg': 1.0}"
165,2025-02-21T05:39:32Z,6,6,36,episodes/tgnn_sequences/episode_0165.json,80252.296736,0.11184763255459038,0.8061349693251534,0.1388888888888889,1,"{'candidate_operational_isl_satellites': 2278, 'inferred_plane_count': 93, 'eligible_plane_count': 78, 'selected_raan_centers_deg': [1.90776, 6.03895003, 10.60577999, 17.05463356, 24.99478756, 31.75707088], 'raan_cluster_max_gap_deg': 1.0}"
166,2025-02-23T13:45:57Z,6,7,42,episodes/tgnn_sequences/episode_0166.json,84906.420384,0.11200923787528869,0.7558139534883721,0.09523809523809523,1,"{'candidate_operational_isl_satellites': 2144, 'inferred_plane_count': 92, 'eligible_plane_count': 67, 'selected_raan_centers_deg': [137.81183678, 7.84116921, 12.62168633, 16.52050148, 22.79687892, 28.83846144], 'raan_cluster_max_gap_deg': 1.0}"
167,2025-02-25T21:52:22Z,6,8,48,episodes/tgnn_sequences/episode_0167.json,64711.45216,0.11225284018620246,0.7650747708634829,0.08333333333333333,1,"{'candidate_operational_isl_satellites': 2293, 'inferred_plane_count': 95, 'eligible_plane_count': 69, 'selected_raan_centers_deg': [0.77883334, 4.05567325, 10.73657505, 15.46217546, 21.61443801, 28.78763103], 'raan_cluster_max_gap_deg': 1.0}"
168,2025-02-28T05:58:48Z,4,5,20,episodes/tgnn_sequences/episode_0168.json,56676.325248,0.1135060968862726,0.6905537459283387,0.25,1,"{'candidate_operational_isl_satellites': 2252, 'inferred_plane_count': 90, 'eligible_plane_count': 72, 'selected_raan_centers_deg': [11.26752813, 7.2916621, 15.31083726, 18.98379616], 'raan_cluster_max_gap_deg': 1.0}"
169,2025-03-02T14:05:13Z,4,6,24,episodes/tgnn_sequences/episode_0169.json,38105.130976,0.11589165515416948,0.7871148459383753,0.125,1,"{'candidate_operational_isl_satellites': 2301, 'inferred_plane_count': 86, 'eligible_plane_count': 67, 'selected_raan_centers_deg': [6.29924831, 15.68582784, 20.68122972, 26.12193168], 'raan_cluster_max_gap_deg': 1.0}"
170,2025-03-04T22:11:38Z,4,7,28,episodes/tgnn_sequences/episode_0170.json,68798.30864,0.11666666666666667,0.8349673202614379,0.21428571428571427,1,"{'candidate_operational_isl_satellites': 2284, 'inferred_plane_count': 92, 'eligible_plane_count': 68, 'selected_raan_centers_deg': [335.28635945, 7.93835745, 12.30812221, 14.30742723], 'raan_cluster_max_gap_deg': 1.0}"
171,2025-03-07T06:18:04Z,4,8,32,episodes/tgnn_sequences/episode_0171.json,13467.712,0.1174367043341439,0.7569850552306693,0.28125,1,"{'candidate_operational_isl_satellites': 2163, 'inferred_plane_count': 96, 'eligible_plane_count': 67, 'selected_raan_centers_deg': [3.91766926, 8.19351607, 13.81101871, 18.81923358], 'raan_cluster_max_gap_deg': 1.0}"
172,2025-03-09T14:24:29Z,5,5,25,episodes/tgnn_sequences/episode_0172.json,44156.003744,0.11862939226833025,0.6714648602878917,0.32,1,"{'candidate_operational_isl_satellites': 2273, 'inferred_plane_count': 91, 'eligible_plane_count': 70, 'selected_raan_centers_deg': [323.06108347, 3.40416, 5.04677992, 9.90560722, 14.79362005], 'raan_cluster_max_gap_deg': 1.0}"
173,2025-03-11T22:30:54Z,5,6,30,episodes/tgnn_sequences/episode_0173.json,70106.232672,0.11923306528075289,0.7700680272108843,0.1,1,"{'candidate_operational_isl_satellites': 2305, 'inferred_plane_count': 94, 'eligible_plane_count': 71, 'selected_raan_centers_deg': [3.95094663, 9.12502503, 14.65646437, 17.94951121, 19.25437779], 'raan_cluster_max_gap_deg': 1.0}"
174,2025-03-14T06:37:19Z,5,7,35,episodes/tgnn_sequences/episode_0174.json,60025.593184,0.11990846043285935,0.7857142857142857,0.08571428571428572,1,"{'candidate_operational_isl_satellites': 2281, 'inferred_plane_count': 95, 'eligible_plane_count': 68, 'selected_raan_centers_deg': [3.21133701, 8.03288178, 12.73993673, 19.99614726, 31.11942506], 'raan_cluster_max_gap_deg': 1.0}"
175,2025-03-16T14:43:45Z,5,8,40,episodes/tgnn_sequences/episode_0175.json,45458.350656,0.12068737882967709,0.6809364548494983,0.375,1,"{'candidate_operational_isl_satellites': 2293, 'inferred_plane_count': 96, 'eligible_plane_count': 72, 'selected_raan_centers_deg': [7.04926899, 16.79203749, 21.03996731, 28.31935024, 31.37983704], 'raan_cluster_max_gap_deg': 1.0}"
176,2025-03-18T22:50:10Z,6,5,30,episodes/tgnn_sequences/episode_0176.json,77399.763808,0.12020545800012528,0.7322916666666667,0.2,1,"{'candidate_operational_isl_satellites': 2303, 'inferred_plane_count': 94, 'eligible_plane_count': 74, 'selected_raan_centers_deg': [128.78085681, 4.32690594, 10.80029371, 18.5682888, 22.42721583, 33.98197857], 'raan_cluster_max_gap_deg': 1.0}"
177,2025-03-21T06:56:35Z,6,6,36,episodes/tgnn_sequences/episode_0177.json,36382.568384,0.11959199275157144,0.8268921095008052,0.1111111111111111,1,"{'candidate_operational_isl_satellites': 2294, 'inferred_plane_count': 87, 'eligible_plane_count': 71, 'selected_raan_centers_deg': [251.81111711, 7.21672728, 11.03194452, 21.89514995, 30.83864122, 36.5156309], 'raan_cluster_max_gap_deg': 1.0}"
178,2025-03-23T15:03:01Z,6,7,42,episodes/tgnn_sequences/episode_0178.json,49185.745984,0.11817900104234161,0.7394270122783083,0.09523809523809523,1,"{'candidate_operational_isl_satellites': 2271, 'inferred_plane_count': 90, 'eligible_plane_count': 67, 'selected_raan_centers_deg': [193.18445858, 11.3655037, 14.53844013, 21.44901657, 26.24114513, 30.84326019], 'raan_cluster_max_gap_deg': 1.0}"
179,2025-03-25T23:09:26Z,6,8,48,episodes/tgnn_sequences/episode_0179.json,86166.741536,0.11733802826860121,0.883399209486166,0.125,1,"{'candidate_operational_isl_satellites': 2067, 'inferred_plane_count': 89, 'eligible_plane_count': 62, 'selected_raan_centers_deg': [33.50408058, 9.7230401, 14.34450457, 18.70631254, 23.58548748, 36.52498336], 'raan_cluster_max_gap_deg': 1.0}"
180,2025-03-28T07:15:51Z,4,5,20,episodes/tgnn_sequences/episode_0180.json,39964.235424,0.11575205509886692,0.7722342733188721,0.15,1,"{'candidate_operational_isl_satellites': 2252, 'inferred_plane_count': 91, 'eligible_plane_count': 69, 'selected_raan_centers_deg': [179.94137933, 4.38661592, 9.88161665, 17.39576765], 'raan_cluster_max_gap_deg': 1.0}"
181,2025-03-30T15:22:16Z,4,6,24,episodes/tgnn_sequences/episode_0181.json,51681.908128,0.11400417227360432,0.7119047619047619,0.20833333333333334,1,"{'candidate_operational_isl_satellites': 2300, 'inferred_plane_count': 97, 'eligible_plane_count': 75, 'selected_raan_centers_deg': [140.31787159, 7.08917648, 17.28190765, 24.1027003], 'raan_cluster_max_gap_deg': 1.0}"
182,2025-04-01T23:28:42Z,4,7,28,episodes/tgnn_sequences/episode_0182.json,6490.003296,0.11171521127359595,0.7520435967302452,0.25,1,"{'candidate_operational_isl_satellites': 2303, 'inferred_plane_count': 100, 'eligible_plane_count': 76, 'selected_raan_centers_deg': [4.04273392, 7.62943326, 13.27236668, 18.13980748], 'raan_cluster_max_gap_deg': 1.0}"
183,2025-04-04T07:35:07Z,4,8,32,episodes/tgnn_sequences/episode_0183.json,28998.998848,0.11041089876581674,0.7157142857142857,0.125,1,"{'candidate_operational_isl_satellites': 2302, 'inferred_plane_count': 99, 'eligible_plane_count': 69, 'selected_raan_centers_deg': [350.62803359, 3.60959047, 11.21784538, 18.99948807], 'raan_cluster_max_gap_deg': 1.0}"
184,2025-04-06T15:41:32Z,5,5,25,episodes/tgnn_sequences/episode_0184.json,76542.639776,0.10873892704289838,0.6875,0.16,1,"{'candidate_operational_isl_satellites': 2271, 'inferred_plane_count': 95, 'eligible_plane_count': 70, 'selected_raan_centers_deg': [97.80627451, 5.0802473, 11.69304806, 18.39141136, 24.46347744], 'raan_cluster_max_gap_deg': 1.0}"
185,2025-04-08T23:47:58Z,5,6,30,episodes/tgnn_sequences/episode_0185.json,84573.08656,0.10732015653075573,0.6476945244956772,0.3333333333333333,1,"{'candidate_operational_isl_satellites': 2329, 'inferred_plane_count': 95, 'eligible_plane_count': 74, 'selected_raan_centers_deg': [46.37269015, 3.82506665, 6.64504116, 12.37455783, 17.16159995], 'raan_cluster_max_gap_deg': 1.0}"
186,2025-04-11T07:54:23Z,5,7,35,episodes/tgnn_sequences/episode_0186.json,74471.065664,0.10735460091146763,0.7529118136439268,0.17142857142857143,1,"{'candidate_operational_isl_satellites': 2305, 'inferred_plane_count': 89, 'eligible_plane_count': 67, 'selected_raan_centers_deg': [18.13600197, 7.55695245, 14.85248717, 22.02847617, 27.54184459], 'raan_cluster_max_gap_deg': 1.0}"
187,2025-04-13T16:00:48Z,5,8,40,episodes/tgnn_sequences/episode_0187.json,78778.284672,0.10898925041483298,0.8037203335471456,0.2,1,"{'candidate_operational_isl_satellites': 2318, 'inferred_plane_count': 74, 'eligible_plane_count': 52, 'selected_raan_centers_deg': [6.28879189, 17.59341639, 22.44029559, 27.06124747, 31.78576726], 'raan_cluster_max_gap_deg': 1.0}"
188,2025-04-16T00:07:13Z,6,5,30,episodes/tgnn_sequences/episode_0188.json,8919.703072,0.11236477841107363,0.8121934127540295,0.16666666666666666,1,"{'candidate_operational_isl_satellites': 2368, 'inferred_plane_count': 92, 'eligible_plane_count': 76, 'selected_raan_centers_deg': [0.39412174, 5.50398306, 10.40592276, 15.49270992, 19.64345563, 25.44177765], 'raan_cluster_max_gap_deg': 1.0}"
189,2025-04-18T08:13:39Z,6,6,36,episodes/tgnn_sequences/episode_0189.json,37303.57152,0.11405443045320025,0.7927337701012508,0.1111111111111111,1,"{'candidate_operational_isl_satellites': 2356, 'inferred_plane_count': 92, 'eligible_plane_count': 70, 'selected_raan_centers_deg': [1.41888182, 6.40557501, 10.33570004, 16.15722227, 22.71940401, 31.79577681], 'raan_cluster_max_gap_deg': 1.0}"
190,2025-04-20T16:20:04Z,6,7,42,episodes/tgnn_sequences/episode_0190.json,85478.893216,0.11583840619811843,0.7815035154137372,0.2857142857142857,1,"{'candidate_operational_isl_satellites': 2020, 'inferred_plane_count': 96, 'eligible_plane_count': 79, 'selected_raan_centers_deg': [1.44171667, 3.69695002, 7.71555009, 14.20134946, 25.09250778, 31.86276016], 'raan_cluster_max_gap_deg': 1.0}"
191,2025-04-23T00:26:29Z,6,8,48,episodes/tgnn_sequences/episode_0191.json,84335.40752,0.12072160369990352,0.7582582582582582,0.16666666666666666,1,"{'candidate_operational_isl_satellites': 2236, 'inferred_plane_count': 94, 'eligible_plane_count': 72, 'selected_raan_centers_deg': [231.20124558, 11.57670789, 19.25494285, 24.04854991, 30.93690695, 38.94571156], 'raan_cluster_max_gap_deg': 1.0}"
192,2025-04-25T08:32:55Z,4,5,20,episodes/tgnn_sequences/episode_0192.json,56497.457632,0.12242772961466078,0.5626168224299065,0.35,1,"{'candidate_operational_isl_satellites': 2301, 'inferred_plane_count': 82, 'eligible_plane_count': 67, 'selected_raan_centers_deg': [25.1805118, 10.1007227, 17.88335655, 25.16483912], 'raan_cluster_max_gap_deg': 1.0}"
193,2025-04-27T16:39:20Z,4,6,24,episodes/tgnn_sequences/episode_0193.json,67493.85536,0.12490562549113265,0.9087893864013267,0.08333333333333333,1,"{'candidate_operational_isl_satellites': 2358, 'inferred_plane_count': 92, 'eligible_plane_count': 75, 'selected_raan_centers_deg': [1.07276998, 3.23017998, 8.96457915, 15.96231825], 'raan_cluster_max_gap_deg': 1.0}"
194,2025-04-30T00:45:45Z,4,7,28,episodes/tgnn_sequences/episode_0194.json,84749.043168,0.12874612750692974,0.7078260869565217,0.2857142857142857,1,"{'candidate_operational_isl_satellites': 369, 'inferred_plane_count': 75, 'eligible_plane_count': 21, 'selected_raan_centers_deg': [41.48730885, 45.85473336, 73.24518776, 81.01176357], 'raan_cluster_max_gap_deg': 1.0}"
195,2025-05-02T08:52:10Z,4,8,32,episodes/tgnn_sequences/episode_0195.json,45488.41072,0.13128884920498643,0.7600896860986547,0.125,1,"{'candidate_operational_isl_satellites': 2346, 'inferred_plane_count': 93, 'eligible_plane_count': 68, 'selected_raan_centers_deg': [3.68683751, 8.57513793, 13.10085784, 18.27530554], 'raan_cluster_max_gap_deg': 1.0}"
196,2025-05-04T16:58:36Z,5,5,25,episodes/tgnn_sequences/episode_0196.json,66319.447776,0.1307962767945103,0.6991404011461319,0.24,1,"{'candidate_operational_isl_satellites': 2368, 'inferred_plane_count': 84, 'eligible_plane_count': 73, 'selected_raan_centers_deg': [262.89142171, 4.28633332, 7.33069233, 12.04087028, 17.51310997], 'raan_cluster_max_gap_deg': 1.0}"
197,2025-05-07T01:05:01Z,5,6,30,episodes/tgnn_sequences/episode_0197.json,16971.160864,0.13184789928143406,0.7754491017964071,0.2,1,"{'candidate_operational_isl_satellites': 2366, 'inferred_plane_count': 95, 'eligible_plane_count': 67, 'selected_raan_centers_deg': [1.28060499, 6.26996957, 9.17348425, 11.47692414, 16.19558992], 'raan_cluster_max_gap_deg': 1.0}"
198,2025-05-09T09:11:26Z,5,7,35,episodes/tgnn_sequences/episode_0198.json,44163.484832,0.13285211631998345,0.8252227553118574,0.08571428571428572,1,"{'candidate_operational_isl_satellites': 2323, 'inferred_plane_count': 95, 'eligible_plane_count': 73, 'selected_raan_centers_deg': [302.83001926, 2.20730001, 7.10497901, 12.26494753, 17.07378428], 'raan_cluster_max_gap_deg': 1.0}"
199,2025-05-11T17:17:52Z,5,8,40,episodes/tgnn_sequences/episode_0199.json,69253.669504,0.13330313352092063,0.6599406528189911,0.225,1,"{'candidate_operational_isl_satellites': 2359, 'inferred_plane_count': 85, 'eligible_plane_count': 64, 'selected_raan_centers_deg': [28.83484033, 5.84108333, 9.80146305, 12.92163351, 17.79210348], 'raan_cluster_max_gap_deg': 1.0}"
200,2025-05-14T01:24:17Z,6,5,30,episodes/tgnn_sequences/episode_0200.json,21135.386816,0.13108582038234082,0.7913978494623656,0.23333333333333334,1,"{'candidate_operational_isl_satellites': 2392, 'inferred_plane_count': 81, 'eligible_plane_count': 67, 'selected_raan_centers_deg': [208.30887177, 4.74197796, 9.78531494, 15.37977413, 19.87351568, 24.86025878], 'raan_cluster_max_gap_deg': 1.0}"
201,2025-05-16T09:30:42Z,6,6,36,episodes/tgnn_sequences/episode_0201.json,42029.536992,0.1306312988089525,0.7932525951557093,0.2222222222222222,1,"{'candidate_operational_isl_satellites': 1795, 'inferred_plane_count': 88, 'eligible_plane_count': 61, 'selected_raan_centers_deg': [48.55576001, 6.82049785, 18.90711988, 25.21789434, 30.3291748, 33.68328063], 'raan_cluster_max_gap_deg': 1.0}"
202,2025-05-18T17:37:07Z,6,7,42,episodes/tgnn_sequences/episode_0202.json,73327.7056,0.1309085152972835,0.7304347826086957,0.16666666666666666,1,"{'candidate_operational_isl_satellites': 2356, 'inferred_plane_count': 91, 'eligible_plane_count': 72, 'selected_raan_centers_deg': [202.03064231, 8.30976168, 15.05881675, 19.76160005, 23.27401893, 29.63496232], 'raan_cluster_max_gap_deg': 1.0}"
203,2025-05-21T01:43:33Z,6,8,48,episodes/tgnn_sequences/episode_0203.json,84564.405408,0.12862529246410476,0.8197295943915874,0.08333333333333333,1,"{'candidate_operational_isl_satellites': 2392, 'inferred_plane_count': 82, 'eligible_plane_count': 64, 'selected_raan_centers_deg': [3.52810556, 10.6862102, 18.15961544, 21.98271993, 30.21599998, 33.19248878], 'raan_cluster_max_gap_deg': 1.0}"
204,2025-05-23T09:49:58Z,4,5,20,episodes/tgnn_sequences/episode_0204.json,68300.192224,0.1260401185588218,0.7429378531073446,0.15,1,"{'candidate_operational_isl_satellites': 2266, 'inferred_plane_count': 86, 'eligible_plane_count': 67, 'selected_raan_centers_deg': [123.84078982, 7.53222847, 9.7407124, 12.19746472], 'raan_cluster_max_gap_deg': 1.0}"
205,2025-05-25T17:56:23Z,4,6,24,episodes/tgnn_sequences/episode_0205.json,62445.992768,0.12580286662199486,0.7908560311284046,0.125,1,"{'candidate_operational_isl_satellites': 2381, 'inferred_plane_count': 78, 'eligible_plane_count': 62, 'selected_raan_centers_deg': [180.2773946, 8.96917491, 13.20814296, 17.86165888], 'raan_cluster_max_gap_deg': 1.0}"
206,2025-05-28T02:02:49Z,4,7,28,episodes/tgnn_sequences/episode_0206.json,64432.677472,0.1283596635207222,0.7922568460812087,0.17857142857142858,1,"{'candidate_operational_isl_satellites': 2347, 'inferred_plane_count': 90, 'eligible_plane_count': 58, 'selected_raan_centers_deg': [2.07111112, 7.01451245, 11.90073331, 14.46736264], 'raan_cluster_max_gap_deg': 1.0}"
207,2025-05-30T10:09:14Z,4,8,32,episodes/tgnn_sequences/episode_0207.json,43290.95792,0.12783891553632903,0.703757225433526,0.15625,1,"{'candidate_operational_isl_satellites': 1987, 'inferred_plane_count': 107, 'eligible_plane_count': 62, 'selected_raan_centers_deg': [1.29852308, 3.12882222, 8.66609678, 18.67917718], 'raan_cluster_max_gap_deg': 1.0}"
208,2025-06-01T18:15:39Z,5,5,25,episodes/tgnn_sequences/episode_0208.json,78034.031904,0.12806624330718466,0.6070175438596491,0.12,1,"{'candidate_operational_isl_satellites': 2429, 'inferred_plane_count': 86, 'eligible_plane_count': 69, 'selected_raan_centers_deg': [234.92254464, 3.91381427, 9.34694284, 16.85459998, 22.45730192], 'raan_cluster_max_gap_deg': 1.0}"
209,2025-06-04T02:22:04Z,5,6,30,episodes/tgnn_sequences/episode_0209.json,25997.224096,0.1311136043994248,0.8757225433526011,0.1,1,"{'candidate_operational_isl_satellites': 2443, 'inferred_plane_count': 84, 'eligible_plane_count': 62, 'selected_raan_centers_deg': [3.53150607, 10.4475432, 15.73700384, 20.3038856, 22.82268763], 'raan_cluster_max_gap_deg': 1.0}"
210,2025-06-06T10:28:30Z,5,7,35,episodes/tgnn_sequences/episode_0210.json,60722.223552,0.1305225717769304,0.7725426482534524,0.17142857142857143,1,"{'candidate_operational_isl_satellites': 2323, 'inferred_plane_count': 80, 'eligible_plane_count': 62, 'selected_raan_centers_deg': [227.76278627, 6.30576784, 10.88353225, 14.39085833, 24.6571608], 'raan_cluster_max_gap_deg': 1.0}"
211,2025-06-08T18:34:55Z,5,8,40,episodes/tgnn_sequences/episode_0211.json,80852.63056,0.12976198683918216,0.7382352941176471,0.15,1,"{'candidate_operational_isl_satellites': 2389, 'inferred_plane_count': 75, 'eligible_plane_count': 61, 'selected_raan_centers_deg': [227.67874, 4.1938, 15.30471059, 27.02340186, 53.46351687], 'raan_cluster_max_gap_deg': 1.0}"
212,2025-06-11T02:41:20Z,6,5,30,episodes/tgnn_sequences/episode_0212.json,27745.135808,0.12920471916277976,0.8250226654578422,0.16666666666666666,1,"{'candidate_operational_isl_satellites': 2484, 'inferred_plane_count': 78, 'eligible_plane_count': 67, 'selected_raan_centers_deg': [3.9192, 14.68506975, 19.27218018, 25.04765135, 29.1414346, 34.1270167], 'raan_cluster_max_gap_deg': 1.0}"
213,2025-06-13T10:47:46Z,6,6,36,episodes/tgnn_sequences/episode_0213.json,57072.132832,0.1338443817770187,0.8455882352941176,0.1111111111111111,1,"{'candidate_operational_isl_satellites': 2367, 'inferred_plane_count': 82, 'eligible_plane_count': 68, 'selected_raan_centers_deg': [0.85353334, 2.95382001, 6.25319999, 10.40710004, 17.48859133, 25.17237707], 'raan_cluster_max_gap_deg': 1.0}"
214,2025-06-15T18:54:11Z,6,7,42,episodes/tgnn_sequences/episode_0214.json,74797.154336,0.13596121416526138,0.7781731909845789,0.14285714285714285,1,"{'candidate_operational_isl_satellites': 2450, 'inferred_plane_count': 76, 'eligible_plane_count': 56, 'selected_raan_centers_deg': [4.08586926, 8.22947098, 13.54803078, 26.27026414, 39.7124815, 43.61938307], 'raan_cluster_max_gap_deg': 1.0}"
215,2025-06-18T03:00:36Z,6,8,48,episodes/tgnn_sequences/episode_0215.json,27881.417088,0.137338448476463,0.6906512605042017,0.25,1,"{'candidate_operational_isl_satellites': 2472, 'inferred_plane_count': 87, 'eligible_plane_count': 61, 'selected_raan_centers_deg': [3.1347, 10.19043456, 19.07107492, 22.38921941, 27.59179467, 32.54617799], 'raan_cluster_max_gap_deg': 1.0}"
216,2025-06-20T11:07:01Z,4,5,20,episodes/tgnn_sequences/episode_0216.json,53835.78112,0.14094250573209263,0.6739606126914661,0.3,1,"{'candidate_operational_isl_satellites': 2210, 'inferred_plane_count': 88, 'eligible_plane_count': 70, 'selected_raan_centers_deg': [275.42995652, 3.66332631, 10.92925158, 17.12718749], 'raan_cluster_max_gap_deg': 1.0}"
217,2025-06-22T19:13:27Z,4,6,24,episodes/tgnn_sequences/episode_0217.json,84910.0272,0.1449185815514086,0.748564867967853,0.3333333333333333,1,"{'candidate_operational_isl_satellites': 2331, 'inferred_plane_count': 82, 'eligible_plane_count': 59, 'selected_raan_centers_deg': [274.50007078, 4.70561671, 6.93960996, 12.02713664], 'raan_cluster_max_gap_deg': 1.0}"
218,2025-06-25T03:19:52Z,4,7,28,episodes/tgnn_sequences/episode_0218.json,36273.021376,0.14822745467765003,0.7997936016511867,0.17857142857142858,1,"{'candidate_operational_isl_satellites': 2402, 'inferred_plane_count': 76, 'eligible_plane_count': 58, 'selected_raan_centers_deg': [28.85823871, 6.45003912, 14.15371543, 24.56294469], 'raan_cluster_max_gap_deg': 1.0}"
219,2025-06-27T11:26:17Z,4,8,32,episodes/tgnn_sequences/episode_0219.json,65941.39568,0.1464179458351498,0.7955882352941176,0.15625,1,"{'candidate_operational_isl_satellites': 2455, 'inferred_plane_count': 84, 'eligible_plane_count': 62, 'selected_raan_centers_deg': [10.34492607, 13.2938424, 19.35262796, 30.24239731], 'raan_cluster_max_gap_deg': 1.0}"
220,2025-06-29T19:32:43Z,5,5,25,episodes/tgnn_sequences/episode_0220.json,78755.486464,0.14935985436313717,0.6951080773606371,0.16,1,"{'candidate_operational_isl_satellites': 2553, 'inferred_plane_count': 77, 'eligible_plane_count': 67, 'selected_raan_centers_deg': [69.971481, 11.88352032, 14.06774006, 20.43472072, 26.70113341], 'raan_cluster_max_gap_deg': 1.0}"
221,2025-07-02T03:39:08Z,5,6,30,episodes/tgnn_sequences/episode_0221.json,32255.978624,0.154517716754638,0.7114308553157475,0.36666666666666664,1,"{'candidate_operational_isl_satellites': 2576, 'inferred_plane_count': 73, 'eligible_plane_count': 60, 'selected_raan_centers_deg': [90.14461618, 5.6194281, 9.38448992, 15.1309217, 20.75251348], 'raan_cluster_max_gap_deg': 1.0}"
222,2025-07-04T11:45:33Z,5,7,35,episodes/tgnn_sequences/episode_0222.json,68997.062112,0.159009368872104,0.7947658402203857,0.11428571428571428,1,"{'candidate_operational_isl_satellites': 2565, 'inferred_plane_count': 88, 'eligible_plane_count': 66, 'selected_raan_centers_deg': [316.38283972, 4.16354609, 6.16521993, 11.75872, 16.19282214], 'raan_cluster_max_gap_deg': 1.0}"
223,2025-07-06T19:51:58Z,5,8,40,episodes/tgnn_sequences/episode_0223.json,82928.495488,0.16600611074280114,0.7430289775833789,0.175,1,"{'candidate_operational_isl_satellites': 2590, 'inferred_plane_count': 88, 'eligible_plane_count': 72, 'selected_raan_centers_deg': [342.82605253, 3.31517826, 11.24663783, 17.34998405, 25.4470586], 'raan_cluster_max_gap_deg': 1.0}"
224,2025-07-09T03:58:24Z,6,5,30,episodes/tgnn_sequences/episode_0224.json,36527.109024,0.17518702800642655,0.7405446293494705,0.13333333333333333,1,"{'candidate_operational_isl_satellites': 2628, 'inferred_plane_count': 72, 'eligible_plane_count': 61, 'selected_raan_centers_deg': [236.7512224, 2.79190769, 8.70111672, 14.26403717, 18.58855505, 23.65711498], 'raan_cluster_max_gap_deg': 1.0}"
225,2025-07-11T12:04:49Z,6,6,36,episodes/tgnn_sequences/episode_0225.json,67657.212352,0.18042462553249966,0.7536715620827771,0.2777777777777778,1,"{'candidate_operational_isl_satellites': 2507, 'inferred_plane_count': 93, 'eligible_plane_count': 71, 'selected_raan_centers_deg': [6.50308324, 6.68717815, 12.79905009, 15.7032761, 19.39102987, 25.05280485], 'raan_cluster_max_gap_deg': 1.0}"
226,2025-07-13T20:11:14Z,6,7,42,episodes/tgnn_sequences/episode_0226.json,83918.043296,0.18284991990050087,0.6156174334140436,0.3333333333333333,1,"{'candidate_operational_isl_satellites': 2644, 'inferred_plane_count': 78, 'eligible_plane_count': 64, 'selected_raan_centers_deg': [1.61412856, 6.20197777, 11.34802859, 13.30186254, 16.46598183, 20.45495443], 'raan_cluster_max_gap_deg': 1.0}"
227,2025-07-16T04:17:40Z,6,8,48,episodes/tgnn_sequences/episode_0227.json,36019.378528,0.1881908834729124,0.736599423631124,0.20833333333333334,1,"{'candidate_operational_isl_satellites': 2660, 'inferred_plane_count': 86, 'eligible_plane_count': 63, 'selected_raan_centers_deg': [2.40195003, 7.6893347, 11.68914159, 17.69247041, 21.74810757, 27.05371126], 'raan_cluster_max_gap_deg': 1.0}"
228,2025-07-18T12:24:05Z,4,5,20,episodes/tgnn_sequences/episode_0228.json,56621.37056,0.19361094967251546,0.7865296803652968,0.2,1,"{'candidate_operational_isl_satellites': 2303, 'inferred_plane_count': 89, 'eligible_plane_count': 69, 'selected_raan_centers_deg': [0.61913, 2.68670003, 8.31255001, 15.37110003], 'raan_cluster_max_gap_deg': 1.0}"
229,2025-07-20T20:30:30Z,4,6,24,episodes/tgnn_sequences/episode_0229.json,59557.721376,0.1954165857448048,0.7180570221752904,0.16666666666666666,1,"{'candidate_operational_isl_satellites': 2605, 'inferred_plane_count': 82, 'eligible_plane_count': 63, 'selected_raan_centers_deg': [16.97220508, 5.49863997, 8.36261678, 11.15559534], 'raan_cluster_max_gap_deg': 1.0}"
230,2025-07-23T04:36:55Z,4,7,28,episodes/tgnn_sequences/episode_0230.json,52198.916896,0.19639153485850455,0.662020905923345,0.21428571428571427,1,"{'candidate_operational_isl_satellites': 2617, 'inferred_plane_count': 76, 'eligible_plane_count': 60, 'selected_raan_centers_deg': [8.9400696, 5.9411056, 18.98433317, 30.03856489], 'raan_cluster_max_gap_deg': 1.0}"
231,2025-07-25T12:43:21Z,4,8,32,episodes/tgnn_sequences/episode_0231.json,69907.718016,0.19831369474912197,0.7614259597806216,0.125,1,"{'candidate_operational_isl_satellites': 2658, 'inferred_plane_count': 81, 'eligible_plane_count': 68, 'selected_raan_centers_deg': [50.7549385, 6.07386087, 14.83752597, 33.09718685], 'raan_cluster_max_gap_deg': 1.0}"
232,2025-07-27T20:49:46Z,5,5,25,episodes/tgnn_sequences/episode_0232.json,40523.74864,0.19986469864698647,0.8686006825938567,0.08,1,"{'candidate_operational_isl_satellites': 2661, 'inferred_plane_count': 69, 'eligible_plane_count': 59, 'selected_raan_centers_deg': [344.7416234, 1.97185909, 5.41647778, 8.97323508, 14.0455896], 'raan_cluster_max_gap_deg': 1.0}"
233,2025-07-30T04:56:11Z,5,6,30,episodes/tgnn_sequences/episode_0233.json,45759.87392,0.20079333695813356,0.837378640776699,0.06666666666666667,1,"{'candidate_operational_isl_satellites': 2650, 'inferred_plane_count': 93, 'eligible_plane_count': 74, 'selected_raan_centers_deg': [54.12984575, 5.05950496, 8.127328, 12.60597693, 19.41249463], 'raan_cluster_max_gap_deg': 1.0}"
234,2025-08-01T13:02:37Z,5,7,35,episodes/tgnn_sequences/episode_0234.json,81784.495264,0.20046523681417677,0.6906077348066298,0.14285714285714285,1,"{'candidate_operational_isl_satellites': 2685, 'inferred_plane_count': 84, 'eligible_plane_count': 74, 'selected_raan_centers_deg': [180.6050444, 5.7710312, 9.97749821, 15.57639992, 18.23070752], 'raan_cluster_max_gap_deg': 1.0}"
235,2025-08-03T21:09:02Z,5,8,40,episodes/tgnn_sequences/episode_0235.json,56480.970656,0.20091685609538343,0.7812713602187287,0.175,1,"{'candidate_operational_isl_satellites': 2621, 'inferred_plane_count': 72, 'eligible_plane_count': 60, 'selected_raan_centers_deg': [2.78618501, 9.81259369, 17.56043345, 24.67538432, 33.61116592], 'raan_cluster_max_gap_deg': 1.0}"
236,2025-08-06T05:15:27Z,6,5,30,episodes/tgnn_sequences/episode_0236.json,71370.535968,0.1989763193678323,0.7138084632516704,0.3333333333333333,1,"{'candidate_operational_isl_satellites': 2348, 'inferred_plane_count': 93, 'eligible_plane_count': 71, 'selected_raan_centers_deg': [151.98770651, 8.77737999, 9.99444993, 14.91799046, 18.83910656, 25.22572339], 'raan_cluster_max_gap_deg': 1.0}"
237,2025-08-08T13:21:52Z,6,6,36,episodes/tgnn_sequences/episode_0237.json,72787.979104,0.1965383709673199,0.6629711751662971,0.1388888888888889,1,"{'candidate_operational_isl_satellites': 2589, 'inferred_plane_count': 76, 'eligible_plane_count': 62, 'selected_raan_centers_deg': [28.39228459, 11.70411437, 14.44510011, 23.5202817, 31.01087503, 39.60548862], 'raan_cluster_max_gap_deg': 1.0}"
238,2025-08-10T21:28:18Z,6,7,42,episodes/tgnn_sequences/episode_0238.json,36381.165792,0.19502925700956014,0.6546583850931676,0.09523809523809523,1,"{'candidate_operational_isl_satellites': 2682, 'inferred_plane_count': 98, 'eligible_plane_count': 69, 'selected_raan_centers_deg': [1.56718, 11.44786663, 17.81201883, 22.5372383, 29.09482881, 35.97473323], 'raan_cluster_max_gap_deg': 1.0}"
239,2025-08-13T05:34:43Z,6,8,48,episodes/tgnn_sequences/episode_0239.json,50682.06544,0.19160524214137023,0.907108239095315,0.0625,1,"{'candidate_operational_isl_satellites': 2716, 'inferred_plane_count': 84, 'eligible_plane_count': 62, 'selected_raan_centers_deg': [2.39884285, 10.58117377, 18.70387077, 22.24828165, 25.20884493, 27.09742012], 'raan_cluster_max_gap_deg': 1.0}"
240,2025-08-15T13:41:08Z,4,5,20,episodes/tgnn_sequences/episode_0240.json,74771.545952,0.19166793632708218,0.8594104308390023,0.15,1,"{'candidate_operational_isl_satellites': 2643, 'inferred_plane_count': 83, 'eligible_plane_count': 65, 'selected_raan_centers_deg': [106.58115644, 12.98592504, 15.22072252, 17.9802002], 'raan_cluster_max_gap_deg': 1.0}"
241,2025-08-17T21:47:34Z,4,6,24,episodes/tgnn_sequences/episode_0241.json,29653.578784,0.18826670182261626,0.7481402763018066,0.25,1,"{'candidate_operational_isl_satellites': 2721, 'inferred_plane_count': 85, 'eligible_plane_count': 69, 'selected_raan_centers_deg': [284.0306282, 6.44934003, 10.21001024, 14.53646011], 'raan_cluster_max_gap_deg': 1.0}"
242,2025-08-20T05:53:59Z,4,7,28,episodes/tgnn_sequences/episode_0242.json,56914.876736,0.18636119867627632,0.815668202764977,0.10714285714285714,1,"{'candidate_operational_isl_satellites': 2605, 'inferred_plane_count': 83, 'eligible_plane_count': 66, 'selected_raan_centers_deg': [150.1017637, 6.06187994, 12.54658205, 15.99305005], 'raan_cluster_max_gap_deg': 1.0}"
243,2025-08-22T14:00:24Z,4,8,32,episodes/tgnn_sequences/episode_0243.json,82423.755456,0.1857899173832406,0.7127734650670431,0.34375,1,"{'candidate_operational_isl_satellites': 2169, 'inferred_plane_count': 93, 'eligible_plane_count': 68, 'selected_raan_centers_deg': [0.80207059, 3.87149998, 7.34413332, 14.02922513], 'raan_cluster_max_gap_deg': 1.0}"
244,2025-08-24T22:06:49Z,5,5,25,episodes/tgnn_sequences/episode_0244.json,28170.814432,0.1838582925343027,0.7727797001153403,0.32,1,"{'candidate_operational_isl_satellites': 2739, 'inferred_plane_count': 74, 'eligible_plane_count': 65, 'selected_raan_centers_deg': [0.71831876, 3.39993429, 8.12084213, 13.21557849, 15.68363324], 'raan_cluster_max_gap_deg': 1.0}"
245,2025-08-27T06:13:15Z,5,6,30,episodes/tgnn_sequences/episode_0245.json,63571.3608,0.18177025823686555,0.7366946778711485,0.13333333333333333,1,"{'candidate_operational_isl_satellites': 2754, 'inferred_plane_count': 84, 'eligible_plane_count': 61, 'selected_raan_centers_deg': [2.77932498, 6.57915334, 18.68807664, 28.9955102, 32.86530558], 'raan_cluster_max_gap_deg': 1.0}"
246,2025-08-29T14:19:40Z,5,7,35,episodes/tgnn_sequences/episode_0246.json,86334.65056,0.1806725699220541,0.7223088923556942,0.17142857142857143,1,"{'candidate_operational_isl_satellites': 2657, 'inferred_plane_count': 81, 'eligible_plane_count': 69, 'selected_raan_centers_deg': [0.86227273, 6.17661435, 10.75630979, 20.9575846, 24.04312184], 'raan_cluster_max_gap_deg': 1.0}"
247,2025-08-31T22:26:05Z,5,8,40,episodes/tgnn_sequences/episode_0247.json,28238.126048,0.17883794535265252,0.7454780361757106,0.15,1,"{'candidate_operational_isl_satellites': 2765, 'inferred_plane_count': 72, 'eligible_plane_count': 59, 'selected_raan_centers_deg': [6.80443667, 9.42560522, 11.91582003, 17.00379428, 21.21223378], 'raan_cluster_max_gap_deg': 1.0}"
248,2025-09-03T06:32:31Z,6,5,30,episodes/tgnn_sequences/episode_0248.json,54894.678784,0.172755770084332,0.6185897435897436,0.26666666666666666,1,"{'candidate_operational_isl_satellites': 2736, 'inferred_plane_count': 87, 'eligible_plane_count': 69, 'selected_raan_centers_deg': [284.81514507, 6.50750765, 8.47617719, 11.03713406, 13.12183321, 16.2535999], 'raan_cluster_max_gap_deg': 1.0}"
249,2025-09-05T14:38:56Z,6,6,36,episodes/tgnn_sequences/episode_0249.json,85797.131072,0.16963457357685863,0.7330006238303182,0.1388888888888889,1,"{'candidate_operational_isl_satellites': 2764, 'inferred_plane_count': 81, 'eligible_plane_count': 69, 'selected_raan_centers_deg': [316.13735057, 4.53451669, 9.85303781, 12.27092009, 14.59535661, 19.82583117], 'raan_cluster_max_gap_deg': 1.0}"
250,2025-09-07T22:45:21Z,6,7,42,episodes/tgnn_sequences/episode_0250.json,37755.26832,0.16807125589184663,0.7840490797546013,0.11904761904761904,1,"{'candidate_operational_isl_satellites': 2788, 'inferred_plane_count': 95, 'eligible_plane_count': 72, 'selected_raan_centers_deg': [14.34269234, 6.14255558, 11.09722779, 14.41811093, 21.06858988, 26.04744008], 'raan_cluster_max_gap_deg': 1.0}"
251,2025-09-10T06:51:46Z,6,8,48,episodes/tgnn_sequences/episode_0251.json,62682.382144,0.16303903090141997,0.6598855689764781,0.16666666666666666,1,"{'candidate_operational_isl_satellites': 2764, 'inferred_plane_count': 90, 'eligible_plane_count': 64, 'selected_raan_centers_deg': [1.59360285, 4.71268275, 10.07212316, 14.93876826, 17.01610851, 20.63655227], 'raan_cluster_max_gap_deg': 1.0}"
252,2025-09-12T14:58:12Z,4,5,20,episodes/tgnn_sequences/episode_0252.json,86048.367552,0.15947416260802322,0.7686676427525623,0.15,1,"{'candidate_operational_isl_satellites': 2420, 'inferred_plane_count': 94, 'eligible_plane_count': 74, 'selected_raan_centers_deg': [4.02200454, 8.18749357, 13.13997489, 18.56334615], 'raan_cluster_max_gap_deg': 1.0}"
253,2025-09-14T23:04:37Z,4,6,24,episodes/tgnn_sequences/episode_0253.json,71352.557152,0.15582408221587163,0.8058659217877095,0.16666666666666666,1,"{'candidate_operational_isl_satellites': 2748, 'inferred_plane_count': 80, 'eligible_plane_count': 70, 'selected_raan_centers_deg': [210.62704725, 4.69721, 6.74266662, 9.55545134], 'raan_cluster_max_gap_deg': 1.0}"
254,2025-09-17T07:11:02Z,4,7,28,episodes/tgnn_sequences/episode_0254.json,68853.068384,0.15184285724169902,0.7116704805491991,0.17857142857142858,1,"{'candidate_operational_isl_satellites': 2828, 'inferred_plane_count': 91, 'eligible_plane_count': 67, 'selected_raan_centers_deg': [0.53535715, 2.91837142, 8.97588755, 13.05138082], 'raan_cluster_max_gap_deg': 1.0}"
255,2025-09-19T15:17:27Z,4,8,32,episodes/tgnn_sequences/episode_0255.json,76996.128576,0.15043070686597415,0.9528907922912205,0.03125,1,"{'candidate_operational_isl_satellites': 2875, 'inferred_plane_count': 82, 'eligible_plane_count': 61, 'selected_raan_centers_deg': [353.71914147, 2.24623479, 10.046338, 17.28122083], 'raan_cluster_max_gap_deg': 1.0}"
256,2025-09-21T23:23:53Z,5,5,25,episodes/tgnn_sequences/episode_0256.json,44731.39088,0.1499295591634638,0.8211716341212744,0.12,1,"{'candidate_operational_isl_satellites': 2820, 'inferred_plane_count': 83, 'eligible_plane_count': 71, 'selected_raan_centers_deg': [109.94490668, 8.35714995, 12.80742828, 15.15288689, 18.18340007], 'raan_cluster_max_gap_deg': 1.0}"
257,2025-09-24T07:30:18Z,5,6,30,episodes/tgnn_sequences/episode_0257.json,73232.67744,0.15035696782653615,0.7672540381791483,0.13333333333333333,1,"{'candidate_operational_isl_satellites': 2866, 'inferred_plane_count': 85, 'eligible_plane_count': 68, 'selected_raan_centers_deg': [29.09506605, 9.3916831, 15.90366842, 23.30619329, 28.35198271], 'raan_cluster_max_gap_deg': 1.0}"
258,2025-09-26T15:36:43Z,5,7,35,episodes/tgnn_sequences/episode_0258.json,40245.514432,0.1502011652338753,0.8183118741058655,0.11428571428571428,1,"{'candidate_operational_isl_satellites': 2762, 'inferred_plane_count': 81, 'eligible_plane_count': 64, 'selected_raan_centers_deg': [3.94027901, 10.93357688, 16.66653331, 20.59192875, 25.19243096], 'raan_cluster_max_gap_deg': 1.0}"
259,2025-09-28T23:43:09Z,5,8,40,episodes/tgnn_sequences/episode_0259.json,46074.041664,0.15058450564691897,0.7800829875518672,0.125,1,"{'candidate_operational_isl_satellites': 2866, 'inferred_plane_count': 73, 'eligible_plane_count': 64, 'selected_raan_centers_deg': [1.71134444, 7.37319247, 11.71195299, 15.60446218, 21.6975317], 'raan_cluster_max_gap_deg': 1.0}"
260,2025-10-01T07:49:34Z,6,5,30,episodes/tgnn_sequences/episode_0260.json,78734.625952,0.15407100058327589,0.7043618739903069,0.26666666666666666,1,"{'candidate_operational_isl_satellites': 2899, 'inferred_plane_count': 75, 'eligible_plane_count': 64, 'selected_raan_centers_deg': [188.34336409, 14.87915504, 23.45250191, 29.41043377, 30.88781533, 32.77566355], 'raan_cluster_max_gap_deg': 1.0}"
261,2025-10-03T15:55:59Z,6,6,36,episodes/tgnn_sequences/episode_0261.json,18341.00624,0.15609848907317136,0.7161383285302594,0.16666666666666666,1,"{'candidate_operational_isl_satellites': 2917, 'inferred_plane_count': 72, 'eligible_plane_count': 59, 'selected_raan_centers_deg': [4.13173126, 10.21565662, 14.83768806, 20.05227039, 24.200307, 29.51177216], 'raan_cluster_max_gap_deg': 1.0}"
262,2025-10-06T00:02:24Z,6,7,42,episodes/tgnn_sequences/episode_0262.json,46805.387904,0.15767492534904365,0.782088122605364,0.21428571428571427,1,"{'candidate_operational_isl_satellites': 2460, 'inferred_plane_count': 92, 'eligible_plane_count': 71, 'selected_raan_centers_deg': [113.17408447, 5.64954281, 8.76758754, 10.69816262, 13.91293836, 18.68315005], 'raan_cluster_max_gap_deg': 1.0}"
263,2025-10-08T08:08:50Z,6,8,48,episodes/tgnn_sequences/episode_0263.json,57238.000928,0.15789264729236144,0.6903039073806078,0.25,1,"{'candidate_operational_isl_satellites': 2976, 'inferred_plane_count': 83, 'eligible_plane_count': 60, 'selected_raan_centers_deg': [101.75554271, 8.35908828, 15.69890416, 23.28761244, 28.77341233, 41.87211434], 'raan_cluster_max_gap_deg': 1.0}"
264,2025-10-10T16:15:15Z,4,5,20,episodes/tgnn_sequences/episode_0264.json,16878.867648,0.1606282533162837,0.7425320056899004,0.2,1,"{'candidate_operational_isl_satellites': 2972, 'inferred_plane_count': 74, 'eligible_plane_count': 64, 'selected_raan_centers_deg': [4.64555164, 13.77372749, 17.30993624, 23.08419128], 'raan_cluster_max_gap_deg': 1.0}"
265,2025-10-13T00:21:40Z,4,6,24,episodes/tgnn_sequences/episode_0265.json,48252.649216,0.16288033965215448,0.7471620227038184,0.25,1,"{'candidate_operational_isl_satellites': 2996, 'inferred_plane_count': 76, 'eligible_plane_count': 61, 'selected_raan_centers_deg': [5.61271955, 12.29545296, 14.05808322, 19.11324528], 'raan_cluster_max_gap_deg': 1.0}"
266,2025-10-15T08:28:06Z,4,7,28,episodes/tgnn_sequences/episode_0266.json,77153.492064,0.1640165674536411,0.6486068111455109,0.17857142857142858,1,"{'candidate_operational_isl_satellites': 2865, 'inferred_plane_count': 78, 'eligible_plane_count': 61, 'selected_raan_centers_deg': [319.55287672, 3.5020143, 5.22431877, 10.57213437], 'raan_cluster_max_gap_deg': 1.0}"
267,2025-10-17T16:34:31Z,4,8,32,episodes/tgnn_sequences/episode_0267.json,42133.546144,0.16735411124398994,0.7019230769230769,0.125,1,"{'candidate_operational_isl_satellites': 2862, 'inferred_plane_count': 76, 'eligible_plane_count': 64, 'selected_raan_centers_deg': [1.6504737, 7.19792382, 10.82581949, 16.55892395], 'raan_cluster_max_gap_deg': 1.0}"
268,2025-10-20T00:40:56Z,5,5,25,episodes/tgnn_sequences/episode_0268.json,69227.654048,0.1695150169726441,0.7478991596638656,0.24,1,"{'candidate_operational_isl_satellites': 3052, 'inferred_plane_count': 87, 'eligible_plane_count': 70, 'selected_raan_centers_deg': [1.73332068, 6.048, 7.81907701, 9.32865, 12.58435397], 'raan_cluster_max_gap_deg': 1.0}"
269,2025-10-22T08:47:21Z,5,6,30,episodes/tgnn_sequences/episode_0269.json,71532.183264,0.17189328006848337,0.7970679012345679,0.2,1,"{'candidate_operational_isl_satellites': 3121, 'inferred_plane_count': 81, 'eligible_plane_count': 67, 'selected_raan_centers_deg': [139.01026359, 13.83530394, 20.56698554, 25.81944852, 30.92033744], 'raan_cluster_max_gap_deg': 1.0}"
270,2025-10-24T16:53:47Z,5,7,35,episodes/tgnn_sequences/episode_0270.json,32844.949952,0.17324752519496772,0.7860593512767425,0.11428571428571428,1,"{'candidate_operational_isl_satellites': 2824, 'inferred_plane_count': 83, 'eligible_plane_count': 59, 'selected_raan_centers_deg': [2.86463266, 10.29371766, 14.47869266, 20.11534437, 25.18951775], 'raan_cluster_max_gap_deg': 1.0}"
271,2025-10-27T01:00:12Z,5,8,40,episodes/tgnn_sequences/episode_0271.json,51408.3936,0.17564032555841588,0.8222713864306784,0.125,1,"{'candidate_operational_isl_satellites': 3121, 'inferred_plane_count': 74, 'eligible_plane_count': 62, 'selected_raan_centers_deg': [59.04635573, 10.16383917, 15.28663685, 19.54871178, 25.18157238], 'raan_cluster_max_gap_deg': 1.0}"
272,2025-10-29T09:06:37Z,6,5,30,episodes/tgnn_sequences/episode_0272.json,82994.879872,0.17614693118412894,0.7599225556631172,0.13333333333333333,1,"{'candidate_operational_isl_satellites': 3025, 'inferred_plane_count': 86, 'eligible_plane_count': 73, 'selected_raan_centers_deg': [0.7259, 3.86013999, 10.1162892, 17.14148824, 21.99063419, 27.16643333], 'raan_cluster_max_gap_deg': 1.0}"
273,2025-10-31T17:13:03Z,6,6,36,episodes/tgnn_sequences/episode_0273.json,23577.241824,0.17579719042288108,0.7320424734540912,0.16666666666666666,1,"{'candidate_operational_isl_satellites': 3099, 'inferred_plane_count': 82, 'eligible_plane_count': 69, 'selected_raan_centers_deg': [3.8083, 8.23679293, 13.81992002, 19.45545123, 22.51594053, 28.60022354], 'raan_cluster_max_gap_deg': 1.0}"
274,2025-11-03T01:19:28Z,6,7,42,episodes/tgnn_sequences/episode_0274.json,58442.251264,0.17732278808485474,0.657608695652174,0.19047619047619047,1,"{'candidate_operational_isl_satellites': 2671, 'inferred_plane_count': 100, 'eligible_plane_count': 78, 'selected_raan_centers_deg': [0.63206923, 5.28617005, 10.74027685, 13.3940066, 15.2350369, 20.18750011], 'raan_cluster_max_gap_deg': 1.0}"
275,2025-11-05T09:25:53Z,6,8,48,episodes/tgnn_sequences/episode_0275.json,83208.588512,0.18189526697158126,0.7710514337733273,0.10416666666666667,1,"{'candidate_operational_isl_satellites': 3188, 'inferred_plane_count': 86, 'eligible_plane_count': 66, 'selected_raan_centers_deg': [90.20640088, 13.45666527, 19.27574978, 20.84926987, 27.2627058, 34.07592304], 'raan_cluster_max_gap_deg': 1.0}"
276,2025-11-07T17:32:18Z,4,5,20,episodes/tgnn_sequences/episode_0276.json,25013.254368,0.18629573556691176,0.7493403693931399,0.25,1,"{'candidate_operational_isl_satellites': 2983, 'inferred_plane_count': 73, 'eligible_plane_count': 66, 'selected_raan_centers_deg': [17.1403625, 7.49873004, 14.95149378, 22.26438559], 'raan_cluster_max_gap_deg': 1.0}"
277,2025-11-10T01:38:44Z,4,6,24,episodes/tgnn_sequences/episode_0277.json,72526.790432,0.18960750593203735,0.7033898305084746,0.16666666666666666,1,"{'candidate_operational_isl_satellites': 106, 'inferred_plane_count': 44, 'eligible_plane_count': 4, 'selected_raan_centers_deg': [170.46463717, 175.41839365, 186.59364537, 210.66346995], 'raan_cluster_max_gap_deg': 1.0}"
278,2025-11-12T09:45:09Z,4,7,28,episodes/tgnn_sequences/episode_0278.json,23032.328544,0.1898409238996113,0.8270008084074374,0.10714285714285714,1,"{'candidate_operational_isl_satellites': 3300, 'inferred_plane_count': 82, 'eligible_plane_count': 64, 'selected_raan_centers_deg': [1.26873158, 6.72787221, 11.25008124, 16.53902475], 'raan_cluster_max_gap_deg': 1.0}"
279,2025-11-14T17:51:34Z,4,8,32,episodes/tgnn_sequences/episode_0279.json,29663.209888,0.19252012860322607,0.78601108033241,0.125,1,"{'candidate_operational_isl_satellites': 3143, 'inferred_plane_count': 61, 'eligible_plane_count': 48, 'selected_raan_centers_deg': [1.19367222, 6.26181666, 9.10963321, 11.10799384], 'raan_cluster_max_gap_deg': 1.0}"
280,2025-11-17T01:58:00Z,5,5,25,episodes/tgnn_sequences/episode_0280.json,76640.868096,0.19237751567598874,0.8372641509433962,0.12,1,"{'candidate_operational_isl_satellites': 3196, 'inferred_plane_count': 74, 'eligible_plane_count': 61, 'selected_raan_centers_deg': [172.34357711, 7.3482637, 11.67337852, 23.65952574, 31.82234436], 'raan_cluster_max_gap_deg': 1.0}"
281,2025-11-19T10:04:25Z,5,6,30,episodes/tgnn_sequences/episode_0281.json,76690.382368,0.19256184806946644,0.7643362136684996,0.16666666666666666,1,"{'candidate_operational_isl_satellites': 3371, 'inferred_plane_count': 72, 'eligible_plane_count': 65, 'selected_raan_centers_deg': [260.57968133, 9.57467651, 13.65671519, 21.01570011, 26.48726407], 'raan_cluster_max_gap_deg': 1.0}"
282,2025-11-21T18:10:50Z,5,7,35,episodes/tgnn_sequences/episode_0282.json,39577.3904,0.19218636386001936,0.7767441860465116,0.14285714285714285,1,"{'candidate_operational_isl_satellites': 3286, 'inferred_plane_count': 84, 'eligible_plane_count': 72, 'selected_raan_centers_deg': [249.10524303, 2.34364038, 5.78447059, 10.0384411, 14.48440401], 'raan_cluster_max_gap_deg': 1.0}"
283,2025-11-24T02:17:15Z,5,8,40,episodes/tgnn_sequences/episode_0283.json,67108.053312,0.19333098792849446,0.7309184993531694,0.15,1,"{'candidate_operational_isl_satellites': 3374, 'inferred_plane_count': 84, 'eligible_plane_count': 67, 'selected_raan_centers_deg': [4.08196068, 10.57562499, 18.0160879, 26.0253058, 31.03662565], 'raan_cluster_max_gap_deg': 1.0}"
284,2025-11-26T10:23:41Z,6,5,30,episodes/tgnn_sequences/episode_0284.json,21547.5488,0.19132508357151903,0.8219533275713051,0.16666666666666666,1,"{'candidate_operational_isl_satellites': 3395, 'inferred_plane_count': 86, 'eligible_plane_count': 74, 'selected_raan_centers_deg': [4.71484546, 12.88934702, 15.64467144, 17.9657671, 22.92360506, 28.20024067], 'raan_cluster_max_gap_deg': 1.0}"
285,2025-11-28T18:30:06Z,6,6,36,episodes/tgnn_sequences/episode_0285.json,36575.047392,0.18906256677635797,0.8029336734693877,0.19444444444444445,1,"{'candidate_operational_isl_satellites': 3391, 'inferred_plane_count': 79, 'eligible_plane_count': 71, 'selected_raan_centers_deg': [3.59924113, 8.08807436, 13.72013001, 18.70063337, 21.49094152, 23.5281096], 'raan_cluster_max_gap_deg': 1.0}"
286,2025-12-01T02:36:31Z,6,7,42,episodes/tgnn_sequences/episode_0286.json,84372.509056,0.18363929448956914,0.7854001759014951,0.09523809523809523,1,"{'candidate_operational_isl_satellites': 3378, 'inferred_plane_count': 71, 'eligible_plane_count': 56, 'selected_raan_centers_deg': [341.54258003, 11.77866511, 24.78094926, 35.52866853, 47.56106418, 52.47842979], 'raan_cluster_max_gap_deg': 1.0}"
287,2025-12-03T10:42:57Z,6,8,48,episodes/tgnn_sequences/episode_0287.json,31354.164768,0.1794511082721493,0.6546158812136863,0.14583333333333334,1,"{'candidate_operational_isl_satellites': 3419, 'inferred_plane_count': 73, 'eligible_plane_count': 57, 'selected_raan_centers_deg': [2.34489201, 6.56690527, 8.98554442, 12.97446261, 21.62031686, 24.07014437], 'raan_cluster_max_gap_deg': 1.0}"
288,2025-12-05T18:49:22Z,4,5,20,episodes/tgnn_sequences/episode_0288.json,57104.109856,0.17325837108264538,0.7434944237918215,0.2,1,"{'candidate_operational_isl_satellites': 3223, 'inferred_plane_count': 80, 'eligible_plane_count': 69, 'selected_raan_centers_deg': [33.53496818, 7.2637588, 12.75236227, 17.16583162], 'raan_cluster_max_gap_deg': 1.0}"
289,2025-12-08T02:55:47Z,4,6,24,episodes/tgnn_sequences/episode_0289.json,67438.970432,0.16399901620844806,0.7925784966698383,0.2916666666666667,1,"{'candidate_operational_isl_satellites': 3379, 'inferred_plane_count': 73, 'eligible_plane_count': 59, 'selected_raan_centers_deg': [20.72136682, 6.15142276, 8.28056685, 15.10898645], 'raan_cluster_max_gap_deg': 1.0}"
290,2025-12-10T11:02:12Z,4,7,28,episodes/tgnn_sequences/episode_0290.json,31350.721344,0.1591750178627045,0.768352365415987,0.21428571428571427,1,"{'candidate_operational_isl_satellites': 3348, 'inferred_plane_count': 80, 'eligible_plane_count': 62, 'selected_raan_centers_deg': [29.53290451, 4.63680394, 10.10280427, 16.37388108], 'raan_cluster_max_gap_deg': 1.0}"
291,2025-12-12T19:08:38Z,4,8,32,episodes/tgnn_sequences/episode_0291.json,61542.086432,0.15623170934123054,0.7244367417677643,0.125,1,"{'candidate_operational_isl_satellites': 3264, 'inferred_plane_count': 76, 'eligible_plane_count': 61, 'selected_raan_centers_deg': [1.18981817, 6.17043962, 11.11806165, 20.89247864], 'raan_cluster_max_gap_deg': 1.0}"
292,2025-12-15T03:15:03Z,5,5,25,episodes/tgnn_sequences/episode_0292.json,70594.709664,0.1481287712322556,0.7139830508474576,0.28,1,"{'candidate_operational_isl_satellites': 3424, 'inferred_plane_count': 67, 'eligible_plane_count': 59, 'selected_raan_centers_deg': [317.1353076, 2.19767998, 5.20295002, 9.68618082, 15.08669999], 'raan_cluster_max_gap_deg': 1.0}"
293,2025-12-17T11:21:28Z,5,6,30,episodes/tgnn_sequences/episode_0293.json,15639.126688,0.14415543716703227,0.737597911227154,0.16666666666666666,1,"{'candidate_operational_isl_satellites': 3471, 'inferred_plane_count': 85, 'eligible_plane_count': 67, 'selected_raan_centers_deg': [3.556775, 8.34610888, 12.38753122, 18.62044487, 23.65972247], 'raan_cluster_max_gap_deg': 1.0}"
294,2025-12-19T19:27:54Z,5,7,35,episodes/tgnn_sequences/episode_0294.json,63748.351872,0.1394296041803998,0.7893617021276595,0.08571428571428572,1,"{'candidate_operational_isl_satellites': 3315, 'inferred_plane_count': 53, 'eligible_plane_count': 44, 'selected_raan_centers_deg': [157.2650852, 9.06020997, 14.3992672, 19.32578408, 26.0575297], 'raan_cluster_max_gap_deg': 1.0}"
295,2025-12-22T03:34:19Z,5,8,40,episodes/tgnn_sequences/episode_0295.json,86239.091104,0.13565950157245626,0.7047949162333911,0.2,1,"{'candidate_operational_isl_satellites': 3387, 'inferred_plane_count': 66, 'eligible_plane_count': 48, 'selected_raan_centers_deg': [4.34913087, 14.23680188, 20.44464579, 28.03908693, 42.2365831], 'raan_cluster_max_gap_deg': 1.0}"
296,2025-12-24T11:40:44Z,6,5,30,episodes/tgnn_sequences/episode_0296.json,84769.403936,0.13207196699712737,0.7870753935376967,0.2,1,"{'candidate_operational_isl_satellites': 3307, 'inferred_plane_count': 69, 'eligible_plane_count': 57, 'selected_raan_centers_deg': [6.89123969, 7.84034999, 15.82660187, 22.29956848, 28.40795232, 32.9519027], 'raan_cluster_max_gap_deg': 1.0}"
297,2025-12-26T19:47:09Z,6,6,36,episodes/tgnn_sequences/episode_0297.json,54548.402592,0.13024246825862115,0.6859060402684564,0.4444444444444444,1,"{'candidate_operational_isl_satellites': 3444, 'inferred_plane_count': 65, 'eligible_plane_count': 55, 'selected_raan_centers_deg': [327.38657342, 5.65423824, 12.45226653, 19.6668729, 26.37307477, 31.43177867], 'raan_cluster_max_gap_deg': 1.0}"
298,2025-12-29T03:53:35Z,6,7,42,episodes/tgnn_sequences/episode_0298.json,80765.96816,0.12873795161324947,0.7883939038686987,0.23809523809523808,1,"{'candidate_operational_isl_satellites': 3453, 'inferred_plane_count': 60, 'eligible_plane_count': 52, 'selected_raan_centers_deg': [350.72249888, 9.24400881, 21.23658034, 27.04369366, 33.38640653, 46.06836973], 'raan_cluster_max_gap_deg': 1.0}"
299,2025-12-31T12:00:00Z,6,8,48,episodes/tgnn_sequences/episode_0299.json,24288.787872,0.1285844021212978,0.724155069582505,0.14583333333333334,1,"{'candidate_operational_isl_satellites': 3469, 'inferred_plane_count': 69, 'eligible_plane_count': 60, 'selected_raan_centers_deg': [138.14856883, 8.87860626, 15.77436513, 20.66439098, 25.55120026, 30.61260573], 'raan_cluster_max_gap_deg': 1.0}"
