design_id,run_id,run_key,design_index,realization_id,realization_index,split,contract_spec_hash,source_result_path,source_result_sha256,source_scientific_inventory_path,source_scientific_inventory_sha256,source_design_record_hash,source_run_record_hash,source_target_artifact_hash,num_planes,sats_per_plane,configured_satellite_count,altitude_km,inclination_deg,satellite_node_failure_probability,satellite_edge_failure_probability,civilian_count,government_count,military_count,total_ground_station_count,ground_station_failure_probability,partition_any,gcc_frac_min
D001,5,D001-R00,1,R00,0,train,fc13a33a0a1af435189990e54b6c68efa56bbc207c0cae6e27e12bf031605930,C:\Users\johns\satnet-stage-a-production-generate-v1-activation-20260730-production\run_005\result.json,bd6369b1f544c810f6791d50da3e5a5f3b13106e5a3111b7a881a9cccc008b18,C:\Users\johns\satnet-stage-a-production-generate-v1-activation-20260730-production\run_005\scientific_inventory.json,1713011ed475d90ff7ac311f5aa87bcae702e7c2e208df8058e5a27faa0a70a8,df8bb8d66ba298e0d8c7b5c23d2b1af849223c4d5d2f721f4cb399ee0d7a99d4,aa60f4c84cb4b89f3f86a8b5123f815f2b0ac62791077c9e28f0d134d9298bfd,3df2425dac53268497501fa4d2c662e4f18f4fd388e6776ff688af7cc11838b1,6,8,48,800,60,0.050000000000000003,0.050000000000000003,12,4,4,20,0.050000000000000003,0,0.9375
D001,6,D001-R01,1,R01,1,train,fc13a33a0a1af435189990e54b6c68efa56bbc207c0cae6e27e12bf031605930,C:\Users\johns\satnet-stage-a-production-generate-v1-activation-20260730-production\run_006\result.json,4ed0adeeb736b8755c4526ef1b5afd3e885e33d428e8405d7bcf1a7a3b63890a,C:\Users\johns\satnet-stage-a-production-generate-v1-activation-20260730-production\run_006\scientific_inventory.json,a3e964b1d79932db75324bc7fcd06774748adff5891321df63512283fc7555c1,df8bb8d66ba298e0d8c7b5c23d2b1af849223c4d5d2f721f4cb399ee0d7a99d4,7d485bf81efea68c2466d93639947bbe8c75720fdd54f77b654420077194f0c4,345b66741675107c9ccced609986fb1c58732b75f2023325592fc9ea718477d6,6,8,48,800,60,0.050000000000000003,0.050000000000000003,12,4,4,20,0.050000000000000003,1,0.9375
D001,7,D001-R02,1,R02,2,train,fc13a33a0a1af435189990e54b6c68efa56bbc207c0cae6e27e12bf031605930,C:\Users\johns\satnet-stage-a-production-generate-v1-activation-20260730-production\run_007\result.json,5d67e0dbd7f6cd4fba3148c7e27662b80901938400d39dd9d504dd4025cc0e9a,C:\Users\johns\satnet-stage-a-production-generate-v1-activation-20260730-production\run_007\scientific_inventory.json,4cf389211dd6f36f9c2c359aee5f13b4938180d972b4f70cbccc59cfbfc3d357,df8bb8d66ba298e0d8c7b5c23d2b1af849223c4d5d2f721f4cb399ee0d7a99d4,6180144676764f609e44e1dd3307f123dc21c8f3d8654c43d309e223e732d4b9,e47ce6e9a2fb8824f46dcc2293016fff5e0ba7fb719216c11a18aeaa76c05082,6,8,48,800,60,0.050000000000000003,0.050000000000000003,12,4,4,20,0.050000000000000003,0,0.97916666666666663
D001,8,D001-R03,1,R03,3,train,fc13a33a0a1af435189990e54b6c68efa56bbc207c0cae6e27e12bf031605930,C:\Users\johns\satnet-stage-a-production-generate-v1-activation-20260730-production\run_008\result.json,b2f78602fab0eddc5d81708353a3b12eefda7f79a64e6845e1c9f77cc0487b91,C:\Users\johns\satnet-stage-a-production-generate-v1-activation-20260730-production\run_008\scientific_inventory.json,3684a07d9b893e88eac6f403972f18f9bfc769a719fa52c33be609be912f05cc,df8bb8d66ba298e0d8c7b5c23d2b1af849223c4d5d2f721f4cb399ee0d7a99d4,94c62a0d7595f772dc6a1a70b9606df7c756165099e9f07c12e9c70b7469f146,06328b70dec56360c9dc8faed146e20260aafb14f52dd7aa51f24eba92d993a5,6,8,48,800,60,0.050000000000000003,0.050000000000000003,12,4,4,20,0.050000000000000003,1,0.91666666666666663
D001,9,D001-R04,1,R04,4,train,fc13a33a0a1af435189990e54b6c68efa56bbc207c0cae6e27e12bf031605930,C:\Users\johns\satnet-stage-a-production-generate-v1-activation-20260730-production\run_009\result.json,b28baa853db098c1778cd498a20058ba2e0c209812cfe154b571269e6014fe27,C:\Users\johns\satnet-stage-a-production-generate-v1-activation-20260730-production\run_009\scientific_inventory.json,c236a9e7c700a8c237a87fe97263fe1710e1386852ca8a89db36d45335ff1191,df8bb8d66ba298e0d8c7b5c23d2b1af849223c4d5d2f721f4cb399ee0d7a99d4,f642b3a2873269cbfe384a5bda57a099f89b880ff76c02db15dc8590db231126,3d7bef49032043c6c5f48cf51a284c7e2b857b18a58cb0aee5a03a8a5872cd62,6,8,48,800,60,0.050000000000000003,0.050000000000000003,12,4,4,20,0.050000000000000003,1,0.89583333333333337
D002,10,D002-R00,2,R00,0,train,fc13a33a0a1af435189990e54b6c68efa56bbc207c0cae6e27e12bf031605930,C:\Users\johns\satnet-stage-a-production-generate-v1-activation-20260730-production\run_010\result.json,a22ca5d3ba4853b06dcc0aee80dbd45025a49e05aa24d294e9ab7ab7b5d8a42e,C:\Users\johns\satnet-stage-a-production-generate-v1-activation-20260730-production\run_010\scientific_inventory.json,e9451b6425c2f2f3650f4d5ac2124463007eba55ee3481d3d834d74c64a5be5c,70aea21c81105981c5d4182f17bd3b19b39925555f566d91ad15d493fd5bd7bc,2154c0eec3fa16af91775ebcd64845c1bbff69669e3db93480bc07b42be7ba4c,57feae01f65a1de448b1f2f4eba8633ad69307153d60160df596ea84b53c50d6,5,6,30,600,55,0.10000000000000001,0.10000000000000001,4,3,3,10,0.14999999999999999,1,0.066666666666666666
D002,11,D002-R01,2,R01,1,train,fc13a33a0a1af435189990e54b6c68efa56bbc207c0cae6e27e12bf031605930,C:\Users\johns\satnet-stage-a-production-generate-v1-activation-20260730-production\run_011\result.json,d5e60ae13a4d6b57dd218329d0b69dc5314709ad07c734eef99a42d35574874c,C:\Users\johns\satnet-stage-a-production-generate-v1-activation-20260730-production\run_011\scientific_inventory.json,375b25fa36c38c360310d01f3bce38b6888a62e881c6fdcede456eeab6822b85,70aea21c81105981c5d4182f17bd3b19b39925555f566d91ad15d493fd5bd7bc,9c879f0b7c9bbd840da03973e78bfbf2bc901e98f0857738e0baf26380046685,f694aab04e4e719cb5b9b7849ce999239e753c244a34c72fcd98ba02817d059f,5,6,30,600,55,0.10000000000000001,0.10000000000000001,4,3,3,10,0.14999999999999999,1,0.033333333333333333
D002,12,D002-R02,2,R02,2,train,fc13a33a0a1af435189990e54b6c68efa56bbc207c0cae6e27e12bf031605930,C:\Users\johns\satnet-stage-a-production-generate-v1-activation-20260730-production\run_012\result.json,5bdafe13e70d34516bae08c5df41e420cee419594965618f899198c93aafb2b4,C:\Users\johns\satnet-stage-a-production-generate-v1-activation-20260730-production\run_012\scientific_inventory.json,85364a3c37bccecf785a524b01bfedfd830957a889ed987edfa67142f1cb90f1,70aea21c81105981c5d4182f17bd3b19b39925555f566d91ad15d493fd5bd7bc,2412db09ab57190e7641af81a21fc0a0e55c4e1d21a3d523aab5774003a9c5f3,af0b9888d2ca70b1df1964cb1a6eddb1f77865e8d4dde2e1a0870362189a8fa7,5,6,30,600,55,0.10000000000000001,0.10000000000000001,4,3,3,10,0.14999999999999999,1,0.066666666666666666
D002,13,D002-R03,2,R03,3,train,fc13a33a0a1af435189990e54b6c68efa56bbc207c0cae6e27e12bf031605930,C:\Users\johns\satnet-stage-a-production-generate-v1-activation-20260730-production\run_013\result.json,d3d76c82ba9187f220de7ff2ed21f2f89d979899fd0f8021f07ab102609dd4c0,C:\Users\johns\satnet-stage-a-production-generate-v1-activation-20260730-production\run_013\scientific_inventory.json,6ad98380c7a04df519343156d7df23e416b58a779f14cf597da4f64e9a3ce06f,70aea21c81105981c5d4182f17bd3b19b39925555f566d91ad15d493fd5bd7bc,c29c12ac7fb31df6af037c4b970fb8da538e0759f8892926340f205288218e5e,62c507ffcfdc85e8a7a33ef3388bb9c97fb53d023f00c0b1a68384a8cac3348e,5,6,30,600,55,0.10000000000000001,0.10000000000000001,4,3,3,10,0.14999999999999999,1,0.066666666666666666
D002,14,D002-R04,2,R04,4,train,fc13a33a0a1af435189990e54b6c68efa56bbc207c0cae6e27e12bf031605930,C:\Users\johns\satnet-stage-a-production-generate-v1-activation-20260730-production\run_014\result.json,85af68eebfa8db170c034303011ad3fd10289d3098e780cb5d2d83f18072b1e0,C:\Users\johns\satnet-stage-a-production-generate-v1-activation-20260730-production\run_014\scientific_inventory.json,98affda8e21a4786018962c6d88435c8bf7f7e4dfd6f39d6107e399fe6a7bf85,70aea21c81105981c5d4182f17bd3b19b39925555f566d91ad15d493fd5bd7bc,3e88a397ff4a52689fd96deae438fc1e9e6df175ade5d8728e573cd092c67b2d,0326da52d7cf173eae12735d9d6dbc1571ed591ef5e9efe56a2b68a070cbc03f,5,6,30,600,55,0.10000000000000001,0.10000000000000001,4,3,3,10,0.14999999999999999,1,0.066666666666666666
D004,20,D004-R00,4,R00,0,train,fc13a33a0a1af435189990e54b6c68efa56bbc207c0cae6e27e12bf031605930,C:\Users\johns\satnet-stage-a-production-generate-v1-activation-20260730-production\run_020\result.json,9d382313769b7b195128e030cd4ce464adba86cdc4d909c28601b0cd05dde329,C:\Users\johns\satnet-stage-a-production-generate-v1-activation-20260730-production\run_020\scientific_inventory.json,9b77c48fdd01b28a22529b0b54352df17e9452e757c23b47fa4cc1a0cfc1a69b,cc2f0ac798d512db53139a9baa92bce5e2b31e98a0ecab18d99e09370d697b31,487fb7d9baad7712f606296859facb1ef7cb26b2b8eebc412bd1f617d352c11e,a74e57acb87b45742756108c373d373ca4c9df1a913f5d691d5a77e54d1dbdc8,4,5,20,300,30,0.20000000000000001,0.25,1,1,1,3,0.40000000000000002,1,0.050000000000000003
D004,21,D004-R01,4,R01,1,train,fc13a33a0a1af435189990e54b6c68efa56bbc207c0cae6e27e12bf031605930,C:\Users\johns\satnet-stage-a-production-generate-v1-activation-20260730-production\run_021\result.json,4d41b77b4c2cf9ac8d41c4b09782e2e77c137275df58952553a286908f7960ad,C:\Users\johns\satnet-stage-a-production-generate-v1-activation-20260730-production\run_021\scientific_inventory.json,0f577a29c07bb344fb54cedf68210fff6975bb22ac439b87d074624a8a9376e9,cc2f0ac798d512db53139a9baa92bce5e2b31e98a0ecab18d99e09370d697b31,327cc68a78f17a2074f93f7a3b3ff915a6666cc2536b01980489fd0311fe9bc4,bc5eeff096e586f652b4411770450034c161cac73d17977f3d803d0daf43fb68,4,5,20,300,30,0.20000000000000001,0.25,1,1,1,3,0.40000000000000002,1,0.050000000000000003
D004,22,D004-R02,4,R02,2,train,fc13a33a0a1af435189990e54b6c68efa56bbc207c0cae6e27e12bf031605930,C:\Users\johns\satnet-stage-a-production-generate-v1-activation-20260730-production\run_022\result.json,16711aa6a38b843857e7757c0744ce59684e888604e5f07ebce89562d8fbef8b,C:\Users\johns\satnet-stage-a-production-generate-v1-activation-20260730-production\run_022\scientific_inventory.json,f070eecbe499aa8cc9a4187666f49721944fd444da1e43163c3510749427607c,cc2f0ac798d512db53139a9baa92bce5e2b31e98a0ecab18d99e09370d697b31,dcf35cb9d2afd44b9d7a99d2b0f3aa4918cd6f2b9f59022434c95d38d866b7ae,192bbc193d73c07e62da7184adff016aeb73f7fa7557f58e405e5c5a8292551b,4,5,20,300,30,0.20000000000000001,0.25,1,1,1,3,0.40000000000000002,1,0.050000000000000003
D004,23,D004-R03,4,R03,3,train,fc13a33a0a1af435189990e54b6c68efa56bbc207c0cae6e27e12bf031605930,C:\Users\johns\satnet-stage-a-production-generate-v1-activation-20260730-production\run_023\result.json,c9c38d71c448de3fb34e6e028e508fede8b24b169ff0d8e29cdd966caff46f6d,C:\Users\johns\satnet-stage-a-production-generate-v1-activation-20260730-production\run_023\scientific_inventory.json,09dc53c580bb6ce4f58d8ba4e5522c18e294b4e204ed822b5910a14c61f2b833,cc2f0ac798d512db53139a9baa92bce5e2b31e98a0ecab18d99e09370d697b31,2f3befdb1e18ba13e23a73b318711b7626b729c7e739da587f7e11ca0b80bb2d,57f227641b92405183d4cee0a010b70eded9bc4fb5464f71601a96f2268ddc5d,4,5,20,300,30,0.20000000000000001,0.25,1,1,1,3,0.40000000000000002,1,0.10000000000000001
D004,24,D004-R04,4,R04,4,train,fc13a33a0a1af435189990e54b6c68efa56bbc207c0cae6e27e12bf031605930,C:\Users\johns\satnet-stage-a-production-generate-v1-activation-20260730-production\run_024\result.json,99970d1ee0ffaa50d1e97823fbd97469d59a000ca8576f9114a2152eba904a96,C:\Users\johns\satnet-stage-a-production-generate-v1-activation-20260730-production\run_024\scientific_inventory.json,47bcf38f1ecb5803a690d9868a4c82b5fc5bc03a175ea22384f24be4ad6842b2,cc2f0ac798d512db53139a9baa92bce5e2b31e98a0ecab18d99e09370d697b31,0ea91d233807a7e947c05b111fa708d8e0600833c51c16f11403fec13fb94fa0,0cdc6a13462029bb62c2430e6a4cbc493d601a44bbdc371d159a63d2ec3f3b51,4,5,20,300,30,0.20000000000000001,0.25,1,1,1,3,0.40000000000000002,1,0.10000000000000001
D005,25,D005-R00,5,R00,0,train,fc13a33a0a1af435189990e54b6c68efa56bbc207c0cae6e27e12bf031605930,C:\Users\johns\satnet-stage-a-production-generate-v1-activation-20260730-production\run_025\result.json,35fa607d570688af5f6e31f287c3b749d26a2484fe4ad24277588e81bce26331,C:\Users\johns\satnet-stage-a-production-generate-v1-activation-20260730-production\run_025\scientific_inventory.json,0e1154e42fbb8355a0579b200c8da59158030c1a7fff7224c7c7a3722b411908,eff19a0bfff8e230e353b9d75da8802679957f788193cb9d8fd51528c159f91b,f2b74c9519b7063452491eb839cab08104b384c584a0afa0b37f3dafc8fb1165,9d2a137742d6a3212fd236b061ab00299f83a06f27466e47bd73cfc21ee3ce18,6,7,42,1111.9686499999486,81.844816765621289,0.041105278330820824,0.027474711922128955,6,3,3,12,0.036076309639062908,1,0.95238095238095233
D005,26,D005-R01,5,R01,1,train,fc13a33a0a1af435189990e54b6c68efa56bbc207c0cae6e27e12bf031605930,C:\Users\johns\satnet-stage-a-production-generate-v1-activation-20260730-production\run_026\result.json,1a560c8e9bbaa93dcfa7b5faae3dce09d8f948dcc4a3460dbaeee87d3462a1db,C:\Users\johns\satnet-stage-a-production-generate-v1-activation-20260730-production\run_026\scientific_inventory.json,d1b4cb4a9cd9c717739b8954b201be4b58f69b63917847a97d7618e1f26473d7,eff19a0bfff8e230e353b9d75da8802679957f788193cb9d8fd51528c159f91b,ebcc61b5f89cdd97d81f0a80184a6d9b01653eacdf0eafc77d3e8a1d506faebf,521e21ab073ff47efffd637f40bd0cbb9d1bd0c85ab8b9257a0d6407e779a43f,6,7,42,1111.9686499999486,81.844816765621289,0.041105278330820824,0.027474711922128955,6,3,3,12,0.036076309639062908,1,1
D005,27,D005-R02,5,R02,2,train,fc13a33a0a1af435189990e54b6c68efa56bbc207c0cae6e27e12bf031605930,C:\Users\johns\satnet-stage-a-production-generate-v1-activation-20260730-production\run_027\result.json,e8bec734c4e814e5e94f936ad83ef3fc84234c5947831f4d72707fca7eb0d09f,C:\Users\johns\satnet-stage-a-production-generate-v1-activation-20260730-production\run_027\scientific_inventory.json,eef6c8a4a308a52d6a627b59ab06c8c1e8ac5669ae2d666cc94002d31d5d663c,eff19a0bfff8e230e353b9d75da8802679957f788193cb9d8fd51528c159f91b,7e7caa04988c977c09b1032a57260e78e8fe51bbb34dc61bd6d5f2e1ca1ffc1a,033bed4e1ebbd563354e32e6a6f807f56c50233efee7032b69f9bc40c04553a2,6,7,42,1111.9686499999486,81.844816765621289,0.041105278330820824,0.027474711922128955,6,3,3,12,0.036076309639062908,1,0.95238095238095233
D005,28,D005-R03,5,R03,3,train,fc13a33a0a1af435189990e54b6c68efa56bbc207c0cae6e27e12bf031605930,C:\Users\johns\satnet-stage-a-production-generate-v1-activation-20260730-production\run_028\result.json,66e53bc02c493da030d7ca91d5e7e70c4f32a14652faedd0dfdb28c972dd7a18,C:\Users\johns\satnet-stage-a-production-generate-v1-activation-20260730-production\run_028\scientific_inventory.json,2b84f626de5f0480a8bf5437cdb71052dda125b3d31f7d70194eab66aa0b8a77,eff19a0bfff8e230e353b9d75da8802679957f788193cb9d8fd51528c159f91b,11ac846af4569151b7dc896d40bd9ab0b32175eca2fd95a77a594435d8a8bfc7,7fc300c785c18d3bd8333baa1915e9d72aeab10536070f79dd00eaf7b66c6d20,6,7,42,1111.9686499999486,81.844816765621289,0.041105278330820824,0.027474711922128955,6,3,3,12,0.036076309639062908,1,0.95238095238095233
D005,29,D005-R04,5,R04,4,train,fc13a33a0a1af435189990e54b6c68efa56bbc207c0cae6e27e12bf031605930,C:\Users\johns\satnet-stage-a-production-generate-v1-activation-20260730-production\run_029\result.json,2d373ec52d6134cbbd9f42020c8aff341d9794a77c33100d6316241e192da7f2,C:\Users\johns\satnet-stage-a-production-generate-v1-activation-20260730-production\run_029\scientific_inventory.json,5b6d3f8f91a99a8b058ace0995d28fe46ff7bb0dd79cece364a2c9ed3ae025d0,eff19a0bfff8e230e353b9d75da8802679957f788193cb9d8fd51528c159f91b,070c8c1363b3e99a4cbc598b8941ab23f61b6d3b49ca60b338aa232c49ea4c5a,7f826791e100d627a96a63acf5c7e173dd662c1c0f45bd6c4fe616434357fe7b,6,7,42,1111.9686499999486,81.844816765621289,0.041105278330820824,0.027474711922128955,6,3,3,12,0.036076309639062908,1,1
D006,30,D006-R00,6,R00,0,train,fc13a33a0a1af435189990e54b6c68efa56bbc207c0cae6e27e12bf031605930,C:\Users\johns\satnet-stage-a-production-generate-v1-activation-20260730-production\run_030\result.json,2de9878c2fd91e30fdee69b8da1185c1410e45cb82b6856331ec216845f34e9d,C:\Users\johns\satnet-stage-a-production-generate-v1-activation-20260730-production\run_030\scientific_inventory.json,a95e519b12b1dee0b9bdbdb8e94ad5cb4dd8c533f9d805b0fcc82c7bfbc8028b,c6160e9e3edee769b07bac7a1c53466e91642132713fc845d61cc00b42a7940f,d5cb84b180e71c12e7bed093e3de859a3bcc780761690319352e8214d3a13d28,c15098158f28c8f278f87d2ecdcebe885dfbe0814368f6e31e08b1c33e689af1,6,6,36,1038.61084955311,87.231711871863936,0.035439897690829988,0.025786601719055429,7,7,6,20,0.045053833483280008,1,0.16666666666666666
D006,31,D006-R01,6,R01,1,train,fc13a33a0a1af435189990e54b6c68efa56bbc207c0cae6e27e12bf031605930,C:\Users\johns\satnet-stage-a-production-generate-v1-activation-20260730-production\run_031\result.json,58279c4892e379b0db075f98dea496e55203feef7fe66eedeb11c3c13b1539f3,C:\Users\johns\satnet-stage-a-production-generate-v1-activation-20260730-production\run_031\scientific_inventory.json,52f85ec980099a8ed30fd6a4e22d9a598708e1eea70ac7f47a941106b13b839b,c6160e9e3edee769b07bac7a1c53466e91642132713fc845d61cc00b42a7940f,9794d61d6d715d98185caefb77f13e84ef04e480df427d9e13baf3f2f205fad5,1c3adb67384cd5cb77da7b0e4605d86568eb56aa881e253401b2ba0a0bb847d0,6,6,36,1038.61084955311,87.231711871863936,0.035439897690829988,0.025786601719055429,7,7,6,20,0.045053833483280008,1,0.16666666666666666
D006,32,D006-R02,6,R02,2,train,fc13a33a0a1af435189990e54b6c68efa56bbc207c0cae6e27e12bf031605930,C:\Users\johns\satnet-stage-a-production-generate-v1-activation-20260730-production\run_032\result.json,65fd7e1a8b0a3496bd5aca5e6108b9bb070c6276e942376c5d5d7a4de32a5152,C:\Users\johns\satnet-stage-a-production-generate-v1-activation-20260730-production\run_032\scientific_inventory.json,a71da7a694d8332c3f0d8e96b2ec83ccd0ea8d7f8e8435c908c636b76b44cbbd,c6160e9e3edee769b07bac7a1c53466e91642132713fc845d61cc00b42a7940f,ce5ed2e6b8be474705a570a46f11f9e7a1266ec5f85270ccae80cf62648afce0,cf329e867792dc0ea1662a1ee5529852a54d591183577d2c976478f513a8f3d6,6,6,36,1038.61084955311,87.231711871863936,0.035439897690829988,0.025786601719055429,7,7,6,20,0.045053833483280008,1,0.1388888888888889
D006,33,D006-R03,6,R03,3,train,fc13a33a0a1af435189990e54b6c68efa56bbc207c0cae6e27e12bf031605930,C:\Users\johns\satnet-stage-a-production-generate-v1-activation-20260730-production\run_033\result.json,6b0077bd1f5c9bf44782aadf8fe330e0dfcc257e6a7b7d513bd7a894648c74af,C:\Users\johns\satnet-stage-a-production-generate-v1-activation-20260730-production\run_033\scientific_inventory.json,0ddd23e33cdc5237bf508d56dce0313aa066ef78c511391aa1cfcfc81ccedc77,c6160e9e3edee769b07bac7a1c53466e91642132713fc845d61cc00b42a7940f,dbb2c8bf465214d0ca290e71d70d1cd9fb28997bf6d9ad9ec302b020f43da7b9,bbb71bf4215adffc7f51742295e29059029447677dceb9b46a8e415e47aae092,6,6,36,1038.61084955311,87.231711871863936,0.035439897690829988,0.025786601719055429,7,7,6,20,0.045053833483280008,1,0.16666666666666666
D006,34,D006-R04,6,R04,4,train,fc13a33a0a1af435189990e54b6c68efa56bbc207c0cae6e27e12bf031605930,C:\Users\johns\satnet-stage-a-production-generate-v1-activation-20260730-production\run_034\result.json,24ccc7d15e0cf3c6d05822293082e43fa0f9088c53428ae23ca535d4c1cc9fac,C:\Users\johns\satnet-stage-a-production-generate-v1-activation-20260730-production\run_034\scientific_inventory.json,79f97f37da8aee37dfe40658c50ca24da0f83090d39bb97630b976fa562150a8,c6160e9e3edee769b07bac7a1c53466e91642132713fc845d61cc00b42a7940f,85ca59b3a2943b403a9dc19a726829d7f1c250b6afd783a0665774d33fb9b684,634381898d1a21ed95083c9f483d295be2d87e7a56f5a0ca9acbeff154281d6f,6,6,36,1038.61084955311,87.231711871863936,0.035439897690829988,0.025786601719055429,7,7,6,20,0.045053833483280008,1,0.16666666666666666
D008,40,D008-R00,8,R00,0,train,fc13a33a0a1af435189990e54b6c68efa56bbc207c0cae6e27e12bf031605930,C:\Users\johns\satnet-stage-a-production-generate-v1-activation-20260730-production\run_040\result.json,c306646503fd52b3f3e5da4b3e54b20bb0fc5a654c5e4002dca088e3550b93d8,C:\Users\johns\satnet-stage-a-production-generate-v1-activation-20260730-production\run_040\scientific_inventory.json,aa597f5ca59cafec2a5dd46c0fd8710b10ef23cfe02db04825511a65d0a3d486,5ef9206ee1374df63d7645bf2f0ab3c603f0be206882639bc4d1e63cd58dfda4,3e4635554fa1e295269575ac20947b48d43d1f103a50178dfd78496155aa431f,ba11666a86595c22edb6d5de21535e07d94b96780d1a497c92043de766c4050a,6,8,48,1088.9548709955184,75.381656446973892,0.017749029607012388,0.029548520937256247,4,8,8,20,0.051902218804391533,0,0.97916666666666663
D008,41,D008-R01,8,R01,1,train,fc13a33a0a1af435189990e54b6c68efa56bbc207c0cae6e27e12bf031605930,C:\Users\johns\satnet-stage-a-production-generate-v1-activation-20260730-production\run_041\result.json,eda19640dfcf00994c970aec82f5892417b1aa8f36d938d7865b0b6e93a6475f,C:\Users\johns\satnet-stage-a-production-generate-v1-activation-20260730-production\run_041\scientific_inventory.json,a8bff2b2d0ff6c2025cad7b1c5e198d565ac6901ac2d85d7c61d87ed020a0c19,5ef9206ee1374df63d7645bf2f0ab3c603f0be206882639bc4d1e63cd58dfda4,d52c62cc7b72d0a765caa1101c9f04a86929542310de256579e03aa15a2685e8,601ccd559643805d974246d8848464a68b8c23e4baf5fa9812dd1d9d98c225bb,6,8,48,1088.9548709955184,75.381656446973892,0.017749029607012388,0.029548520937256247,4,8,8,20,0.051902218804391533,0,0.97916666666666663
D008,42,D008-R02,8,R02,2,train,fc13a33a0a1af435189990e54b6c68efa56bbc207c0cae6e27e12bf031605930,C:\Users\johns\satnet-stage-a-production-generate-v1-activation-20260730-production\run_042\result.json,9eae988e2f4a7da852595559016c73b3bb411156c2238e1d2a1d06e3c1b613dd,C:\Users\johns\satnet-stage-a-production-generate-v1-activation-20260730-production\run_042\scientific_inventory.json,6b96901d1721be02f41b6a72467ca264985d19d6c31a9c5d304dd734245895fc,5ef9206ee1374df63d7645bf2f0ab3c603f0be206882639bc4d1e63cd58dfda4,18e31360d779868b6df17ab68ade2c54cc42ddb2963e726b01116d172371c6ac,a7682fb220c72b578d5a3721f95fd41b162d8cbbc63c92a712329cba7606bc18,6,8,48,1088.9548709955184,75.381656446973892,0.017749029607012388,0.029548520937256247,4,8,8,20,0.051902218804391533,0,1
D008,43,D008-R03,8,R03,3,train,fc13a33a0a1af435189990e54b6c68efa56bbc207c0cae6e27e12bf031605930,C:\Users\johns\satnet-stage-a-production-generate-v1-activation-20260730-production\run_043\result.json,864fca8d5b7f2839b455b5022ba523364764ad2fd7459c881e155a4a91c7712b,C:\Users\johns\satnet-stage-a-production-generate-v1-activation-20260730-production\run_043\scientific_inventory.json,c9ae43b976d0274225d53d3bc1b67d787839306a299e6fdaf9f5181d81b267fd,5ef9206ee1374df63d7645bf2f0ab3c603f0be206882639bc4d1e63cd58dfda4,16cd859d4e3b2666a9dede3bf95f7f2eb63a512ac24db11a25db0c960c3bca52,95d17105754ff0d69d398fb5e1d13406a7ec69cbea00551c67a10eabe8a6125a,6,8,48,1088.9548709955184,75.381656446973892,0.017749029607012388,0.029548520937256247,4,8,8,20,0.051902218804391533,0,1
D008,44,D008-R04,8,R04,4,train,fc13a33a0a1af435189990e54b6c68efa56bbc207c0cae6e27e12bf031605930,C:\Users\johns\satnet-stage-a-production-generate-v1-activation-20260730-production\run_044\result.json,10052611a27b0bac236eebd744402873367b5a3d20b3af90d08c5c34acc690e9,C:\Users\johns\satnet-stage-a-production-generate-v1-activation-20260730-production\run_044\scientific_inventory.json,9cf23d45de6eaee5501e39522f415639893c2c3f9927a81a2b198d4fc1c4c597,5ef9206ee1374df63d7645bf2f0ab3c603f0be206882639bc4d1e63cd58dfda4,2e77ff99068f422cb61c7579f37a53a725e2e5fb2f652239f00fa38ecaa001f5,2754cd8709427a50de50e8da0a8e0056aa34dc4c5c78918bebb0d41e5fe57f3f,6,8,48,1088.9548709955184,75.381656446973892,0.017749029607012388,0.029548520937256247,4,8,8,20,0.051902218804391533,0,0.97916666666666663
D009,45,D009-R00,9,R00,0,train,fc13a33a0a1af435189990e54b6c68efa56bbc207c0cae6e27e12bf031605930,C:\Users\johns\satnet-stage-a-production-generate-v1-activation-20260730-production\run_045\result.json,39b1abb96fc658d7c07ebc69cb66ef28eec0cf8a9b33a8faa18187a968a4ee58,C:\Users\johns\satnet-stage-a-production-generate-v1-activation-20260730-production\run_045\scientific_inventory.json,b0b5438f9b8d1ac813cd6cdab320e64e5e6acda3dba0271b065e277a87133345,303d5a39ef54d79bec3a015c417a422c84b3d6971731a90f704bc1aac0399997,30784f066f245577faa1dbe5d101733cb826c229e701220e6931acdbb8fbef7c,d34aa09afca6bf4630fdb5a4e859719648fb77361a7ff20390953313b1ee6356,5,8,40,1144.9917878349572,87.836963313492006,0.02238871219877922,0.047118020541645211,3,5,2,10,0.04240172142231776,0,0.94999999999999996
D009,46,D009-R01,9,R01,1,train,fc13a33a0a1af435189990e54b6c68efa56bbc207c0cae6e27e12bf031605930,C:\Users\johns\satnet-stage-a-production-generate-v1-activation-20260730-production\run_046\result.json,ef099114ce6775b92e361f931e96ef4aca13a8ee588391fb25ff1e182e7de808,C:\Users\johns\satnet-stage-a-production-generate-v1-activation-20260730-production\run_046\scientific_inventory.json,a1bfb73c7e685106aaa864ca087a1e6cdd9d98d2468f814e2c4c4e4f175a291a,303d5a39ef54d79bec3a015c417a422c84b3d6971731a90f704bc1aac0399997,1857dba40a5a8ffb6769fc0cdd94f6591d7320a570adb8ddafac845cb283b88b,cfe021e243f7fdcd66f698b73281e7f9a0fdb6a17ba557d4172b8a03d3924c32,5,8,40,1144.9917878349572,87.836963313492006,0.02238871219877922,0.047118020541645211,3,5,2,10,0.04240172142231776,0,1
D009,47,D009-R02,9,R02,2,train,fc13a33a0a1af435189990e54b6c68efa56bbc207c0cae6e27e12bf031605930,C:\Users\johns\satnet-stage-a-production-generate-v1-activation-20260730-production\run_047\result.json,353cc6845291b1e49d9880e8e72f22cd6ecbd6c0271776593f173f265bf3dc7d,C:\Users\johns\satnet-stage-a-production-generate-v1-activation-20260730-production\run_047\scientific_inventory.json,d17f1cc0cbe4cec1f02f341486edbae6a67c3a2fb4ae4850f85b8fc47c047d2b,303d5a39ef54d79bec3a015c417a422c84b3d6971731a90f704bc1aac0399997,64a627aedcdbe324ccb1efa08cc92686f9e2cd3411b03ccfd57401744960d78e,66ab4d6a0a8d2d44c5f0970782358836b019b6afd14f9d6578d90e5c50400c73,5,8,40,1144.9917878349572,87.836963313492006,0.02238871219877922,0.047118020541645211,3,5,2,10,0.04240172142231776,0,0.97499999999999998
D009,48,D009-R03,9,R03,3,train,fc13a33a0a1af435189990e54b6c68efa56bbc207c0cae6e27e12bf031605930,C:\Users\johns\satnet-stage-a-production-generate-v1-activation-20260730-production\run_048\result.json,6ddd84847446d6800329e707bdc108c86497d4471be55f54d9e2221f19be2722,C:\Users\johns\satnet-stage-a-production-generate-v1-activation-20260730-production\run_048\scientific_inventory.json,8a805a7f6d7f7321352d384f1de64f1bf5524ba510613751fcc3d8e53cd00010,303d5a39ef54d79bec3a015c417a422c84b3d6971731a90f704bc1aac0399997,800455bd4068fec4d1400e866252aaf1f0814a6b0ad7d14b52dc1b6065bf7b7e,e34c83a6891983976e7fce6ceea16e6801f0fe5dd3ea5d039d2d3d37a75ead3b,5,8,40,1144.9917878349572,87.836963313492006,0.02238871219877922,0.047118020541645211,3,5,2,10,0.04240172142231776,0,0.97499999999999998
D009,49,D009-R04,9,R04,4,train,fc13a33a0a1af435189990e54b6c68efa56bbc207c0cae6e27e12bf031605930,C:\Users\johns\satnet-stage-a-production-generate-v1-activation-20260730-production\run_049\result.json,5cb8779132c3eceba6cea88afe322b008a1fe74f117f76b9a3cbee782359ce46,C:\Users\johns\satnet-stage-a-production-generate-v1-activation-20260730-production\run_049\scientific_inventory.json,a2c5f04c48460210b746fa7deda161114c4b2d7596c2d1c5e2e6d1ea8dddbeb6,303d5a39ef54d79bec3a015c417a422c84b3d6971731a90f704bc1aac0399997,a1891604301e1b8854261cea64144d6ade22e721b8e1bdf67df6a13adfb89de6,627705841a2ad50e6a1deee070f20027051b30648789ae3211f3f46d47bb3ff3,5,8,40,1144.9917878349572,87.836963313492006,0.02238871219877922,0.047118020541645211,3,5,2,10,0.04240172142231776,0,0.90000000000000002
D010,50,D010-R00,10,R00,0,train,fc13a33a0a1af435189990e54b6c68efa56bbc207c0cae6e27e12bf031605930,C:\Users\johns\satnet-stage-a-production-generate-v1-activation-20260730-production\run_050\result.json,d77a0606d4483da1377e137d438725cc80c60629caf09786bd42bcae4e0deb6b,C:\Users\johns\satnet-stage-a-production-generate-v1-activation-20260730-production\run_050\scientific_inventory.json,e8533c74f69402f28acc291d45926f2b0533f8b43ad376483ae2f72faba90ce0,3b8119ade3813eb6cb1c3f1ee4fe70a7cdc9a225daa48889d39a92676f6aa102,2ccec010b5eb87b81d66c34c030f1094231d31f25dc133373c45020ad2e2a3a4,a13602791e22749da0eb6bf2123abd54b594427986ffcfb662b742140b100d2b,5,7,35,1006.9522985492877,86.289544887252546,0.030001147012784016,0.036600369750081248,8,4,3,15,0.023892089841452559,1,0.91428571428571426
D010,51,D010-R01,10,R01,1,train,fc13a33a0a1af435189990e54b6c68efa56bbc207c0cae6e27e12bf031605930,C:\Users\johns\satnet-stage-a-production-generate-v1-activation-20260730-production\run_051\result.json,4cbe7c26e774aa172aef87c48be36de3cd71e23aa88677f378f25dba161066ec,C:\Users\johns\satnet-stage-a-production-generate-v1-activation-20260730-production\run_051\scientific_inventory.json,60e50cbdfe01b80286350ac74aefdde7d6be0daa2b8fd12f4f32578ae135c6f5,3b8119ade3813eb6cb1c3f1ee4fe70a7cdc9a225daa48889d39a92676f6aa102,c070cde788245ec3a781b937eb998b15fa6d00b15f9147e760a459f0bcc05722,e63399ac92cf827735e9bb46cbb25a943ae21c0913ed31e521c4cde6b8aa1c6b,5,7,35,1006.9522985492877,86.289544887252546,0.030001147012784016,0.036600369750081248,8,4,3,15,0.023892089841452559,1,1
D010,52,D010-R02,10,R02,2,train,fc13a33a0a1af435189990e54b6c68efa56bbc207c0cae6e27e12bf031605930,C:\Users\johns\satnet-stage-a-production-generate-v1-activation-20260730-production\run_052\result.json,9e54daa20f84cd968f6355cb7e14f764cc72cef86b50b705e6dce2d6fb3d6e3f,C:\Users\johns\satnet-stage-a-production-generate-v1-activation-20260730-production\run_052\scientific_inventory.json,bfb93186fbd4a403d3140f669c764b1c644e6c0887bdcd06bda14608bf1cd6b3,3b8119ade3813eb6cb1c3f1ee4fe70a7cdc9a225daa48889d39a92676f6aa102,b8f5013657d0495b91168940ae9567938997eea940dd4581c0ac6ce9f59eb6df,5a64bbda25e521ed683e15c3cad3c11c22f66ad157661aacc350cd5553eb4873,5,7,35,1006.9522985492877,86.289544887252546,0.030001147012784016,0.036600369750081248,8,4,3,15,0.023892089841452559,1,1
D010,53,D010-R03,10,R03,3,train,fc13a33a0a1af435189990e54b6c68efa56bbc207c0cae6e27e12bf031605930,C:\Users\johns\satnet-stage-a-production-generate-v1-activation-20260730-production\run_053\result.json,b5dd7096cdfffa082541a6ede46265ee1458baf81a2e0ce0ce884a9c298dadbd,C:\Users\johns\satnet-stage-a-production-generate-v1-activation-20260730-production\run_053\scientific_inventory.json,84bf3ea683b96bb199f778089c897b574d2e6c3fb96828e497aecf64da965d71,3b8119ade3813eb6cb1c3f1ee4fe70a7cdc9a225daa48889d39a92676f6aa102,bf3116fc1a8391f6a2a57610bb4924e65cfdeef673c2822ac276fb453b79b837,09cc8ad91d40e04e8b716a0dbd7f9f7cc52bb95b87acdb610821ebacff4c6abe,5,7,35,1006.9522985492877,86.289544887252546,0.030001147012784016,0.036600369750081248,8,4,3,15,0.023892089841452559,1,0.97142857142857142
D010,54,D010-R04,10,R04,4,train,fc13a33a0a1af435189990e54b6c68efa56bbc207c0cae6e27e12bf031605930,C:\Users\johns\satnet-stage-a-production-generate-v1-activation-20260730-production\run_054\result.json,530d821784a1941107ce384cf5b82a8958411cab35604933273a7e95c54579e9,C:\Users\johns\satnet-stage-a-production-generate-v1-activation-20260730-production\run_054\scientific_inventory.json,3bdf791af8a3d0002f81d83639cfd6b41e03a6b28f041182305cd6ca2014233c,3b8119ade3813eb6cb1c3f1ee4fe70a7cdc9a225daa48889d39a92676f6aa102,bca0abf2486c6a3408e3c4eaf76aa2d49b9cf2cc1bda24ff2a990d890a43d51d,e239195320ef9116aac07bd487abcf15183f4af63d98e8be4d0299edf4ed994e,5,7,35,1006.9522985492877,86.289544887252546,0.030001147012784016,0.036600369750081248,8,4,3,15,0.023892089841452559,1,0.94285714285714284
D011,55,D011-R00,11,R00,0,train,fc13a33a0a1af435189990e54b6c68efa56bbc207c0cae6e27e12bf031605930,C:\Users\johns\satnet-stage-a-production-generate-v1-activation-20260730-production\run_055\result.json,8b1ec89e072e308496efec5847ed9a5fca667970099fd566206ab176c06fb477,C:\Users\johns\satnet-stage-a-production-generate-v1-activation-20260730-production\run_055\scientific_inventory.json,d2de951c90119236cb264a188c7123a98501d4d0c0dfe96943d0334e3f44f1c2,209b93a1805555effc5ddd96a701dce04aafffd89d3bcb5af5911637b19422bc,7cffc21030a2b657326db9515dcc397aa209b8f8c68b93791ea7d2e37257acc2,c344d71000f2c1ba8279ac8f32eed4162555643ef1b5c2179227d6b83c9ee41b,6,6,36,880.33778482354296,80.266171403952953,0.043734611205727442,0.033950012651103631,4,3,3,10,0.027969289678541551,1,0.16666666666666666
D011,56,D011-R01,11,R01,1,train,fc13a33a0a1af435189990e54b6c68efa56bbc207c0cae6e27e12bf031605930,C:\Users\johns\satnet-stage-a-production-generate-v1-activation-20260730-production\run_056\result.json,92eeb91833cf53ff597d1f24838ad16ac6e40317127400b7d3ddf95290d4462d,C:\Users\johns\satnet-stage-a-production-generate-v1-activation-20260730-production\run_056\scientific_inventory.json,f70034075699db7a6e228934d1d5b0a056c8b92af0189d58095ef12b0a343a1c,209b93a1805555effc5ddd96a701dce04aafffd89d3bcb5af5911637b19422bc,ffa426d3fff5d72fcc92372dcaec88a43658d8481f849083b5aa8e2f5232e158,f10cd8487fcd78ab51c638e57c7ec472c371fd3c02a81019ec3eef4a70d818a0,6,6,36,880.33778482354296,80.266171403952953,0.043734611205727442,0.033950012651103631,4,3,3,10,0.027969289678541551,1,0.16666666666666666
D011,57,D011-R02,11,R02,2,train,fc13a33a0a1af435189990e54b6c68efa56bbc207c0cae6e27e12bf031605930,C:\Users\johns\satnet-stage-a-production-generate-v1-activation-20260730-production\run_057\result.json,d8462b8953ae26c66dfebc09ef4633e90fe23227c3721a6426dddbc675141805,C:\Users\johns\satnet-stage-a-production-generate-v1-activation-20260730-production\run_057\scientific_inventory.json,8bcddc93be10e47b3957a79cb31b2f9b9e129dcd984e16cc16d19f374be9452a,209b93a1805555effc5ddd96a701dce04aafffd89d3bcb5af5911637b19422bc,fe824d15a1ff74a5fe7a78d3b946a9c0eb44645f154c71d91cf83a7a7e812dca,141c9bcb63c5f9133d9b161d26a6e54261e2e32bd19ce00d5cdc9578be4cba91,6,6,36,880.33778482354296,80.266171403952953,0.043734611205727442,0.033950012651103631,4,3,3,10,0.027969289678541551,1,0.16666666666666666
D011,58,D011-R03,11,R03,3,train,fc13a33a0a1af435189990e54b6c68efa56bbc207c0cae6e27e12bf031605930,C:\Users\johns\satnet-stage-a-production-generate-v1-activation-20260730-production\run_058\result.json,9ad670476c570cff1f09f371ac0a0aac8f99dce6f5776208989102f53dab4cec,C:\Users\johns\satnet-stage-a-production-generate-v1-activation-20260730-production\run_058\scientific_inventory.json,256adc4f08cb9c42349290b5dade8d4bcf03da26058c5b85c0da78840819f9ac,209b93a1805555effc5ddd96a701dce04aafffd89d3bcb5af5911637b19422bc,28197f5da511e19e752214dd180ce94c36ad41b76f6e5ebd9586f9c65f385480,aa278ec284a9a0fcb531b7bb83d58a3b1243a64e1a47a77820d27baf4eff135b,6,6,36,880.33778482354296,80.266171403952953,0.043734611205727442,0.033950012651103631,4,3,3,10,0.027969289678541551,1,0.16666666666666666
D011,59,D011-R04,11,R04,4,train,fc13a33a0a1af435189990e54b6c68efa56bbc207c0cae6e27e12bf031605930,C:\Users\johns\satnet-stage-a-production-generate-v1-activation-20260730-production\run_059\result.json,27c74be26e6a30be18353395f4165467a138abdb781acb2e6bb383dacbf8039d,C:\Users\johns\satnet-stage-a-production-generate-v1-activation-20260730-production\run_059\scientific_inventory.json,91a4d5b9a85baf3fb38bc22fe3b33744841743fade4039356434e7380180cac7,209b93a1805555effc5ddd96a701dce04aafffd89d3bcb5af5911637b19422bc,f3105b000dab4cd88f5efbf20a0669c741b234bcdb54985e2899292da7b56340,b0d91c2ed0fd1686dfcaf29df91f9846f838db683fc541375619fff2064fc506,6,6,36,880.33778482354296,80.266171403952953,0.043734611205727442,0.033950012651103631,4,3,3,10,0.027969289678541551,1,0.16666666666666666
D013,65,D013-R00,13,R00,0,train,fc13a33a0a1af435189990e54b6c68efa56bbc207c0cae6e27e12bf031605930,C:\Users\johns\satnet-stage-a-production-generate-v1-activation-20260730-production\run_065\result.json,10842640eb7ffd39b308904a5a8526b6fdeec603ccfe58a9b3e5fe35ca7292a5,C:\Users\johns\satnet-stage-a-production-generate-v1-activation-20260730-production\run_065\scientific_inventory.json,ea3ed95bef68908186defc204137fff77a708c73f94f1ea26bc7df117b1f2b35,b2eb076df6f7f99a7c69df6b1c5cbfcb5b7f15143b3cdfe3d6e8083fae53fa71,96c2818e55bdd6b8a58de550a43b0638dc430a4ee5c96250bd63adf4d8083352,ec4379eeb3e6218c8e7137fdcdbbb7a7910f5ee6f548b4e4c21af1366283353d,5,7,35,1159.1183603575389,83.981194197723156,0.037201036168085747,0.042723814295528274,5,4,3,12,0.038226701838778895,1,0.94285714285714284
D013,66,D013-R01,13,R01,1,train,fc13a33a0a1af435189990e54b6c68efa56bbc207c0cae6e27e12bf031605930,C:\Users\johns\satnet-stage-a-production-generate-v1-activation-20260730-production\run_066\result.json,1e01f8b0ff6dc76b4de430d64cb41e8e8e3e8dd1ef7ff2fc95faa64b7dfd4dda,C:\Users\johns\satnet-stage-a-production-generate-v1-activation-20260730-production\run_066\scientific_inventory.json,881775274cba36f991570fd69444546bbcba548e7bc76634b1a41086d495d414,b2eb076df6f7f99a7c69df6b1c5cbfcb5b7f15143b3cdfe3d6e8083fae53fa71,7e93e421d8a43a964cf33f6901721ad6cc8272fbd479b97326ac287188fd1916,22ce1a21fca1d4cc6655ca306ddc9b14ba274d681bc0bce19fb03b75f7ffa31e,5,7,35,1159.1183603575389,83.981194197723156,0.037201036168085747,0.042723814295528274,5,4,3,12,0.038226701838778895,0,0.94285714285714284
D013,67,D013-R02,13,R02,2,train,fc13a33a0a1af435189990e54b6c68efa56bbc207c0cae6e27e12bf031605930,C:\Users\johns\satnet-stage-a-production-generate-v1-activation-20260730-production\run_067\result.json,2dc3590254d29c17f542827b5fceb5cfadd3d391c6bedca4cc32d68dbe90835a,C:\Users\johns\satnet-stage-a-production-generate-v1-activation-20260730-production\run_067\scientific_inventory.json,8d6bc0b162ff74072c86188f749ea089347e89c540a78786713027c6ac0396cb,b2eb076df6f7f99a7c69df6b1c5cbfcb5b7f15143b3cdfe3d6e8083fae53fa71,8caae15457868c908990e10e01c203ee1fea4ef4cfb2f49c9a47f5f743d481d8,2ce92db75bb6b88e674f21b734142e9485082ca240b738ab42aec0f2fd69446a,5,7,35,1159.1183603575389,83.981194197723156,0.037201036168085747,0.042723814295528274,5,4,3,12,0.038226701838778895,0,1
D013,68,D013-R03,13,R03,3,train,fc13a33a0a1af435189990e54b6c68efa56bbc207c0cae6e27e12bf031605930,C:\Users\johns\satnet-stage-a-production-generate-v1-activation-20260730-production\run_068\result.json,afcf7a4f9b763a22a49dc385c5895a05abb0247e0a117d7bccb24d3782f42150,C:\Users\johns\satnet-stage-a-production-generate-v1-activation-20260730-production\run_068\scientific_inventory.json,7384e5a10b4521cfbddde7e8325dc075f6c6d12a08dd84f5e864d3417ea8da03,b2eb076df6f7f99a7c69df6b1c5cbfcb5b7f15143b3cdfe3d6e8083fae53fa71,fa2261eb93573fb0db07bcdea00b66f70d0423ffac964e66f9e6d2f3068620f8,279c8ea9f1a9f9cb8e38f89fb5f26cfba7bca0f8a21da6510d3491e76d61a092,5,7,35,1159.1183603575389,83.981194197723156,0.037201036168085747,0.042723814295528274,5,4,3,12,0.038226701838778895,0,1
D013,69,D013-R04,13,R04,4,train,fc13a33a0a1af435189990e54b6c68efa56bbc207c0cae6e27e12bf031605930,C:\Users\johns\satnet-stage-a-production-generate-v1-activation-20260730-production\run_069\result.json,d08d97e50bcdd64564914bedbeb60fd013807df9885fdf4e9e23ab422c2288cd,C:\Users\johns\satnet-stage-a-production-generate-v1-activation-20260730-production\run_069\scientific_inventory.json,2fa464ec8acac1f07574d4f4f9e3ebf90b1300bccc5d2366870a5909cf06254b,b2eb076df6f7f99a7c69df6b1c5cbfcb5b7f15143b3cdfe3d6e8083fae53fa71,595581d7b4303c1584eb91cf556c1cfea1c31e4d07c00cb8893fc486a2cfccd7,8b4a9f3aef9729e6611b2d7c995ddda931b8252ed454463cd3535714082ac0f6,5,7,35,1159.1183603575389,83.981194197723156,0.037201036168085747,0.042723814295528274,5,4,3,12,0.038226701838778895,0,1
D014,70,D014-R00,14,R00,0,train,fc13a33a0a1af435189990e54b6c68efa56bbc207c0cae6e27e12bf031605930,C:\Users\johns\satnet-stage-a-production-generate-v1-activation-20260730-production\run_070\result.json,5ffdd919694245e17d236cb5a5d4f821a75699b37220c9aeaf1f910571ce47f8,C:\Users\johns\satnet-stage-a-production-generate-v1-activation-20260730-production\run_070\scientific_inventory.json,858c0f909967be6eb96cd426fa622394202c0f481c2842032f52f671e08525ac,df764aba35d5becd3675832e8ad377abeb8907793672d69c9579094a82c5deb1,912bb9500c235b425a9ef9ed30f4d88759a481646bb59f37f9fe9f8091df61fe,6332a6e4e52189fcdd7d092385e81f34dd534a4330afde471f66d4cd2c7b904d,5,8,40,1028.3037542705656,78.192444620650932,0.021029839200353281,0.024992378573454977,7,4,7,18,0.036945575964249328,0,0.97499999999999998
D014,71,D014-R01,14,R01,1,train,fc13a33a0a1af435189990e54b6c68efa56bbc207c0cae6e27e12bf031605930,C:\Users\johns\satnet-stage-a-production-generate-v1-activation-20260730-production\run_071\result.json,b1da2d49980142d9fd57586d4ee1b3d73c698d3979c44c2967e0d089113068fc,C:\Users\johns\satnet-stage-a-production-generate-v1-activation-20260730-production\run_071\scientific_inventory.json,099c0f2d17ef5d8b66f76f2173643ca8a46b793623bdb616ab5574a7350e9c9a,df764aba35d5becd3675832e8ad377abeb8907793672d69c9579094a82c5deb1,924b8ed9a25b1bf70844f26e6fdbbf28fd8e8c0bdbe9f339349d8646acbbb578,dcf1992edb76dff3a8e668a188df8771736a5a62c5db2ad77971e8510d1e486e,5,8,40,1028.3037542705656,78.192444620650932,0.021029839200353281,0.024992378573454977,7,4,7,18,0.036945575964249328,1,0.92500000000000004
D014,72,D014-R02,14,R02,2,train,fc13a33a0a1af435189990e54b6c68efa56bbc207c0cae6e27e12bf031605930,C:\Users\johns\satnet-stage-a-production-generate-v1-activation-20260730-production\run_072\result.json,16956c10b14c5c85558242b74644ed15d562f59fde005845fe468f0bf6e60b79,C:\Users\johns\satnet-stage-a-production-generate-v1-activation-20260730-production\run_072\scientific_inventory.json,5d919887474fa07f3c2f201bea9948529289cf12c03e31a03993637513ec4019,df764aba35d5becd3675832e8ad377abeb8907793672d69c9579094a82c5deb1,d74b6eb51498c0a1b933e1e3e8c5a85c27827ce080dbf7d2ce920a7241f17bd7,34cc7ef91dee7bf08825b7358814e72c1c2b6fca1aa59471c88c67d00d716149,5,8,40,1028.3037542705656,78.192444620650932,0.021029839200353281,0.024992378573454977,7,4,7,18,0.036945575964249328,0,1
D014,73,D014-R03,14,R03,3,train,fc13a33a0a1af435189990e54b6c68efa56bbc207c0cae6e27e12bf031605930,C:\Users\johns\satnet-stage-a-production-generate-v1-activation-20260730-production\run_073\result.json,9ca6414f821ca97ba872b192f91c40b53b6968a87461c66088ff2d87732201de,C:\Users\johns\satnet-stage-a-production-generate-v1-activation-20260730-production\run_073\scientific_inventory.json,85ae3791b63f716289667762db2c4a11a02e8b769cb90c22be40b9cecf851176,df764aba35d5becd3675832e8ad377abeb8907793672d69c9579094a82c5deb1,d752b15c9aaaa9626b0405b9dee2faf9c312afffecb0db4202a9082bc8751d1b,dcbe304490cc163fd6468cdf491bac4b677ca332475c003ed1e370cb1b930fb8,5,8,40,1028.3037542705656,78.192444620650932,0.021029839200353281,0.024992378573454977,7,4,7,18,0.036945575964249328,1,0.94999999999999996
D014,74,D014-R04,14,R04,4,train,fc13a33a0a1af435189990e54b6c68efa56bbc207c0cae6e27e12bf031605930,C:\Users\johns\satnet-stage-a-production-generate-v1-activation-20260730-production\run_074\result.json,d3e8efb8e9ae4154e2e8b9dd6acab583b637d0a96a44bc2d9dfdf44ea3b659a1,C:\Users\johns\satnet-stage-a-production-generate-v1-activation-20260730-production\run_074\scientific_inventory.json,8b801602439492d66bceb0bba0bdecdccd4e4bfedbea6f52f5ddfb876d811940,df764aba35d5becd3675832e8ad377abeb8907793672d69c9579094a82c5deb1,5680cce5121249f8afa7ea9e40e34acc8c0c5e06c49bc8510a83ed519fa62e42,3d5ebef2afe34b779ae6cbc02d99f3b98d430cac22b97d9b709152dbe913dfb6,5,8,40,1028.3037542705656,78.192444620650932,0.021029839200353281,0.024992378573454977,7,4,7,18,0.036945575964249328,1,0.94999999999999996
D015,75,D015-R00,15,R00,0,train,fc13a33a0a1af435189990e54b6c68efa56bbc207c0cae6e27e12bf031605930,C:\Users\johns\satnet-stage-a-production-generate-v1-activation-20260730-production\run_075\result.json,de07a47bf30f3aefc4e611849cbf08a5981035e689bdbe023706425cb00036fe,C:\Users\johns\satnet-stage-a-production-generate-v1-activation-20260730-production\run_075\scientific_inventory.json,a59b605f4fbd41429b3f72bb1516bf84cdcc70f63c2b3f7b2aa6c0e83210d35e,ba5efbfb3afae354b9fdb79a41a008e095640d151f5f54e26d325749bd872daf,ddc44123f8c1538d9b4c03044879c6127111feec3395016ea4af967331752874,cace151272faa31ecbb5b79e49f6068cb52f5a1d0d29140abdddb07f8dcde78f,5,8,40,1099.0562393671078,74.325967818116908,0.03239121823585174,0.032457442698130515,3,3,6,12,0.017889724988891961,0,0.97499999999999998
D015,76,D015-R01,15,R01,1,train,fc13a33a0a1af435189990e54b6c68efa56bbc207c0cae6e27e12bf031605930,C:\Users\johns\satnet-stage-a-production-generate-v1-activation-20260730-production\run_076\result.json,960f669d2f49b1db3e4e30c78a97332c8a40e7ae4e455aa35a7123fb462047e0,C:\Users\johns\satnet-stage-a-production-generate-v1-activation-20260730-production\run_076\scientific_inventory.json,de610dcf8fd0eae80a4283818ce002e43b556dd2da2237eb007cac00b884d4d1,ba5efbfb3afae354b9fdb79a41a008e095640d151f5f54e26d325749bd872daf,a4930f4c31aff313525920fdeaa6a87b297024fec147bae853dc40be93e9aa05,08c485e4593b7d1ecfe88f056b6625558e7079a3aaeb9c8ae9b756e3a8b83387,5,8,40,1099.0562393671078,74.325967818116908,0.03239121823585174,0.032457442698130515,3,3,6,12,0.017889724988891961,0,1
D015,77,D015-R02,15,R02,2,train,fc13a33a0a1af435189990e54b6c68efa56bbc207c0cae6e27e12bf031605930,C:\Users\johns\satnet-stage-a-production-generate-v1-activation-20260730-production\run_077\result.json,ba2ce727558c70d1b5ee1616daedfcdb161024145aa261f6f86c0f6b0e7f0af6,C:\Users\johns\satnet-stage-a-production-generate-v1-activation-20260730-production\run_077\scientific_inventory.json,0ca39d47478f563454f771a536a6a4d0b9806e8302f5c5172154703d2bfc24ec,ba5efbfb3afae354b9fdb79a41a008e095640d151f5f54e26d325749bd872daf,4cabec92a64c64372c1a68edf3f9bd34f9b410b38735247924c624f8ebdf3fc2,24cc2d718d871f6d82f6eb4953a0d6adcc8bbab1d9da81f1f020874596103d3b,5,8,40,1099.0562393671078,74.325967818116908,0.03239121823585174,0.032457442698130515,3,3,6,12,0.017889724988891961,0,0.97499999999999998
D015,78,D015-R03,15,R03,3,train,fc13a33a0a1af435189990e54b6c68efa56bbc207c0cae6e27e12bf031605930,C:\Users\johns\satnet-stage-a-production-generate-v1-activation-20260730-production\run_078\result.json,c414e4f3a41c9ec6ce85fdecd0ee86bb013e3b219e6a92edb1c890aaca62057d,C:\Users\johns\satnet-stage-a-production-generate-v1-activation-20260730-production\run_078\scientific_inventory.json,d90967b403aa7c4afe4992679efe11353f38330e9c1cf89eae370a04150909fb,ba5efbfb3afae354b9fdb79a41a008e095640d151f5f54e26d325749bd872daf,4559f93c7c2c1c859b04d1e19ab659dceedc17f3831a370f92094d129c2685e7,1aed12553f9fc2bc990860a50134c8ab6782fda0d650c33624df0ff1763753be,5,8,40,1099.0562393671078,74.325967818116908,0.03239121823585174,0.032457442698130515,3,3,6,12,0.017889724988891961,0,1
D015,79,D015-R04,15,R04,4,train,fc13a33a0a1af435189990e54b6c68efa56bbc207c0cae6e27e12bf031605930,C:\Users\johns\satnet-stage-a-production-generate-v1-activation-20260730-production\run_079\result.json,470863203b250c5a57fb9956e896b33637f7a08056c1da37d2d6eb7018798803,C:\Users\johns\satnet-stage-a-production-generate-v1-activation-20260730-production\run_079\scientific_inventory.json,facca38903b3c15aa3c80dff36db125a11c30f60a55695b9306c5525e48ab7a5,ba5efbfb3afae354b9fdb79a41a008e095640d151f5f54e26d325749bd872daf,d35d368fee2df3bb35bfc9b6a99282b603b44d063cba26f1b9a05682ab78140f,8bfe1ea1755ad8584f8344a04960c57419407b50bf005028acabd675a8aa6a1f,5,8,40,1099.0562393671078,74.325967818116908,0.03239121823585174,0.032457442698130515,3,3,6,12,0.017889724988891961,0,0.97499999999999998
D016,80,D016-R00,16,R00,0,train,fc13a33a0a1af435189990e54b6c68efa56bbc207c0cae6e27e12bf031605930,C:\Users\johns\satnet-stage-a-production-generate-v1-activation-20260730-production\run_080\result.json,e6ec13f6270205d09acbaefd36cded1f614d3493f1e29986de998426cd514270,C:\Users\johns\satnet-stage-a-production-generate-v1-activation-20260730-production\run_080\scientific_inventory.json,4adc3f70d5a9ec1a517ce1745a97c14e3e957e747aafd79e708f4e4ea3b42a89,8471bbb180a1c26b0cca5ec83a26352bcf9d0ae2c41d370c144b3f6f3571bb25,9e185ee1dc8fffbc5f65a1138d7edadc423d5bed9999bed49c338ce1b914fe81,a2a5f3bce8b1bc957dc98353ba13dbe49667d969647c435e769185f02eacffe8,5,6,30,976.22543633805037,73.129651298340434,0.026820519461495794,0.035003875562433111,8,8,4,20,0.02746292555943675,1,0.16666666666666666
D016,81,D016-R01,16,R01,1,train,fc13a33a0a1af435189990e54b6c68efa56bbc207c0cae6e27e12bf031605930,C:\Users\johns\satnet-stage-a-production-generate-v1-activation-20260730-production\run_081\result.json,594f0ec3fea5a2036bc7d53d36a04d90303953a94c55dbd62f60d833b958c0d3,C:\Users\johns\satnet-stage-a-production-generate-v1-activation-20260730-production\run_081\scientific_inventory.json,99f2476781defa7d60fa69864b72b1fc7ecfab569ddb362e6c10951a08e7ddb9,8471bbb180a1c26b0cca5ec83a26352bcf9d0ae2c41d370c144b3f6f3571bb25,e3ef434cdaafaba0a901cbfc878b0760b1648814a13c0ad4f806088fd18d8412,aeaafd7b441e905de975e5b903ee6fb7d3cdf9f8958a650bbeb546c26d293c2a,5,6,30,976.22543633805037,73.129651298340434,0.026820519461495794,0.035003875562433111,8,8,4,20,0.02746292555943675,1,0.16666666666666666
D016,82,D016-R02,16,R02,2,train,fc13a33a0a1af435189990e54b6c68efa56bbc207c0cae6e27e12bf031605930,C:\Users\johns\satnet-stage-a-production-generate-v1-activation-20260730-production\run_082\result.json,36cf91e05afaf384be94efc14bc52b5bef7cdead357b3096bdf9dd4b56fbc511,C:\Users\johns\satnet-stage-a-production-generate-v1-activation-20260730-production\run_082\scientific_inventory.json,332d9e7f56ea3980ae66c82f4e1393734a22fb66400d95102ea9b069a485e4ee,8471bbb180a1c26b0cca5ec83a26352bcf9d0ae2c41d370c144b3f6f3571bb25,3d6100a5936d8900b7b90f22acace0bf1b6320987d9c337a82c440ff64a83808,7b71654ef86299e57a22beab7ab9de607b487f151f4fb74665d841dd6084ebd5,5,6,30,976.22543633805037,73.129651298340434,0.026820519461495794,0.035003875562433111,8,8,4,20,0.02746292555943675,1,0.16666666666666666
D016,83,D016-R03,16,R03,3,train,fc13a33a0a1af435189990e54b6c68efa56bbc207c0cae6e27e12bf031605930,C:\Users\johns\satnet-stage-a-production-generate-v1-activation-20260730-production\run_083\result.json,6c42a8ee396bf64ffd1fba5068c74160af7824a8fa2c0a2535d7165b4e738871,C:\Users\johns\satnet-stage-a-production-generate-v1-activation-20260730-production\run_083\scientific_inventory.json,8b5776f8d7395b7037d6de046cfe06cb0704f9e8aab1ba22fa547c10a7959cf1,8471bbb180a1c26b0cca5ec83a26352bcf9d0ae2c41d370c144b3f6f3571bb25,f1fb6300b706d70f06a45f0f8ddab1e6a1f7ab49ee8345803a4aa5cf143691ab,28e419cb3ee8b2d6c14d3528f6b2feda13a9daf677ea249d60535edbb1848a0e,5,6,30,976.22543633805037,73.129651298340434,0.026820519461495794,0.035003875562433111,8,8,4,20,0.02746292555943675,1,0.16666666666666666
D016,84,D016-R04,16,R04,4,train,fc13a33a0a1af435189990e54b6c68efa56bbc207c0cae6e27e12bf031605930,C:\Users\johns\satnet-stage-a-production-generate-v1-activation-20260730-production\run_084\result.json,5c248969fa312727eb6a5ae0058d70ca5bc91f9bc3e0919c813fb6ea2132925c,C:\Users\johns\satnet-stage-a-production-generate-v1-activation-20260730-production\run_084\scientific_inventory.json,4148a9d930cda918f39e1b84c6229f2f681046670bd128a93990af144453b1d2,8471bbb180a1c26b0cca5ec83a26352bcf9d0ae2c41d370c144b3f6f3571bb25,04102384be3702380c3d074300fb1f04ca32eb6c9365e810640b02e3badf9fda,8c2a0e6e45b989dcba714a101d059aa0f50a5685572ee77f387f42ff7a86be8d,5,6,30,976.22543633805037,73.129651298340434,0.026820519461495794,0.035003875562433111,8,8,4,20,0.02746292555943675,1,0.16666666666666666
D018,90,D018-R00,18,R00,0,train,fc13a33a0a1af435189990e54b6c68efa56bbc207c0cae6e27e12bf031605930,C:\Users\johns\satnet-stage-a-production-generate-v1-activation-20260730-production\run_090\result.json,13568fbd482dba59640fab8762c60e27d502ad4bada75d8298a1a5c4c315b091,C:\Users\johns\satnet-stage-a-production-generate-v1-activation-20260730-production\run_090\scientific_inventory.json,12923da311ac8f98f1916a453ed05c05cdaeadd418c5350b79252ec03adf0c0c,450cad195fc9b4fdda2d5580af476fc9ee1d8e86302be83f7085f440602e09be,8c8577f7250c316c973b641c0cfe66b1ecc3c39b51f8130a5a50521e62b9707b,3da2d6bea8c06c0e2770a2b984fda9ab271724d6b8c71b8f053c1d130ef35aae,6,8,48,1116.3148752369377,76.757660733309109,0.042575027444692104,0.046912386231216796,4,3,8,15,0.053466993562585989,0,0.95833333333333337
D018,91,D018-R01,18,R01,1,train,fc13a33a0a1af435189990e54b6c68efa56bbc207c0cae6e27e12bf031605930,C:\Users\johns\satnet-stage-a-production-generate-v1-activation-20260730-production\run_091\result.json,edf1323cbc32b3389ed9a5f87ae34b99e20de63e120c5a14bef0f04fcc07d50c,C:\Users\johns\satnet-stage-a-production-generate-v1-activation-20260730-production\run_091\scientific_inventory.json,cc05c1dd0748de081e4f1ac23bdf855cb7971bb51746089da7693c2ed252323a,450cad195fc9b4fdda2d5580af476fc9ee1d8e86302be83f7085f440602e09be,9a9de9d12560786912c9e79282c2291108f71a017f155d5286ba348f164dd346,1e95c3b6f19c6df5df82019f39cf86addea93287a22cd417b8055d8822e58285,6,8,48,1116.3148752369377,76.757660733309109,0.042575027444692104,0.046912386231216796,4,3,8,15,0.053466993562585989,0,0.97916666666666663
D018,92,D018-R02,18,R02,2,train,fc13a33a0a1af435189990e54b6c68efa56bbc207c0cae6e27e12bf031605930,C:\Users\johns\satnet-stage-a-production-generate-v1-activation-20260730-production\run_092\result.json,f4cd734fd63a005bf3168dd9109a67d868ec03e2efe3d5b6a161763cef563d4e,C:\Users\johns\satnet-stage-a-production-generate-v1-activation-20260730-production\run_092\scientific_inventory.json,20797a07de5e345350f16df2031e68266e8b802739c20afb364f32b4b4d7ae23,450cad195fc9b4fdda2d5580af476fc9ee1d8e86302be83f7085f440602e09be,dcb08424cb4b87fe1f9b656dbe1353bc72e3e52a08ff40146086dd51f53b24d7,792068d1652cfa81e75159ac89e7e40620e0c303d81f302f7618e9d812934787,6,8,48,1116.3148752369377,76.757660733309109,0.042575027444692104,0.046912386231216796,4,3,8,15,0.053466993562585989,0,0.97916666666666663
D018,93,D018-R03,18,R03,3,train,fc13a33a0a1af435189990e54b6c68efa56bbc207c0cae6e27e12bf031605930,C:\Users\johns\satnet-stage-a-production-generate-v1-activation-20260730-production\run_093\result.json,b9f0c5a4fc62124b2cd807409b6ab898c35f9f44940e8ad56852283ebd1ad431,C:\Users\johns\satnet-stage-a-production-generate-v1-activation-20260730-production\run_093\scientific_inventory.json,e4af7885a6196f6238a3fc108a39f92451aa0b22153a58ef273bf52558c4e9f4,450cad195fc9b4fdda2d5580af476fc9ee1d8e86302be83f7085f440602e09be,5286d4638ce0f783481bacec87c69498503a50271be782c76f91fa3bee0e9966,9107fd0e6ba0bebc0cc79976da06a5bd3092a78bec2fa7b7d025e1ed03faa5e1,6,8,48,1116.3148752369377,76.757660733309109,0.042575027444692104,0.046912386231216796,4,3,8,15,0.053466993562585989,0,0.875
D018,94,D018-R04,18,R04,4,train,fc13a33a0a1af435189990e54b6c68efa56bbc207c0cae6e27e12bf031605930,C:\Users\johns\satnet-stage-a-production-generate-v1-activation-20260730-production\run_094\result.json,228ed003952d9a2ee43bf7bdd05fff0042be0d0ecb6c1feb5e96248275525483,C:\Users\johns\satnet-stage-a-production-generate-v1-activation-20260730-production\run_094\scientific_inventory.json,2306b34de4ab937751f431be6f70cb08a84b8100aa7005ad82c1663bec731821,450cad195fc9b4fdda2d5580af476fc9ee1d8e86302be83f7085f440602e09be,4f810c895c64b08852db61914e705c45a892a19284c1a776d7c179badfa0555a,568f4b28d0a555e820119fe15deada0b120f08e82ce3d4c8308db23256e4facc,6,8,48,1116.3148752369377,76.757660733309109,0.042575027444692104,0.046912386231216796,4,3,8,15,0.053466993562585989,0,0.9375
D019,95,D019-R00,19,R00,0,train,fc13a33a0a1af435189990e54b6c68efa56bbc207c0cae6e27e12bf031605930,C:\Users\johns\satnet-stage-a-production-generate-v1-activation-20260730-production\run_095\result.json,8780bfb047046e19cff8f9d3ef98c6d66c22da38ce079feba264742de243282f,C:\Users\johns\satnet-stage-a-production-generate-v1-activation-20260730-production\run_095\scientific_inventory.json,838a42fd93f0556970cdebd2f4be27a7163a8c9ef8e5bc1f3f3b31fbae7c1632,46cb3be2eaa208a626b9f88efd0fa40f34a5a92b8db61b83646721599a2190ee,6a7bcc8c65c1660e504ef30ea1893f82d8bb70bec4b28da2fcada575c24a330e,0f785e520ac55938318fec1e9110a2af316b07d4b9dd43de7e40ed7c59cdad40,5,6,30,1150.1703444666755,83.006608051183619,0.034144228914417443,0.022862760418006962,3,5,4,12,0.031392211690919256,1,0.96666666666666667
D019,96,D019-R01,19,R01,1,train,fc13a33a0a1af435189990e54b6c68efa56bbc207c0cae6e27e12bf031605930,C:\Users\johns\satnet-stage-a-production-generate-v1-activation-20260730-production\run_096\result.json,ce48ffc91b500871307a5d92f58b85f6047f986abf8eef6ce12791747ab7e04e,C:\Users\johns\satnet-stage-a-production-generate-v1-activation-20260730-production\run_096\scientific_inventory.json,32251039af7bfb1a96452758550beea47d6aacb56568c9390546da8ced8103c7,46cb3be2eaa208a626b9f88efd0fa40f34a5a92b8db61b83646721599a2190ee,518e94ca7cfdbf7317061e8ea5d932dde37bad29036a1cb7f991c56ddef204e9,bfd2927cf62719bba28f80b5b2342417b5cdb239f5b0d93fb1e00f547c1c00e3,5,6,30,1150.1703444666755,83.006608051183619,0.034144228914417443,0.022862760418006962,3,5,4,12,0.031392211690919256,1,1
D019,97,D019-R02,19,R02,2,train,fc13a33a0a1af435189990e54b6c68efa56bbc207c0cae6e27e12bf031605930,C:\Users\johns\satnet-stage-a-production-generate-v1-activation-20260730-production\run_097\result.json,cf080f5fafbce3318ca042aaebf344c78a2fcd3e1241e77e270870cde0ee032b,C:\Users\johns\satnet-stage-a-production-generate-v1-activation-20260730-production\run_097\scientific_inventory.json,aa850f7659bf7499eb09b7e670e493ee177a1d955f8f2574c3db48a1893324bd,46cb3be2eaa208a626b9f88efd0fa40f34a5a92b8db61b83646721599a2190ee,b4bf508acf545efeba6aae338371ebb74d6d6c594bb61fda2c9a68f15b88f744,33ad3bd690aa77dda04680540ff8f3e0a50de066adc48a25c1d5a69664f36d4e,5,6,30,1150.1703444666755,83.006608051183619,0.034144228914417443,0.022862760418006962,3,5,4,12,0.031392211690919256,1,1
D019,98,D019-R03,19,R03,3,train,fc13a33a0a1af435189990e54b6c68efa56bbc207c0cae6e27e12bf031605930,C:\Users\johns\satnet-stage-a-production-generate-v1-activation-20260730-production\run_098\result.json,16e2ba6940a3cba04fb8dcda12acc54f82f5b7301dbf3c7cffcff66bafda03aa,C:\Users\johns\satnet-stage-a-production-generate-v1-activation-20260730-production\run_098\scientific_inventory.json,1cbb5bea0acbc5a612dfcfa26968b9ba3472c1ae3e25a7cbf18b0af1d82c40c9,46cb3be2eaa208a626b9f88efd0fa40f34a5a92b8db61b83646721599a2190ee,d6648d2486f13aca34c490bb851b95583975947a3dc9bba4896fe2c47ac17ca4,467d3ef63c7dc552d5bdfc3a16fd383c3f7cfb2fa3d21722ff28cd5299a6a612,5,6,30,1150.1703444666755,83.006608051183619,0.034144228914417443,0.022862760418006962,3,5,4,12,0.031392211690919256,1,0.96666666666666667
D019,99,D019-R04,19,R04,4,train,fc13a33a0a1af435189990e54b6c68efa56bbc207c0cae6e27e12bf031605930,C:\Users\johns\satnet-stage-a-production-generate-v1-activation-20260730-production\run_099\result.json,0a662f90fcc0cea9229d726814d506d4b6f5ac4f66b51a15a7ca3432c70a6d07,C:\Users\johns\satnet-stage-a-production-generate-v1-activation-20260730-production\run_099\scientific_inventory.json,2f09470ea5846947a0e2c547bec2c1e717272c6a4383baf588c65794fb67f51b,46cb3be2eaa208a626b9f88efd0fa40f34a5a92b8db61b83646721599a2190ee,a93ee723efdef7d16c2e493e97c1fc8dafb498bdd0dae566c448e494546bc2ac,7c87a3c194ca1b48e3996762babe7e1d6998565bd0db583182ee65d208d2ba4c,5,6,30,1150.1703444666755,83.006608051183619,0.034144228914417443,0.022862760418006962,3,5,4,12,0.031392211690919256,1,1
D021,105,D021-R00,21,R00,0,train,fc13a33a0a1af435189990e54b6c68efa56bbc207c0cae6e27e12bf031605930,C:\Users\johns\satnet-stage-a-production-generate-v1-activation-20260730-production\run_105\result.json,8b1fdb82b8bdcf2126093d3f021b619ed95c60d175cc841c34d04af03a930bfb,C:\Users\johns\satnet-stage-a-production-generate-v1-activation-20260730-production\run_105\scientific_inventory.json,3182fcd17c5a1388fce4a24221c35509167e028642d4bfd145b89fdeb7789e22,fb3543fd6a0a912de6780f8e25c0b7a53becba101702937f067380bdf8b7b3a1,f98971da577b73028476bc5056e38989e55d89adda9cb8d3bf4909594d85c844,1bcd4515c7a39cbec3ca27df44b46707eb0152e94e070b4b8c741b646903f978,5,8,40,938.26210224295733,79.371126728424841,0.037652546841214454,0.044484406401714936,4,4,2,10,0.03989027324865492,1,0.94999999999999996
D021,106,D021-R01,21,R01,1,train,fc13a33a0a1af435189990e54b6c68efa56bbc207c0cae6e27e12bf031605930,C:\Users\johns\satnet-stage-a-production-generate-v1-activation-20260730-production\run_106\result.json,cdae68ab6af0e59c3c53c47566215a3cc1f450ec13d42c97a30d9828e90b6a54,C:\Users\johns\satnet-stage-a-production-generate-v1-activation-20260730-production\run_106\scientific_inventory.json,1160730c94745fcca27d0ce02df55f0b19c9b4857bee5949b31bded5019eee8d,fb3543fd6a0a912de6780f8e25c0b7a53becba101702937f067380bdf8b7b3a1,c49cf7cda78e1b90f47546e36151eb6c3f6681ff021d2cd3fbe5fdc7b044453f,1eb187d711f5fefd1467efad3b2a5a77c56279e2a98682462bfe32c50420b0fb,5,8,40,938.26210224295733,79.371126728424841,0.037652546841214454,0.044484406401714936,4,4,2,10,0.03989027324865492,1,1
D021,107,D021-R02,21,R02,2,train,fc13a33a0a1af435189990e54b6c68efa56bbc207c0cae6e27e12bf031605930,C:\Users\johns\satnet-stage-a-production-generate-v1-activation-20260730-production\run_107\result.json,43b8c64d48925f96f68e8557165f02f11974f00b60f1fba7a4281347d0d0079e,C:\Users\johns\satnet-stage-a-production-generate-v1-activation-20260730-production\run_107\scientific_inventory.json,a5d1aa9ad3054e856cb90f841501e98102fdc5b037d44e4098fdcec47cc475d9,fb3543fd6a0a912de6780f8e25c0b7a53becba101702937f067380bdf8b7b3a1,c552aaec428b540d8b11ffaa1e802a0e6e66ab7910882fae956ff18b8edd9e38,4135daedb39b75fc0b1fdf8d3f35e7895f00157cc146b9e6fdf432c1b559413b,5,8,40,938.26210224295733,79.371126728424841,0.037652546841214454,0.044484406401714936,4,4,2,10,0.03989027324865492,1,0.94999999999999996
D021,108,D021-R03,21,R03,3,train,fc13a33a0a1af435189990e54b6c68efa56bbc207c0cae6e27e12bf031605930,C:\Users\johns\satnet-stage-a-production-generate-v1-activation-20260730-production\run_108\result.json,2f6ce350cc14d0f043c9606c75254eb80188eec4558498b938bd1f81d6b9c79f,C:\Users\johns\satnet-stage-a-production-generate-v1-activation-20260730-production\run_108\scientific_inventory.json,8e2ae304f2b304eab05afe57baf1436cfbec21686341f5e1802ccf16552258d1,fb3543fd6a0a912de6780f8e25c0b7a53becba101702937f067380bdf8b7b3a1,dc8a265bcb6d9cff17d57cbb313aa6196518b26e9a6d78e9644a1d2f05f9ceda,8080f1e2f1b50b16834843541a36066b857110408c51b0ae468e7daa48ebf78c,5,8,40,938.26210224295733,79.371126728424841,0.037652546841214454,0.044484406401714936,4,4,2,10,0.03989027324865492,1,1
D021,109,D021-R04,21,R04,4,train,fc13a33a0a1af435189990e54b6c68efa56bbc207c0cae6e27e12bf031605930,C:\Users\johns\satnet-stage-a-production-generate-v1-activation-20260730-production\run_109\result.json,517387be21820cdbfa4e74eeae838dbc6baec4eb229a634a36447edbcb51238c,C:\Users\johns\satnet-stage-a-production-generate-v1-activation-20260730-production\run_109\scientific_inventory.json,d339206a7bb03ab55e3de88080a58eec6112e0baa8c9dd27163867a9647b5943,fb3543fd6a0a912de6780f8e25c0b7a53becba101702937f067380bdf8b7b3a1,9e62dbcf77a534405965df63999033acbe23bde2d209f364c36acf19f260a131,2e24189caba187203d2d2906798800e2f5ca403fbba786b4e0cfd1f875b47f9f,5,8,40,938.26210224295733,79.371126728424841,0.037652546841214454,0.044484406401714936,4,4,2,10,0.03989027324865492,1,0.97499999999999998
D022,110,D022-R00,22,R00,0,train,fc13a33a0a1af435189990e54b6c68efa56bbc207c0cae6e27e12bf031605930,C:\Users\johns\satnet-stage-a-production-generate-v1-activation-20260730-production\run_110\result.json,12d085a3ef126d4a47557f12128d09e2f40130e5d4ecea6960c9a2101a9152e8,C:\Users\johns\satnet-stage-a-production-generate-v1-activation-20260730-production\run_110\scientific_inventory.json,252ce161c0ea2eeed7c3d69ec473c6ea29a0b86e2fb683a845cf6c9b6b8c01f1,c5fad1e75f8cb9eb73ee964a7a6844f2e58e33eb0d25aab13d7bac4eb9da0e90,d0df3dcac52cc6030e6090e7b5e3c5411e041e10cbfad22ae202208acbc7943f,40f2e5ed7209c0f0a8822cf6da083f7ca1f49a6c5440d1df49f8cac1eddfbb56,6,8,48,899.15498073492847,82.630920807037739,0.015054859312033641,0.020621966055631952,5,3,4,12,0.04243299385634125,1,0.97916666666666663
D022,111,D022-R01,22,R01,1,train,fc13a33a0a1af435189990e54b6c68efa56bbc207c0cae6e27e12bf031605930,C:\Users\johns\satnet-stage-a-production-generate-v1-activation-20260730-production\run_111\result.json,fb1218370c0f49f394b47f9ab50044ca8c88d250e7cb00deb96766d0b98dabb8,C:\Users\johns\satnet-stage-a-production-generate-v1-activation-20260730-production\run_111\scientific_inventory.json,a6b18653833218790003e39ab083778065a5bbdea1c0b1d9db394db73aae90c7,c5fad1e75f8cb9eb73ee964a7a6844f2e58e33eb0d25aab13d7bac4eb9da0e90,9a80eb0faf1b12383987b53b08d3af5ba48aedb1f66191f021c57a5eeadd9afc,24adc621e3eb0638ec0dde1880ed2bf00f1c736e754967738ca15efa32adddb2,6,8,48,899.15498073492847,82.630920807037739,0.015054859312033641,0.020621966055631952,5,3,4,12,0.04243299385634125,1,0.97916666666666663
D022,112,D022-R02,22,R02,2,train,fc13a33a0a1af435189990e54b6c68efa56bbc207c0cae6e27e12bf031605930,C:\Users\johns\satnet-stage-a-production-generate-v1-activation-20260730-production\run_112\result.json,3289e471cdb6444067f7e277dad10a9e6c8fe5c06cd0b63bcfcc0d5fa90e01b9,C:\Users\johns\satnet-stage-a-production-generate-v1-activation-20260730-production\run_112\scientific_inventory.json,4937c4b3685d48d3870139be92608f8fe8ca7d31a7134ed04195969a98788a5a,c5fad1e75f8cb9eb73ee964a7a6844f2e58e33eb0d25aab13d7bac4eb9da0e90,794514f87f7ff0d5a719818d2350978b88e56b6491bfeeccde1f2edbf7774777,247dd0d108ed483050f4d23a235ee95e4cfdbcd5d56dba839647d3d9de0444cf,6,8,48,899.15498073492847,82.630920807037739,0.015054859312033641,0.020621966055631952,5,3,4,12,0.04243299385634125,1,0.95833333333333337
D022,113,D022-R03,22,R03,3,train,fc13a33a0a1af435189990e54b6c68efa56bbc207c0cae6e27e12bf031605930,C:\Users\johns\satnet-stage-a-production-generate-v1-activation-20260730-production\run_113\result.json,877c1e7526e42d39e6588d9afc9509947626621ab5db6878b98d2fd039916620,C:\Users\johns\satnet-stage-a-production-generate-v1-activation-20260730-production\run_113\scientific_inventory.json,3db7b9d290875a5827545bef0521523bdb0be481392175c86ad9994773fb27e2,c5fad1e75f8cb9eb73ee964a7a6844f2e58e33eb0d25aab13d7bac4eb9da0e90,54f26df9565cf08fa3ef3fd3c93352e20809c3e26d2c302514b06a6b81aef73d,15b3597b4d97fa75cf70f375c295076f14c084f9f67669c172bb834512f8af39,6,8,48,899.15498073492847,82.630920807037739,0.015054859312033641,0.020621966055631952,5,3,4,12,0.04243299385634125,1,0.95833333333333337
D022,114,D022-R04,22,R04,4,train,fc13a33a0a1af435189990e54b6c68efa56bbc207c0cae6e27e12bf031605930,C:\Users\johns\satnet-stage-a-production-generate-v1-activation-20260730-production\run_114\result.json,4c5d28de3fb09660caefb251a27c996796e4dfa800a5b29999c49b85bf783e5f,C:\Users\johns\satnet-stage-a-production-generate-v1-activation-20260730-production\run_114\scientific_inventory.json,d65817fe8f52f54fbe443edc0af1d83f40b0a5d47bb44e34af339194bfed9112,c5fad1e75f8cb9eb73ee964a7a6844f2e58e33eb0d25aab13d7bac4eb9da0e90,470a6db6ec892597c47926c11b7ccef3f74097d614f8a174f3164d377397be9b,e9f96095a79ad3a5b11d6758d28950166eaff7207a7fda32c926ce30d46f44ee,6,8,48,899.15498073492847,82.630920807037739,0.015054859312033641,0.020621966055631952,5,3,4,12,0.04243299385634125,1,0.97916666666666663
D023,115,D023-R00,23,R00,0,train,fc13a33a0a1af435189990e54b6c68efa56bbc207c0cae6e27e12bf031605930,C:\Users\johns\satnet-stage-a-production-generate-v1-activation-20260730-production\run_115\result.json,13a2528eafe8d3a51c491a89bc47814c40be3706adbd2e826d030cdbe1b3ad2e,C:\Users\johns\satnet-stage-a-production-generate-v1-activation-20260730-production\run_115\scientific_inventory.json,db482fe98e27410aa9bda1bdc300b5cc4235365960b3e39b3360c71a52491538,c311d402fb506a3a415c35f0ea921f031a6503de3cfcb3e6a433b46a14609dbe,423c196f61382da11c786b0ce64be664e0624ebfb4f13a5aa8b3c6a4ae6862d1,5509902ece19eb32f09d7639162af79cb28e158aeebc50cf7017853cd0354d4f,6,8,48,1036.5751563916474,81.413020165869582,0.028454645193699245,0.041121070416895097,5,11,4,20,0.054999733242200886,1,0.97916666666666663
D023,116,D023-R01,23,R01,1,train,fc13a33a0a1af435189990e54b6c68efa56bbc207c0cae6e27e12bf031605930,C:\Users\johns\satnet-stage-a-production-generate-v1-activation-20260730-production\run_116\result.json,4ae7cd8a0095404467bbdd664f245c7523ff80a40d916ac634869a7dd41fc48a,C:\Users\johns\satnet-stage-a-production-generate-v1-activation-20260730-production\run_116\scientific_inventory.json,23b2875b1147fdf44175f37db983f4ec63b899dd4981f1abbf857dca03a892c3,c311d402fb506a3a415c35f0ea921f031a6503de3cfcb3e6a433b46a14609dbe,4c89ae089726f8ebaa48ea21c2ac0ba1eef482aab2231b2ad6c65279e76c083e,dbbe3335d9e3c2fb4808f4d906d8e691e14f5c041cb0885f16b8a47ee0c6a506,6,8,48,1036.5751563916474,81.413020165869582,0.028454645193699245,0.041121070416895097,5,11,4,20,0.054999733242200886,0,1
D023,117,D023-R02,23,R02,2,train,fc13a33a0a1af435189990e54b6c68efa56bbc207c0cae6e27e12bf031605930,C:\Users\johns\satnet-stage-a-production-generate-v1-activation-20260730-production\run_117\result.json,08b3ae5400852752ba79d0f4ccd7cc5dafeb1d4f6f1a7096f8c70ef97e453214,C:\Users\johns\satnet-stage-a-production-generate-v1-activation-20260730-production\run_117\scientific_inventory.json,07d2406a2711446bb738fa8d9074e479cd411d81b62582ccf7ceea781d6376ca,c311d402fb506a3a415c35f0ea921f031a6503de3cfcb3e6a433b46a14609dbe,5dfd9f891f24283f0fec83561d1c7c4271b46d737e8d4b298ff0e3a522b64b2f,a6d55dea2d7ba0c8a56d6ed546d44b6a03cfcba67766ee072a171c53d7fa7a69,6,8,48,1036.5751563916474,81.413020165869582,0.028454645193699245,0.041121070416895097,5,11,4,20,0.054999733242200886,1,1
D023,118,D023-R03,23,R03,3,train,fc13a33a0a1af435189990e54b6c68efa56bbc207c0cae6e27e12bf031605930,C:\Users\johns\satnet-stage-a-production-generate-v1-activation-20260730-production\run_118\result.json,a1e0f1c8defdcab4b299c302747b9bf2f32597d3acf87e7b5f3661204c5c98c0,C:\Users\johns\satnet-stage-a-production-generate-v1-activation-20260730-production\run_118\scientific_inventory.json,5bbcffa81bbdecdc31f5343a51dae358b3422d9ba4bc83126f22f583ebb8f45b,c311d402fb506a3a415c35f0ea921f031a6503de3cfcb3e6a433b46a14609dbe,9f0edd9be952ee779ac926877fadb6550c3c9c27cbfb92e5a5c00805c1385d73,ab4d31c804a2fa0dd3facdb85c81c0dc6e6aae63240a3f9002d689a0b4d2b8ac,6,8,48,1036.5751563916474,81.413020165869582,0.028454645193699245,0.041121070416895097,5,11,4,20,0.054999733242200886,1,0.97916666666666663
D023,119,D023-R04,23,R04,4,train,fc13a33a0a1af435189990e54b6c68efa56bbc207c0cae6e27e12bf031605930,C:\Users\johns\satnet-stage-a-production-generate-v1-activation-20260730-production\run_119\result.json,fed0eeb1c347e5b6f1b22e02a0bb4e25b3b1e773942dd838efecb1f494d8c028,C:\Users\johns\satnet-stage-a-production-generate-v1-activation-20260730-production\run_119\scientific_inventory.json,418ab34f72f2098d0e56b192078b8325f174adf1742a1f9bdb8404f8cc5eeeb1,c311d402fb506a3a415c35f0ea921f031a6503de3cfcb3e6a433b46a14609dbe,19abb13246cd6b675690de9e216e202d6f14a1802fa182b94bab70043ecb20ce,3ec351338c38e1019e56dc93462cd0642becd679a31bd98750da5c0570857d00,6,8,48,1036.5751563916474,81.413020165869582,0.028454645193699245,0.041121070416895097,5,11,4,20,0.054999733242200886,0,0.97916666666666663
D025,125,D025-R00,25,R00,0,train,fc13a33a0a1af435189990e54b6c68efa56bbc207c0cae6e27e12bf031605930,C:\Users\johns\satnet-stage-a-production-generate-v1-activation-20260730-production\run_125\result.json,84ccf4f00c97ea7fcfcfcd0b15b6882e71ef121c95e047004f99e16f5f122268,C:\Users\johns\satnet-stage-a-production-generate-v1-activation-20260730-production\run_125\scientific_inventory.json,f381e64e359779caa1ecab090dee7fc3fccce739ab13e15ed06e97f7689fbee1,af503010f11490ab72fee01ace895665a897b751e1e93fd288744fe4e0dbbdc8,88b8e421bd4fdc1690d3097459347b6d6db5711ef2199db8cd87497eb0528d24,b1f3700cd3064c55595aff6e46d015294254896712b66051bbcc31ccadc114b5,5,6,30,959.65254585913283,85.213624560220822,0.025352693360830715,0.051199017378221294,3,6,6,15,0.034010009724661408,1,0.16666666666666666
D025,126,D025-R01,25,R01,1,train,fc13a33a0a1af435189990e54b6c68efa56bbc207c0cae6e27e12bf031605930,C:\Users\johns\satnet-stage-a-production-generate-v1-activation-20260730-production\run_126\result.json,7e4b47ce4c9ba08bf1fe73a8248fbbedb8be732a7645ea008bf883309495bba8,C:\Users\johns\satnet-stage-a-production-generate-v1-activation-20260730-production\run_126\scientific_inventory.json,24702e45ca5f4c02bd0e99aedd53a612411b53a675a3d3a4614eaf56982cd6e2,af503010f11490ab72fee01ace895665a897b751e1e93fd288744fe4e0dbbdc8,f9522ec1c812d7b6e468614557e63a55106cb30be8333894a267dab1d6a8adda,d583e78993ef0f33b85983cd8f898e9b12cd8ed6dfaa47422565556c67010556,5,6,30,959.65254585913283,85.213624560220822,0.025352693360830715,0.051199017378221294,3,6,6,15,0.034010009724661408,1,0.16666666666666666
D025,127,D025-R02,25,R02,2,train,fc13a33a0a1af435189990e54b6c68efa56bbc207c0cae6e27e12bf031605930,C:\Users\johns\satnet-stage-a-production-generate-v1-activation-20260730-production\run_127\result.json,c042fbaf917829a9b530497e16842a7b57912907fd873e696777f3ad2091e21b,C:\Users\johns\satnet-stage-a-production-generate-v1-activation-20260730-production\run_127\scientific_inventory.json,bf1229b779cc4b7ec1f9a4a23afdc72470fa6c841c119cde1cafcd0cf9ffc552,af503010f11490ab72fee01ace895665a897b751e1e93fd288744fe4e0dbbdc8,5c67cb0c0434843ff15f88f0b6ba5d3ac157dcfb0c704ff62c4a36bb6d5801fe,2d9475d21df63e7bac21d610cc32a8c8dbbba5da01fe6b80d7e3ddacc646e610,5,6,30,959.65254585913283,85.213624560220822,0.025352693360830715,0.051199017378221294,3,6,6,15,0.034010009724661408,1,0.16666666666666666
D025,128,D025-R03,25,R03,3,train,fc13a33a0a1af435189990e54b6c68efa56bbc207c0cae6e27e12bf031605930,C:\Users\johns\satnet-stage-a-production-generate-v1-activation-20260730-production\run_128\result.json,69a90465ab99acd3cfea74c5d2ad73a99102fd34bf31440a7eb567a207f4767e,C:\Users\johns\satnet-stage-a-production-generate-v1-activation-20260730-production\run_128\scientific_inventory.json,61c592fe45ea698c7d000d814db1f1f0a9c9808789ab0ec49fb8ec41ee425abb,af503010f11490ab72fee01ace895665a897b751e1e93fd288744fe4e0dbbdc8,796451cd1676c108a3eb5ba8871745ec6f848739b654bebede6d029414a71cca,37f54559d9ff36c326aaebfbd94e4b1ab9d354d056a624a16b95fd53acde3e42,5,6,30,959.65254585913283,85.213624560220822,0.025352693360830715,0.051199017378221294,3,6,6,15,0.034010009724661408,1,0.16666666666666666
D025,129,D025-R04,25,R04,4,train,fc13a33a0a1af435189990e54b6c68efa56bbc207c0cae6e27e12bf031605930,C:\Users\johns\satnet-stage-a-production-generate-v1-activation-20260730-production\run_129\result.json,514089ce8f243c3a0a747194be9f42b83648ce52ad39d0e289b9edf2cf9f48bb,C:\Users\johns\satnet-stage-a-production-generate-v1-activation-20260730-production\run_129\scientific_inventory.json,2ea5a2678dffa179800828af613c9d574c00cc91452f5c0b1e0e0e800067f908,af503010f11490ab72fee01ace895665a897b751e1e93fd288744fe4e0dbbdc8,90eb76a5f4f8d670a318d9421497e4c4a3d49397c419d5f59bf88e9b332b87c7,84ef2b2e3c8679dab9ed1d98acec13c16e28939a364becc07467d0b8e9549765,5,6,30,959.65254585913283,85.213624560220822,0.025352693360830715,0.051199017378221294,3,6,6,15,0.034010009724661408,1,0.16666666666666666
D027,135,D027-R00,27,R00,0,train,fc13a33a0a1af435189990e54b6c68efa56bbc207c0cae6e27e12bf031605930,C:\Users\johns\satnet-stage-a-production-generate-v1-activation-20260730-production\run_135\result.json,28496788ae6b55b2636b5477764f7bbe3d2b95c0b5deaa28573d88cda4ddf345,C:\Users\johns\satnet-stage-a-production-generate-v1-activation-20260730-production\run_135\scientific_inventory.json,586c8f6318bcee6600e48c1f6626605a736b87b102b1ab9c05254e7f8ea4e88d,81ca43e769749fb691bd0e8fa5990ba3c7007165e145d50f6aad996ebf65679f,a88c479d97e0819e8e78227295611b49c862b4cf79642e63324b0eb5c5327a37,cb9a7ac973394d2184163a04bfc2784da8b8d3e3a8e9d17d24a3de4c57e50eb9,6,6,36,1058.350211935096,83.874798528852153,0.039898461186357335,0.040880965071582939,3,6,3,12,0.021669002688745304,1,0.16666666666666666
D027,136,D027-R01,27,R01,1,train,fc13a33a0a1af435189990e54b6c68efa56bbc207c0cae6e27e12bf031605930,C:\Users\johns\satnet-stage-a-production-generate-v1-activation-20260730-production\run_136\result.json,cbcf5b4d286531007374371ee1681f090b45de518bfab4a1b67220aae36eb715,C:\Users\johns\satnet-stage-a-production-generate-v1-activation-20260730-production\run_136\scientific_inventory.json,87ae0df7cb5b70ce0082167590d47c82e72ed5d902298e0bd5f165044f51efd5,81ca43e769749fb691bd0e8fa5990ba3c7007165e145d50f6aad996ebf65679f,d9cad7d774bbadd30fb819f9d6b1d9261528187ea5ba9b568290fdd665e115e4,d70066309c2c61ad933a0660408682b0db71325d326c25b0575ea10ffcdf19d0,6,6,36,1058.350211935096,83.874798528852153,0.039898461186357335,0.040880965071582939,3,6,3,12,0.021669002688745304,1,0.16666666666666666
D027,137,D027-R02,27,R02,2,train,fc13a33a0a1af435189990e54b6c68efa56bbc207c0cae6e27e12bf031605930,C:\Users\johns\satnet-stage-a-production-generate-v1-activation-20260730-production\run_137\result.json,fd1e0fe56767f0fc9f4c805cfee9c1ad51645eb87e626f84ba1b54c39901a9e3,C:\Users\johns\satnet-stage-a-production-generate-v1-activation-20260730-production\run_137\scientific_inventory.json,508f69e22ae75c6a4d5307e4e5dd42ff4daf85ab9a0a37cd9ac3991badd0c30e,81ca43e769749fb691bd0e8fa5990ba3c7007165e145d50f6aad996ebf65679f,39e009a2e82c8a46ba05861b86777f8d38b49ccd2956bd8a2ef1f09646560eb7,ad541687cebfef885a9ec0a7fdb4a52cc65655d3ab86d84dbf2a95fcb5698956,6,6,36,1058.350211935096,83.874798528852153,0.039898461186357335,0.040880965071582939,3,6,3,12,0.021669002688745304,1,0.16666666666666666
D027,138,D027-R03,27,R03,3,train,fc13a33a0a1af435189990e54b6c68efa56bbc207c0cae6e27e12bf031605930,C:\Users\johns\satnet-stage-a-production-generate-v1-activation-20260730-production\run_138\result.json,6a589d91a58553776c85199362baee96de8735acbd5215b80d3f803301144194,C:\Users\johns\satnet-stage-a-production-generate-v1-activation-20260730-production\run_138\scientific_inventory.json,98a0736696258a665a58e361a7b6b042dcdf0ec77c0489a24034a68a4e5cecbf,81ca43e769749fb691bd0e8fa5990ba3c7007165e145d50f6aad996ebf65679f,c090ed049514f29ef3cbc0c8803b67c2486035765ffb4724d22e8850ac42cd5c,90c7a379d0543af31c0e30ac1057e7a57229a3345d05c78a8d9b7401e311933e,6,6,36,1058.350211935096,83.874798528852153,0.039898461186357335,0.040880965071582939,3,6,3,12,0.021669002688745304,1,0.16666666666666666
D027,139,D027-R04,27,R04,4,train,fc13a33a0a1af435189990e54b6c68efa56bbc207c0cae6e27e12bf031605930,C:\Users\johns\satnet-stage-a-production-generate-v1-activation-20260730-production\run_139\result.json,4319dd1dae137f3fbb89cd02aff2568e6f07fd3aedfe2ec5ca0a3e1c527e8f10,C:\Users\johns\satnet-stage-a-production-generate-v1-activation-20260730-production\run_139\scientific_inventory.json,e3aa55a604ffbf1e72bde5ae46b87ab5683c344c58beb4abeefa83ed6b7ba0a9,81ca43e769749fb691bd0e8fa5990ba3c7007165e145d50f6aad996ebf65679f,a3b4f86c9f213459599799d26c0d2a786c448f8c3097d1c7284deeae518b9fb4,c9cd44efd129e03fa70cff6ed7bce721ed21c541a5d8471be887ee829e384457,6,6,36,1058.350211935096,83.874798528852153,0.039898461186357335,0.040880965071582939,3,6,3,12,0.021669002688745304,1,0.16666666666666666
D028,140,D028-R00,28,R00,0,train,fc13a33a0a1af435189990e54b6c68efa56bbc207c0cae6e27e12bf031605930,C:\Users\johns\satnet-stage-a-production-generate-v1-activation-20260730-production\run_140\result.json,041126a3d1a231cc8147465962cc361ad6404395586026a4f81e7fc9396e654b,C:\Users\johns\satnet-stage-a-production-generate-v1-activation-20260730-production\run_140\scientific_inventory.json,7a5c48dea152c5a96f08a8e1055358caf72f8fdeeb845e925b8c1a558bf1e0e8,297524cd2e0b8977e2b28307eec3a4b895287d4539b3301e87fe5e7d993062bb,e07830d0dbf726d1fffab74685698d1e47375493b0d5f30bc9baa82eefee418d,f32fb98bf5d912b6e4a979b12cfbd4cfa0527db70a0c1219c8b2d89b89b362dd,6,7,42,982.6130216379712,74.759202244494986,0.019456631235416365,0.039299210232094983,10,4,4,18,0.020641683489072596,0,1
D028,141,D028-R01,28,R01,1,train,fc13a33a0a1af435189990e54b6c68efa56bbc207c0cae6e27e12bf031605930,C:\Users\johns\satnet-stage-a-production-generate-v1-activation-20260730-production\run_141\result.json,7803eee95e3b1f0ceee145673c940568d588bbc44d292d414f3c69b5bf68ad9b,C:\Users\johns\satnet-stage-a-production-generate-v1-activation-20260730-production\run_141\scientific_inventory.json,2eec30ffded4d880da4cc80c4a69c9bad0355aacb772a38d6ec2e1335de9da04,297524cd2e0b8977e2b28307eec3a4b895287d4539b3301e87fe5e7d993062bb,c59ff2cd5bd342421f12793e48c71ed97cead46a081a196eff4f44e6d0cc7622,56b97fc4956dd096d88b7e265c2ebc501defa9628cc67455a3175c56e40781c9,6,7,42,982.6130216379712,74.759202244494986,0.019456631235416365,0.039299210232094983,10,4,4,18,0.020641683489072596,1,1
D028,142,D028-R02,28,R02,2,train,fc13a33a0a1af435189990e54b6c68efa56bbc207c0cae6e27e12bf031605930,C:\Users\johns\satnet-stage-a-production-generate-v1-activation-20260730-production\run_142\result.json,9580e35d34b84b15457f0d982e6dbcc86caeddbbbdd3a82636754e0cb5c97ae7,C:\Users\johns\satnet-stage-a-production-generate-v1-activation-20260730-production\run_142\scientific_inventory.json,0f99ae72a37cde458f9c61a8dc45c687e5f6e5d3821503759c2f78c15acf9901,297524cd2e0b8977e2b28307eec3a4b895287d4539b3301e87fe5e7d993062bb,c7a956d93acee70d3ef6b0d8d99d296ed2313399e08fc63080da94d1cf834f68,eeb03f77f51d68b0e3781b3ad4c6181ab1796a3cf1eb7e06df7abf3c0a8f98d0,6,7,42,982.6130216379712,74.759202244494986,0.019456631235416365,0.039299210232094983,10,4,4,18,0.020641683489072596,1,0.97619047619047616
D028,143,D028-R03,28,R03,3,train,fc13a33a0a1af435189990e54b6c68efa56bbc207c0cae6e27e12bf031605930,C:\Users\johns\satnet-stage-a-production-generate-v1-activation-20260730-production\run_143\result.json,66bb233247c859a822f435a7da3e682e0832e95f4e08275fd066bed7a6832b72,C:\Users\johns\satnet-stage-a-production-generate-v1-activation-20260730-production\run_143\scientific_inventory.json,7e5880f3d7e5975f146ac084dbdc6f6dffa1d584aa4476aef4ea35fe59027fef,297524cd2e0b8977e2b28307eec3a4b895287d4539b3301e87fe5e7d993062bb,4ee6587f9efbb3e1463b80e55db37bd9dce37706ff49d7a6769c2eb239e5019c,f3139bd54c3729666efe8cf769fef7e5e3b52690866b0af37b2f6db08219feff,6,7,42,982.6130216379712,74.759202244494986,0.019456631235416365,0.039299210232094983,10,4,4,18,0.020641683489072596,1,0.97619047619047616
D028,144,D028-R04,28,R04,4,train,fc13a33a0a1af435189990e54b6c68efa56bbc207c0cae6e27e12bf031605930,C:\Users\johns\satnet-stage-a-production-generate-v1-activation-20260730-production\run_144\result.json,7cc8a89d01f1ad10013c260918fcc8b7915402e0de7767cd62b19046d631e8ce,C:\Users\johns\satnet-stage-a-production-generate-v1-activation-20260730-production\run_144\scientific_inventory.json,a2b291419a015fc34efdb33a908717d817c3980e3dfe675f55709feb0f02fad4,297524cd2e0b8977e2b28307eec3a4b895287d4539b3301e87fe5e7d993062bb,c11fec9cc36050478778ac25ae2e6240c3d6bdce6062a0be6339e5c39a715bfb,be3be23f66986b988280316d32623d6fa047c6bb0ec40bc1d3f5545ab674d0c5,6,7,42,982.6130216379712,74.759202244494986,0.019456631235416365,0.039299210232094983,10,4,4,18,0.020641683489072596,0,1
D029,145,D029-R00,29,R00,0,train,fc13a33a0a1af435189990e54b6c68efa56bbc207c0cae6e27e12bf031605930,C:\Users\johns\satnet-stage-a-production-generate-v1-activation-20260730-production\run_145\result.json,b646143f754eeb586712cbbfb121aa05ca77a8f1f851b5fdf0076f476069e30f,C:\Users\johns\satnet-stage-a-production-generate-v1-activation-20260730-production\run_145\scientific_inventory.json,31a9cfa1c9ec76f97a09813b45ef93fcdd398e5e8977f3b6dcceed610352d6f1,0928195e4cd3e6ec6e0711a25ad63bca24663edbf0709a88e09daaf8bc64c0a9,c01fd4032bab750abbb0af0b234bcfcd3a1c1fac7f88aff7ea9fbaa68116b351,f4858d2ca6782c6de4d24fdb04dea8651f6f1907cedcbb386494b1331dcc75c3,6,7,42,1078.3057378866849,79.880891398665241,0.023778912396276136,0.052430041360227164,5,5,5,15,0.043832666557153344,0,0.97619047619047616
D029,146,D029-R01,29,R01,1,train,fc13a33a0a1af435189990e54b6c68efa56bbc207c0cae6e27e12bf031605930,C:\Users\johns\satnet-stage-a-production-generate-v1-activation-20260730-production\run_146\result.json,c14a0a9b61eb434013de66ebf8b91a7e29c668ebe646e5175691b98bead3f415,C:\Users\johns\satnet-stage-a-production-generate-v1-activation-20260730-production\run_146\scientific_inventory.json,2dee73cdb01dff57c3f2fe25ee7b1d243f78fd98564e8af95a131a00492689e4,0928195e4cd3e6ec6e0711a25ad63bca24663edbf0709a88e09daaf8bc64c0a9,7c1c40327dfe876d929b800d568d2829865ed544a7479c767f1ab96a468895c2,1e918a163ae5da8e5f36f99c9cf57201e06d9bf17d0bd6630be7de2821610d7f,6,7,42,1078.3057378866849,79.880891398665241,0.023778912396276136,0.052430041360227164,5,5,5,15,0.043832666557153344,0,1
D029,147,D029-R02,29,R02,2,train,fc13a33a0a1af435189990e54b6c68efa56bbc207c0cae6e27e12bf031605930,C:\Users\johns\satnet-stage-a-production-generate-v1-activation-20260730-production\run_147\result.json,156e9fee7079b106bd27d22699d0fa00a8aadb3a8fb4890d9131b311fd350b8d,C:\Users\johns\satnet-stage-a-production-generate-v1-activation-20260730-production\run_147\scientific_inventory.json,e1d9da7d44f69a55a57c58291a47f8133a5aa45bc89c596dbdcf44d75ecca7e8,0928195e4cd3e6ec6e0711a25ad63bca24663edbf0709a88e09daaf8bc64c0a9,ff66e5d5025b4bd1002944836bd776f8f697892cb2af0c37085af18317149dfe,35b2ac99bcf1544c17af8c7df648e128e256601783a5e006b702826714b8c9fb,6,7,42,1078.3057378866849,79.880891398665241,0.023778912396276136,0.052430041360227164,5,5,5,15,0.043832666557153344,0,0.97619047619047616
D029,148,D029-R03,29,R03,3,train,fc13a33a0a1af435189990e54b6c68efa56bbc207c0cae6e27e12bf031605930,C:\Users\johns\satnet-stage-a-production-generate-v1-activation-20260730-production\run_148\result.json,f95fc702dc8445a6c4bdf7e066d8f2aa16acc00b1d1bf1cedb8bd4b8a2618226,C:\Users\johns\satnet-stage-a-production-generate-v1-activation-20260730-production\run_148\scientific_inventory.json,db1aa975387d8d222ea4dfca876322e1415561f7bd5b4e2486ffd4fbf23fface,0928195e4cd3e6ec6e0711a25ad63bca24663edbf0709a88e09daaf8bc64c0a9,9a55dbab5b341c461f1a4418f14b4b8d44e162ef261a9eede9c9a3691020ef70,0e97455fc047d42fedb2d85f4b7f9ec71408973851d179fa55901f5be5c3ccef,6,7,42,1078.3057378866849,79.880891398665241,0.023778912396276136,0.052430041360227164,5,5,5,15,0.043832666557153344,0,1
D029,149,D029-R04,29,R04,4,train,fc13a33a0a1af435189990e54b6c68efa56bbc207c0cae6e27e12bf031605930,C:\Users\johns\satnet-stage-a-production-generate-v1-activation-20260730-production\run_149\result.json,6167b727254c184ea87b69044478d529768610e53dd8b2fe5bef09a56c857dd2,C:\Users\johns\satnet-stage-a-production-generate-v1-activation-20260730-production\run_149\scientific_inventory.json,6fdb3e0f2a3d886f2663a0942509a210986446e5f81e21990bc9b4a9f9169291,0928195e4cd3e6ec6e0711a25ad63bca24663edbf0709a88e09daaf8bc64c0a9,f7f44ab2b336d74de2b7e77bc928bd9309580a919090f1d6ee00cbaeee6349c1,3e287bbbb3b959d6609cd7e8448218c514c0f13c8684d2290b1972f88255d7bc,6,7,42,1078.3057378866849,79.880891398665241,0.023778912396276136,0.052430041360227164,5,5,5,15,0.043832666557153344,0,0.97619047619047616
D030,150,D030-R00,30,R00,0,train,fc13a33a0a1af435189990e54b6c68efa56bbc207c0cae6e27e12bf031605930,C:\Users\johns\satnet-stage-a-production-generate-v1-activation-20260730-production\run_150\result.json,9a511b8bb966feb16fa2d9c6572453cc1eb0df725298a6d10ae837132d7b5dad,C:\Users\johns\satnet-stage-a-production-generate-v1-activation-20260730-production\run_150\scientific_inventory.json,09ae8b85c129fe3cce7e20b7f14606c6bada71af19cf41a32a4b06a62e98136c,f4d716cb0360cd2f01b77b0508988181b310188d39c147c30539e4b66bf1b26d,7ba373015a486f12ec07a4c61437b61f880201e5846beac6e8695c42e1c540b8,5abb6875162ed67f2a1761781662b692529dc6bee3dbf4bbd1371f526c9ee479,5,6,30,1048.5212447570636,85.325739655661806,0.01633026599727562,0.054112325392766156,6,6,3,15,0.048408872001233332,1,0.16666666666666666
D030,151,D030-R01,30,R01,1,train,fc13a33a0a1af435189990e54b6c68efa56bbc207c0cae6e27e12bf031605930,C:\Users\johns\satnet-stage-a-production-generate-v1-activation-20260730-production\run_151\result.json,e29cff57e0a2c3c63c56c801b516e57c34bbeb5f78383f325e99fac9ac3fd44e,C:\Users\johns\satnet-stage-a-production-generate-v1-activation-20260730-production\run_151\scientific_inventory.json,95b37fcceccf362b8c61018eb6d79d3e12744a34362b3815905e2758b4f548cd,f4d716cb0360cd2f01b77b0508988181b310188d39c147c30539e4b66bf1b26d,d1d709b974d16dd2e57082de93378e75c39e13c84fd33230f4d8bc8a3857818b,985b4f4bb853431ed4e217ce3a0aa6a524472ad75f0b39ddf80a27286722b712,5,6,30,1048.5212447570636,85.325739655661806,0.01633026599727562,0.054112325392766156,6,6,3,15,0.048408872001233332,1,0.16666666666666666
D030,152,D030-R02,30,R02,2,train,fc13a33a0a1af435189990e54b6c68efa56bbc207c0cae6e27e12bf031605930,C:\Users\johns\satnet-stage-a-production-generate-v1-activation-20260730-production\run_152\result.json,7df4375f0cebaeff0ff62abb2a2d972434bd96dad557a5619f3f3ba795fd22d5,C:\Users\johns\satnet-stage-a-production-generate-v1-activation-20260730-production\run_152\scientific_inventory.json,b079932b7e4a4e32dfe929704cc79bdb02a8049a4e94eda3d5adb653ac374ec6,f4d716cb0360cd2f01b77b0508988181b310188d39c147c30539e4b66bf1b26d,c8d3ca2e3d5b811dca274726270b3f0b84ef44d189d69e41841c96f46516b3ca,0c71a2651ea6269d92de2c2e5c127d46471caaf4aae6b80eed4606cce479cc56,5,6,30,1048.5212447570636,85.325739655661806,0.01633026599727562,0.054112325392766156,6,6,3,15,0.048408872001233332,1,0.16666666666666666
D030,153,D030-R03,30,R03,3,train,fc13a33a0a1af435189990e54b6c68efa56bbc207c0cae6e27e12bf031605930,C:\Users\johns\satnet-stage-a-production-generate-v1-activation-20260730-production\run_153\result.json,cac63c4836a6cbb83a72422cccad1b0e1cd9b6859b8723bca33f17f7a4dab35c,C:\Users\johns\satnet-stage-a-production-generate-v1-activation-20260730-production\run_153\scientific_inventory.json,805d487fb7ea07aacb8eb41dc7a769c60a4898a3b3f79c614b08c5a4ccab3558,f4d716cb0360cd2f01b77b0508988181b310188d39c147c30539e4b66bf1b26d,f677c0a62cdd87b9776b1f02cbe206cac4f8b45202be409abf6b4b8e868e2605,c378b03496fa1fed8e24a2d52e69d6461c84ea3a088b517ec27a6a944c221d08,5,6,30,1048.5212447570636,85.325739655661806,0.01633026599727562,0.054112325392766156,6,6,3,15,0.048408872001233332,1,0.16666666666666666
D030,154,D030-R04,30,R04,4,train,fc13a33a0a1af435189990e54b6c68efa56bbc207c0cae6e27e12bf031605930,C:\Users\johns\satnet-stage-a-production-generate-v1-activation-20260730-production\run_154\result.json,a3f435d2a458820da3c3e71079e8a4c21233a802b3f89520956cb6054cae1b2c,C:\Users\johns\satnet-stage-a-production-generate-v1-activation-20260730-production\run_154\scientific_inventory.json,91b9764587836b0ec9eff8556d700cbd458e5bbf1d2c20d102a4e4e107fd803a,f4d716cb0360cd2f01b77b0508988181b310188d39c147c30539e4b66bf1b26d,fe2d67f2b6b580079c2b959e42afde30bb97d2901c3f60cf3d786a0866a249f3,9ea995fb6f41e8b539b3a9179442db4c1e5b5bf6f70242baffa6f609977a3e90,5,6,30,1048.5212447570636,85.325739655661806,0.01633026599727562,0.054112325392766156,6,6,3,15,0.048408872001233332,1,0.16666666666666666
D032,160,D032-R00,32,R00,0,train,fc13a33a0a1af435189990e54b6c68efa56bbc207c0cae6e27e12bf031605930,C:\Users\johns\satnet-stage-a-production-generate-v1-activation-20260730-production\run_160\result.json,5028171c5718c8905addbe8d74090244966a281360453f5a3a7759cfc5c93ed9,C:\Users\johns\satnet-stage-a-production-generate-v1-activation-20260730-production\run_160\scientific_inventory.json,44016eeccd2d47988252cba4affce0ecb0bcaa06ad18b4b4a0fb915172016677,06ac8154fb587f35e9bfedcc52ad7f0c208f6c3ed4c3e0d0674af05b476ee366,abe046097551cb4328cf5fdf3e0398fa6e3836458a85ca478ff9ceb30846f578,2a637d5b1a317591a5c7b1ce4109e55248d31af812461680d06c4e7c4c60cdf3,6,7,42,921.95677899035263,75.730755373500102,0.039657322579407586,0.021094792515979167,4,7,7,18,0.015935376237352281,1,0.95238095238095233
D032,161,D032-R01,32,R01,1,train,fc13a33a0a1af435189990e54b6c68efa56bbc207c0cae6e27e12bf031605930,C:\Users\johns\satnet-stage-a-production-generate-v1-activation-20260730-production\run_161\result.json,2066031f9ee265c091a863d6b0e36d0fb1ad9bcb1ecd082615cee3fef91b12fc,C:\Users\johns\satnet-stage-a-production-generate-v1-activation-20260730-production\run_161\scientific_inventory.json,a0ccae3379f5b256a8d0934a9fa3725990d6caff96e43d8afb024c659ffb981f,06ac8154fb587f35e9bfedcc52ad7f0c208f6c3ed4c3e0d0674af05b476ee366,32e7fe6c1cd3d4772c5dda9d961452842b37ce0807b222b940e6cacef6745dbe,0e9220bedbdf314eda9a701842d6b8ec274ea36cca624c3c94f6ae14ef0df8d0,6,7,42,921.95677899035263,75.730755373500102,0.039657322579407586,0.021094792515979167,4,7,7,18,0.015935376237352281,1,0.9285714285714286
D032,162,D032-R02,32,R02,2,train,fc13a33a0a1af435189990e54b6c68efa56bbc207c0cae6e27e12bf031605930,C:\Users\johns\satnet-stage-a-production-generate-v1-activation-20260730-production\run_162\result.json,60d1b8fe1566e53e2764039568fbd933df75efccede9762b05ba697fe42da85d,C:\Users\johns\satnet-stage-a-production-generate-v1-activation-20260730-production\run_162\scientific_inventory.json,4485a162776a96bc0d2c66d4c246d01a4390c86182c3286ee6b68bed7a5c7704,06ac8154fb587f35e9bfedcc52ad7f0c208f6c3ed4c3e0d0674af05b476ee366,24067a6259a9b3fb1a2592f3dee062a122840ca35e6e082969e14a8bae84a7cd,b467187991ff0091ac4203dd0caaab6fedfdc78b7320e42af0f33f4f2172b36e,6,7,42,921.95677899035263,75.730755373500102,0.039657322579407586,0.021094792515979167,4,7,7,18,0.015935376237352281,1,1
D032,163,D032-R03,32,R03,3,train,fc13a33a0a1af435189990e54b6c68efa56bbc207c0cae6e27e12bf031605930,C:\Users\johns\satnet-stage-a-production-generate-v1-activation-20260730-production\run_163\result.json,7cf97d5a2170076b64c3b3864f2ee98cbec7a9ac5c44eaf973ff87d4d04adc22,C:\Users\johns\satnet-stage-a-production-generate-v1-activation-20260730-production\run_163\scientific_inventory.json,bdcea42882956e479c69563939329523eae0f0723665fa5d86193b4ada0e1cbb,06ac8154fb587f35e9bfedcc52ad7f0c208f6c3ed4c3e0d0674af05b476ee366,9b5e3a464b42defa43ce0cddf52a0229bbce839ffe509ab8e264eff6a4180ba3,33ae09d970cb53acda33a7eca20cea04440db3ddd8a051320db957084ff4cd73,6,7,42,921.95677899035263,75.730755373500102,0.039657322579407586,0.021094792515979167,4,7,7,18,0.015935376237352281,1,0.97619047619047616
D032,164,D032-R04,32,R04,4,train,fc13a33a0a1af435189990e54b6c68efa56bbc207c0cae6e27e12bf031605930,C:\Users\johns\satnet-stage-a-production-generate-v1-activation-20260730-production\run_164\result.json,6e5500c77094d89f00a8a3f5194a5c685325c4b7397e39e989fe46f3554afafc,C:\Users\johns\satnet-stage-a-production-generate-v1-activation-20260730-production\run_164\scientific_inventory.json,b3e1c17bef82b0d0719bcc477fb9ebe5085fae8af518f7103b5da5fcbffdafaa,06ac8154fb587f35e9bfedcc52ad7f0c208f6c3ed4c3e0d0674af05b476ee366,1ad78953ddb93d6cfbec72eb6e563ada100ab432abbeca15d9ca55e575354de4,5c752adacf7ab03d943bf4ff25f687d5d7239636bdc928850c32c3a75c072d32,6,7,42,921.95677899035263,75.730755373500102,0.039657322579407586,0.021094792515979167,4,7,7,18,0.015935376237352281,1,0.9285714285714286
D036,180,D036-R00,36,R00,0,train,fc13a33a0a1af435189990e54b6c68efa56bbc207c0cae6e27e12bf031605930,C:\Users\johns\satnet-stage-a-production-generate-v1-activation-20260730-production\run_180\result.json,3312983b643883e490ee757c9e7fc9f92a03a9ec09e5a0b79c2ab01e804c159d,C:\Users\johns\satnet-stage-a-production-generate-v1-activation-20260730-production\run_180\scientific_inventory.json,29dac5e3f062e07529fb12b9d63c38ff8caec44d2bcde08602b3b9f0f83e44c8,7bd536909bd68895fcf407bfa7c5c7ea2f4ea1c0fe44ddd94b38cbb09431aed5,3fb27e54c28a01a78488bba86b39772f68f832afa4b8d1bf40403acc4ec30196,f6c44e883dd49c2f0152f1fe4e901a89caf9557c5ecf56e21f39b749bce366eb,5,7,35,1096.4932203899098,82.316320944986757,0.025080382322692524,0.043313068311304333,7,7,4,18,0.046823716684751708,1,0.91428571428571426
D036,181,D036-R01,36,R01,1,train,fc13a33a0a1af435189990e54b6c68efa56bbc207c0cae6e27e12bf031605930,C:\Users\johns\satnet-stage-a-production-generate-v1-activation-20260730-production\run_181\result.json,a7a28074aa974664eda528c9b083a76a3777b906b7c55b1cc44039e23d6be59b,C:\Users\johns\satnet-stage-a-production-generate-v1-activation-20260730-production\run_181\scientific_inventory.json,93176223fe7ca6d4f329fbe5cf5400cf2c397379a060f15cb716feb867468e60,7bd536909bd68895fcf407bfa7c5c7ea2f4ea1c0fe44ddd94b38cbb09431aed5,caa24931cd8b7c26d33ab499ee50ebeab900317bbc82fe0ad08183ab405ba091,6f9be7e0ae525b916d049b6f1d7cc1bed8fd37423319b0f32f18d5ac3f2a9ce6,5,7,35,1096.4932203899098,82.316320944986757,0.025080382322692524,0.043313068311304333,7,7,4,18,0.046823716684751708,1,0.94285714285714284
D036,182,D036-R02,36,R02,2,train,fc13a33a0a1af435189990e54b6c68efa56bbc207c0cae6e27e12bf031605930,C:\Users\johns\satnet-stage-a-production-generate-v1-activation-20260730-production\run_182\result.json,85cdf5ab8f77d20a25f5a3ffe93c7fb5748d89b3ecd9ebcf20320207bc85a54d,C:\Users\johns\satnet-stage-a-production-generate-v1-activation-20260730-production\run_182\scientific_inventory.json,089d40d59c5fd5ff9f7282ba76a5a2ee2e80d50e59c4a60f647f35f16f9d2d6d,7bd536909bd68895fcf407bfa7c5c7ea2f4ea1c0fe44ddd94b38cbb09431aed5,d3c17c3dad810d88951d397f6229608b7da40ad7fde97494d5fa44dd090a72cd,0e1675345833821245f72b84af7df70e84b64ece3e4858126ee17d2ad38c6c36,5,7,35,1096.4932203899098,82.316320944986757,0.025080382322692524,0.043313068311304333,7,7,4,18,0.046823716684751708,1,0.94285714285714284
D036,183,D036-R03,36,R03,3,train,fc13a33a0a1af435189990e54b6c68efa56bbc207c0cae6e27e12bf031605930,C:\Users\johns\satnet-stage-a-production-generate-v1-activation-20260730-production\run_183\result.json,5898e1a332d3b725cfa60104a349150cdf5d77fdf8b0540838e7c4320f8c8bca,C:\Users\johns\satnet-stage-a-production-generate-v1-activation-20260730-production\run_183\scientific_inventory.json,b44560a804c589a14df07e2354219e5c677136a93af8404391a76f69d5b588aa,7bd536909bd68895fcf407bfa7c5c7ea2f4ea1c0fe44ddd94b38cbb09431aed5,3fde30097d904ebed3a05fd939405aeb35a4f116f1ebcb96c1cab665adc0079f,c17e9d869fc88f48a4110c110e9062c81b3a9ab8559614d0da172a8e8195ea22,5,7,35,1096.4932203899098,82.316320944986757,0.025080382322692524,0.043313068311304333,7,7,4,18,0.046823716684751708,0,1
D036,184,D036-R04,36,R04,4,train,fc13a33a0a1af435189990e54b6c68efa56bbc207c0cae6e27e12bf031605930,C:\Users\johns\satnet-stage-a-production-generate-v1-activation-20260730-production\run_184\result.json,391062bd26753b73c1cee1077e7066bd5a51f824df4284cd0e196cacd209ca58,C:\Users\johns\satnet-stage-a-production-generate-v1-activation-20260730-production\run_184\scientific_inventory.json,6f2ba6534d73d00760b88919eb8cdaffcb7d4323ede466cf3c4d0cac097cb830,7bd536909bd68895fcf407bfa7c5c7ea2f4ea1c0fe44ddd94b38cbb09431aed5,96c6be896c1515353176c1b9a4d98ea7934d2bf9b12c96b1094e83ed769226ee,ab88dae8f138012969b53abf4fc10f1e3af9072f8d30cf9867b5f713d55c4e29,5,7,35,1096.4932203899098,82.316320944986757,0.025080382322692524,0.043313068311304333,7,7,4,18,0.046823716684751708,0,1
D037,185,D037-R00,37,R00,0,train,fc13a33a0a1af435189990e54b6c68efa56bbc207c0cae6e27e12bf031605930,C:\Users\johns\satnet-stage-a-production-generate-v1-activation-20260730-production\run_185\result.json,419b19918811160f327358d7c559da0c29d94438d41702551087609bda5b0f5b,C:\Users\johns\satnet-stage-a-production-generate-v1-activation-20260730-production\run_185\scientific_inventory.json,b5a16c3bc7b95821f9bb00295abc75eab6bb140f155c9a580224306edbd083ac,1df90a93288c6fb28944607177ede825906415cbc9299f169bccf7492d9544ad,229611a2c5bb3cb6f610d671650e0957b8d0158aff5b7d1aaaf25bca848e2c7c,2f7fd9ba18e10cef302e05a181167d2ae23e727b6a8420281a3d7356fb256be4,6,7,42,966.35212373142417,79.309649326639814,0.017029213298139136,0.034956652818804515,4,2,4,10,0.022571586130809097,0,1
D037,186,D037-R01,37,R01,1,train,fc13a33a0a1af435189990e54b6c68efa56bbc207c0cae6e27e12bf031605930,C:\Users\johns\satnet-stage-a-production-generate-v1-activation-20260730-production\run_186\result.json,706d3bc057afe7c1206380de2a657d4d8f506b02b5f93674a5e84141429e2f8d,C:\Users\johns\satnet-stage-a-production-generate-v1-activation-20260730-production\run_186\scientific_inventory.json,18a2fe17605a49cbf6586433f42c5179fe4a693bb959e172deed35ed0fc7dfa9,1df90a93288c6fb28944607177ede825906415cbc9299f169bccf7492d9544ad,fde61e45565e5b94fb91f7b44dab462df86214a4017d04ef7d019292262d99d2,f9df9247aa8470b21ed2cddcc53893882a98aa2f9b47250e0066ffcc18aebadc,6,7,42,966.35212373142417,79.309649326639814,0.017029213298139136,0.034956652818804515,4,2,4,10,0.022571586130809097,0,1
D037,187,D037-R02,37,R02,2,train,fc13a33a0a1af435189990e54b6c68efa56bbc207c0cae6e27e12bf031605930,C:\Users\johns\satnet-stage-a-production-generate-v1-activation-20260730-production\run_187\result.json,2927b8d87a93f88e808007d32c7a68810123c8771e1a1730d3bcb80493649fc5,C:\Users\johns\satnet-stage-a-production-generate-v1-activation-20260730-production\run_187\scientific_inventory.json,31ceedb818dd92af089c4379689ea714c6ef3c86b7a0fc0aa5603e3197594e54,1df90a93288c6fb28944607177ede825906415cbc9299f169bccf7492d9544ad,c7bf0edc5156e8ce53c41013c3b7e32b4eb326b22c32438065291b6730f2cd07,8f816fbe9463503f1c742ccb0ad66c03a8990ca8cb564c6ea5ed6f3f807293f1,6,7,42,966.35212373142417,79.309649326639814,0.017029213298139136,0.034956652818804515,4,2,4,10,0.022571586130809097,0,1
D037,188,D037-R03,37,R03,3,train,fc13a33a0a1af435189990e54b6c68efa56bbc207c0cae6e27e12bf031605930,C:\Users\johns\satnet-stage-a-production-generate-v1-activation-20260730-production\run_188\result.json,54c18e3a461ff441f3d1aa5f3a24f4ec4d0afd9510399c9748673bd5b0418921,C:\Users\johns\satnet-stage-a-production-generate-v1-activation-20260730-production\run_188\scientific_inventory.json,e2442bc355b4451ee13074d24ede159414f6a34b07e6e52f3ca2f5f9c2ccde38,1df90a93288c6fb28944607177ede825906415cbc9299f169bccf7492d9544ad,ad07deb8cac96342cd2f89a0f576109f0880c9be72b835a3a82f63228163e2f8,50a28270e62cbaa6f6a34b69d7110e444a9eeba534e7532cb52d46d18e687f82,6,7,42,966.35212373142417,79.309649326639814,0.017029213298139136,0.034956652818804515,4,2,4,10,0.022571586130809097,0,0.97619047619047616
D037,189,D037-R04,37,R04,4,train,fc13a33a0a1af435189990e54b6c68efa56bbc207c0cae6e27e12bf031605930,C:\Users\johns\satnet-stage-a-production-generate-v1-activation-20260730-production\run_189\result.json,8e7109f7f7e8ab1021e6d32846abbfdd2c0e3a4236135ed84ef286cdb08548f8,C:\Users\johns\satnet-stage-a-production-generate-v1-activation-20260730-production\run_189\scientific_inventory.json,2c65f047ed489a906963e73f4354ee3c3197158b377043150a0c78ce4fe517a0,1df90a93288c6fb28944607177ede825906415cbc9299f169bccf7492d9544ad,d6b360fc4d2dbf6c5989d795a1caec367b30d081e1490b5bcfed7bc7dac6c9fd,bc9907db75d019cea30884a0c2f9e1a72a0e34a04f030805a6a78a299bad9a8d,6,7,42,966.35212373142417,79.309649326639814,0.017029213298139136,0.034956652818804515,4,2,4,10,0.022571586130809097,0,0.95238095238095233
D038,190,D038-R00,38,R00,0,train,fc13a33a0a1af435189990e54b6c68efa56bbc207c0cae6e27e12bf031605930,C:\Users\johns\satnet-stage-a-production-generate-v1-activation-20260730-production\run_190\result.json,ccaf12276fabd113575d95375c56b165a9c0671f6de0ce745fe557a55f6b49a1,C:\Users\johns\satnet-stage-a-production-generate-v1-activation-20260730-production\run_190\scientific_inventory.json,01d55356fe7661aa1ec6cc7e51888a8fd862f64fa559e19cdf7279a7ecbd6784,d685f18ef3c7d6851f281cc9541fc93ee8acf3aef46db482f246d16dfaee2498,b55aa9ab6b0d61ced4729f8e60cb946d96f6d6922bee2442a50ccf5c57f1936a,999e8fd3efc9ee76c149ffdcd449498d7967d34f0eb092e8792e8c86433ab3d7,6,8,48,951.24776092235811,77.368321232763861,0.033667243817800771,0.049065169543799206,4,8,3,15,0.016636779416307361,1,0.9375
D038,191,D038-R01,38,R01,1,train,fc13a33a0a1af435189990e54b6c68efa56bbc207c0cae6e27e12bf031605930,C:\Users\johns\satnet-stage-a-production-generate-v1-activation-20260730-production\run_191\result.json,5024187c591a30e2f4a27dbb7ce5e49b6b2e3c4ed8d6f9129ffd7062364a2c50,C:\Users\johns\satnet-stage-a-production-generate-v1-activation-20260730-production\run_191\scientific_inventory.json,b2d5b61147ef99db8b34b987708d0994a1901eb7240c4201f6aa20602313e4a2,d685f18ef3c7d6851f281cc9541fc93ee8acf3aef46db482f246d16dfaee2498,5adda17c4d7eaffc0bfe1e2c462bdb1c20508afcb7d2042def5ba172da39bc93,2d673252c37579a45b31f7c3b9f6845fed694877fb278461f222f041b0263f28,6,8,48,951.24776092235811,77.368321232763861,0.033667243817800771,0.049065169543799206,4,8,3,15,0.016636779416307361,1,0.9375
D038,192,D038-R02,38,R02,2,train,fc13a33a0a1af435189990e54b6c68efa56bbc207c0cae6e27e12bf031605930,C:\Users\johns\satnet-stage-a-production-generate-v1-activation-20260730-production\run_192\result.json,8d490eed627806f6c52b725545e2857f899aee1baa3fa062577a7c8b09a83c1e,C:\Users\johns\satnet-stage-a-production-generate-v1-activation-20260730-production\run_192\scientific_inventory.json,b1affbe0b705bcc96c859a55d891ed7473a24564c9b7feb6f5f810f5b957ddd8,d685f18ef3c7d6851f281cc9541fc93ee8acf3aef46db482f246d16dfaee2498,4c8e28f62ccfcc4fa9b3bd91284ededf7e320cdaa33ec338a8032d4ada17ce65,6fcfb272c44827f09b3d87d47666850556e0bfc64396696480de2267e4833d2d,6,8,48,951.24776092235811,77.368321232763861,0.033667243817800771,0.049065169543799206,4,8,3,15,0.016636779416307361,1,0.91666666666666663
D038,193,D038-R03,38,R03,3,train,fc13a33a0a1af435189990e54b6c68efa56bbc207c0cae6e27e12bf031605930,C:\Users\johns\satnet-stage-a-production-generate-v1-activation-20260730-production\run_193\result.json,ac4db652ab95b70cc0c2f0ac99c9260ba36f127c6d1008c1d4872a03290f50a2,C:\Users\johns\satnet-stage-a-production-generate-v1-activation-20260730-production\run_193\scientific_inventory.json,154b8ea59ed6b424df0be02b1c5042a16ec0c166b808cdd90f1d251318eb31f7,d685f18ef3c7d6851f281cc9541fc93ee8acf3aef46db482f246d16dfaee2498,3dece2ae04de87b6f888f45d89af759a0cef24bd3942ab6df3c236de1ce52995,a87f981ac881a5c660f91d1da1472b0fb5ca9dc1be8b48a71a731b5486b65c7b,6,8,48,951.24776092235811,77.368321232763861,0.033667243817800771,0.049065169543799206,4,8,3,15,0.016636779416307361,1,0.95833333333333337
D038,194,D038-R04,38,R04,4,train,fc13a33a0a1af435189990e54b6c68efa56bbc207c0cae6e27e12bf031605930,C:\Users\johns\satnet-stage-a-production-generate-v1-activation-20260730-production\run_194\result.json,7fb72b4fed68413d0dd9f1f664a2f4f545e070bbb223f34564ed77b2c1961589,C:\Users\johns\satnet-stage-a-production-generate-v1-activation-20260730-production\run_194\scientific_inventory.json,44854edcaff521b3db486eef607624c297a9139ebe7e9028f141c31d6795c2df,d685f18ef3c7d6851f281cc9541fc93ee8acf3aef46db482f246d16dfaee2498,3785d1f9076d5e0b23e4d068d5491c6cda5aec9f69dfdb1d8653fdf3786688ba,5975749c1974476e8017b98a6c0474f661adc7536979bbad7743a654d67169ab,6,8,48,951.24776092235811,77.368321232763861,0.033667243817800771,0.049065169543799206,4,8,3,15,0.016636779416307361,1,0.97916666666666663
D039,195,D039-R00,39,R00,0,train,fc13a33a0a1af435189990e54b6c68efa56bbc207c0cae6e27e12bf031605930,C:\Users\johns\satnet-stage-a-production-generate-v1-activation-20260730-production\run_195\result.json,50deb224c2c1ad460bc56853d4095db14c6ac2a6c5a112f3f9944c2bc5a75ec0,C:\Users\johns\satnet-stage-a-production-generate-v1-activation-20260730-production\run_195\scientific_inventory.json,4e255ecd0460c7769e403dd8253cb37c77f21f5a92f4e6087ff2af5a6c0e796d,59bce8fc92db912dae0acc0cc9f64a0620ae1d0adcd2893cac15492eaa4e4b7e,7c6705c0925af33817d084be7dc1ce5afe52c8ecab0a42280acf3e265a435868,471ccad1b3d4a4d0207fa11e661567c602651cc55dc72b3760998568241a167b,5,7,35,1137.0117710410739,86.966737829718568,0.019206705664079244,0.031922285109002524,4,10,4,18,0.034515191422758343,0,0.97142857142857142
D039,196,D039-R01,39,R01,1,train,fc13a33a0a1af435189990e54b6c68efa56bbc207c0cae6e27e12bf031605930,C:\Users\johns\satnet-stage-a-production-generate-v1-activation-20260730-production\run_196\result.json,21ad7e3a517778a008c8808616146c5fbb44e4fa01463cdcc1eb2bce41206369,C:\Users\johns\satnet-stage-a-production-generate-v1-activation-20260730-production\run_196\scientific_inventory.json,7d0f37cb949952a9259ae5130ff4e161a5aee97971808a54f18d0401b37661b1,59bce8fc92db912dae0acc0cc9f64a0620ae1d0adcd2893cac15492eaa4e4b7e,7c87e999dad452b157fbe94294c170add717228581f0e6016edb764ac8f302be,231aedac82ea7d3896b28cfddde35a49e6793738edbfe9842aec8c873ba034f1,5,7,35,1137.0117710410739,86.966737829718568,0.019206705664079244,0.031922285109002524,4,10,4,18,0.034515191422758343,0,0.97142857142857142
D039,197,D039-R02,39,R02,2,train,fc13a33a0a1af435189990e54b6c68efa56bbc207c0cae6e27e12bf031605930,C:\Users\johns\satnet-stage-a-production-generate-v1-activation-20260730-production\run_197\result.json,a0e70ad4f30b2938a03d395b00a4718e2c215c6302d3e01c936d81b76813b599,C:\Users\johns\satnet-stage-a-production-generate-v1-activation-20260730-production\run_197\scientific_inventory.json,1d40be88698f28eec47d572370139055f0c5b1e01685c415ebca39d8b300aeb5,59bce8fc92db912dae0acc0cc9f64a0620ae1d0adcd2893cac15492eaa4e4b7e,900148516c293f2032fa4a4d4edd126f9c2f32c7dec3d67546ddb0141ce29467,57b497d0d663b56e55c60c349b1b21bf0b43c2bbfc6ae7f9a06b5bd4109bb4fc,5,7,35,1137.0117710410739,86.966737829718568,0.019206705664079244,0.031922285109002524,4,10,4,18,0.034515191422758343,0,0.94285714285714284
D039,198,D039-R03,39,R03,3,train,fc13a33a0a1af435189990e54b6c68efa56bbc207c0cae6e27e12bf031605930,C:\Users\johns\satnet-stage-a-production-generate-v1-activation-20260730-production\run_198\result.json,1c87e845095a23186707d38bb7e9c8c5041dbe1d7402d346a2cfb2c6a9ae27f3,C:\Users\johns\satnet-stage-a-production-generate-v1-activation-20260730-production\run_198\scientific_inventory.json,ed1b54af83801ce6f61a59a0b8a96e44f117ba618883b9efeaa8ddedfcc30872,59bce8fc92db912dae0acc0cc9f64a0620ae1d0adcd2893cac15492eaa4e4b7e,fb3d0894d44847cdef272ca291d990f7b5f938e832ab932ce4e55cf8183fb429,b402eecee0318dde7e33b026b3c3b10f9b17db2834e6c574b0c7d6add098521d,5,7,35,1137.0117710410739,86.966737829718568,0.019206705664079244,0.031922285109002524,4,10,4,18,0.034515191422758343,0,0.97142857142857142
D039,199,D039-R04,39,R04,4,train,fc13a33a0a1af435189990e54b6c68efa56bbc207c0cae6e27e12bf031605930,C:\Users\johns\satnet-stage-a-production-generate-v1-activation-20260730-production\run_199\result.json,4b3579a045c8d6f424b8602a331cd00a2e199c2557b037bb955fb4ccdfc1ba00,C:\Users\johns\satnet-stage-a-production-generate-v1-activation-20260730-production\run_199\scientific_inventory.json,f296f0786fd14eaa126a632a5a78ff07aed83e6c2a6f421c921c0a9cd572f171,59bce8fc92db912dae0acc0cc9f64a0620ae1d0adcd2893cac15492eaa4e4b7e,aae95c91d7e4754422babc45ffa499a31369b9a9d42469bb3d7acfc0c0e551be,7a330418346a293023b64d87296674b4f0e71b8da9a9a263741a8f0b83edacda,5,7,35,1137.0117710410739,86.966737829718568,0.019206705664079244,0.031922285109002524,4,10,4,18,0.034515191422758343,0,1
D040,200,D040-R00,40,R00,0,train,fc13a33a0a1af435189990e54b6c68efa56bbc207c0cae6e27e12bf031605930,C:\Users\johns\satnet-stage-a-production-generate-v1-activation-20260730-production\run_200\result.json,00efab8053fa3635b4a6bbb5adfa2d9ff7782fbc178e18c147c9dccb1bad50e7,C:\Users\johns\satnet-stage-a-production-generate-v1-activation-20260730-production\run_200\scientific_inventory.json,c8e40dbf49cb5d4a07a2fc06b4077b275750387a831b1666ffc594301d584aa4,a42b2e4b5c74c0faeee8e20015b92a0a214bcb5a7295b03dfbac4c4bbda153db,cdace725a83634c2631fe65ff9a17cda3e58e85c4222ada3b81e2a3c1711b771,5878f8c486fcfa6b80044f54e5e2b1a0264fb0a6c8ccb7a69213ef63e8af4f10,4,7,28,654.34216897147792,35.699945992804743,0.076770913213221076,0.082721365884296044,3,9,8,20,0.065458865680834755,1,0.071428571428571425
D040,201,D040-R01,40,R01,1,train,fc13a33a0a1af435189990e54b6c68efa56bbc207c0cae6e27e12bf031605930,C:\Users\johns\satnet-stage-a-production-generate-v1-activation-20260730-production\run_201\result.json,d39df65d9c4b80cf3cf6da07e528f910512b2d27ae62ec7adef52aa3ad60a0f5,C:\Users\johns\satnet-stage-a-production-generate-v1-activation-20260730-production\run_201\scientific_inventory.json,12361ee231b529a677abe3a32cd9fc4b7b4d48fcf8c27c17746f1deb4bfd2618,a42b2e4b5c74c0faeee8e20015b92a0a214bcb5a7295b03dfbac4c4bbda153db,29e5636514deaa5e214a24e7ddf260958057a077ae27502696cfb4b9319edeb5,50bd4c745f43a2522871cf81babbecf11dfaa36b47b7ad5c0c39b9cb1991f783,4,7,28,654.34216897147792,35.699945992804743,0.076770913213221076,0.082721365884296044,3,9,8,20,0.065458865680834755,1,0.071428571428571425
D040,202,D040-R02,40,R02,2,train,fc13a33a0a1af435189990e54b6c68efa56bbc207c0cae6e27e12bf031605930,C:\Users\johns\satnet-stage-a-production-generate-v1-activation-20260730-production\run_202\result.json,78ded63f12d7da8d790b30c6a51d05b313168137e4a26f0e4ac0f3153fda6a3d,C:\Users\johns\satnet-stage-a-production-generate-v1-activation-20260730-production\run_202\scientific_inventory.json,ad702b3dd5a7cde365e8145c985d1cabc6755e12d85eaa9e0307f3fc62d340af,a42b2e4b5c74c0faeee8e20015b92a0a214bcb5a7295b03dfbac4c4bbda153db,283c32ce9fbb3899bdef9bf54724a6f5182faf231cf59c4907d2abb6c3c072d3,4ed0f5a9ddc56402a22e9bc3d7c4803acabd21b6ae82118a4c20944174fd6596,4,7,28,654.34216897147792,35.699945992804743,0.076770913213221076,0.082721365884296044,3,9,8,20,0.065458865680834755,1,0.071428571428571425
D040,203,D040-R03,40,R03,3,train,fc13a33a0a1af435189990e54b6c68efa56bbc207c0cae6e27e12bf031605930,C:\Users\johns\satnet-stage-a-production-generate-v1-activation-20260730-production\run_203\result.json,df94fc6996aba1d15cd2cfc58b500cb5fbb73099fc8fcafc6863471298b68499,C:\Users\johns\satnet-stage-a-production-generate-v1-activation-20260730-production\run_203\scientific_inventory.json,e6e2b24df97b02ec8c9760eea661dd705451e50425e7cfed7eba3507128c28dc,a42b2e4b5c74c0faeee8e20015b92a0a214bcb5a7295b03dfbac4c4bbda153db,a064271d24f22a02c4a85d80f7eda75c65fbca8c8e1c79a09be40025b848f086,f76c81738a222efbe4f9b887e6a3157e23423bcf3f1ff55e2fa71723b5979120,4,7,28,654.34216897147792,35.699945992804743,0.076770913213221076,0.082721365884296044,3,9,8,20,0.065458865680834755,1,0.071428571428571425
D040,204,D040-R04,40,R04,4,train,fc13a33a0a1af435189990e54b6c68efa56bbc207c0cae6e27e12bf031605930,C:\Users\johns\satnet-stage-a-production-generate-v1-activation-20260730-production\run_204\result.json,fd9774272bb251de495e1cc41cab24795e2f20b3a8d5f8e50ed2ecfc01ad72a2,C:\Users\johns\satnet-stage-a-production-generate-v1-activation-20260730-production\run_204\scientific_inventory.json,02d1dc9ddae22ce9784cea4c0713cd19a1f8c885275775fcaf7dfe4eaaec04ad,a42b2e4b5c74c0faeee8e20015b92a0a214bcb5a7295b03dfbac4c4bbda153db,41ffabb5b026b031fe57c14f9e0a5dadef920b3d5b746a6b7004417cb36f6159,8e8b136164e06b4295be6e3e011b3642ed8cb2c29f8b21186bde42911941cca2,4,7,28,654.34216897147792,35.699945992804743,0.076770913213221076,0.082721365884296044,3,9,8,20,0.065458865680834755,1,0.071428571428571425
D041,205,D041-R00,41,R00,0,train,fc13a33a0a1af435189990e54b6c68efa56bbc207c0cae6e27e12bf031605930,C:\Users\johns\satnet-stage-a-production-generate-v1-activation-20260730-production\run_205\result.json,ed41e444410aee74ff2b010952f266c0d339615e54bff25a5e3dc5986f0cb764,C:\Users\johns\satnet-stage-a-production-generate-v1-activation-20260730-production\run_205\scientific_inventory.json,ad258e2a6ac7583baadd54c875d13b2f2d0871b58998f36fb1f8ae596ce91cef,8664cd9568e95a4d4bd9570354e0c0274803837327c72325fd0b70a7c3526d7b,4d95a64afbe23880f52095c6ef194c93198abb687eebe1d06192382c8b04929c,2d4b2300c3a3bebc7e4ede1fe4a6b8bedcdcb30456ec41741484e57e6d8362a2,6,7,42,910.8808882358278,72.188337635464649,0.17361959630443613,0.19729497615974756,3,2,1,6,0.22967296551938726,1,0.83333333333333337
D041,206,D041-R01,41,R01,1,train,fc13a33a0a1af435189990e54b6c68efa56bbc207c0cae6e27e12bf031605930,C:\Users\johns\satnet-stage-a-production-generate-v1-activation-20260730-production\run_206\result.json,6640eb54bd13623c0f7fc68965bd772e79cb7fe8622fa7c4ac2ee646263ccf2a,C:\Users\johns\satnet-stage-a-production-generate-v1-activation-20260730-production\run_206\scientific_inventory.json,d15a0968403887e1a39f9dbb4362418d0d7aa2571190e552bff96d97ac8c7a6a,8664cd9568e95a4d4bd9570354e0c0274803837327c72325fd0b70a7c3526d7b,2e042152c2d69c8383dcf0be7a0e47d250041b915fa1943e9a5dd471bd27930b,a8b21377572d7814cd7b480633c55aa981abd8f217ce5652459a9d16d72c7d66,6,7,42,910.8808882358278,72.188337635464649,0.17361959630443613,0.19729497615974756,3,2,1,6,0.22967296551938726,1,0.6428571428571429
D041,207,D041-R02,41,R02,2,train,fc13a33a0a1af435189990e54b6c68efa56bbc207c0cae6e27e12bf031605930,C:\Users\johns\satnet-stage-a-production-generate-v1-activation-20260730-production\run_207\result.json,ccc692e00d6a61b736c811a418c7d6c3ec832086a4bccc1d5ad1e97e1fe5d127,C:\Users\johns\satnet-stage-a-production-generate-v1-activation-20260730-production\run_207\scientific_inventory.json,aebbdbd4a3ea5448b51065ac602b46b1808c759c2a3c0505ee86faf4018c8e16,8664cd9568e95a4d4bd9570354e0c0274803837327c72325fd0b70a7c3526d7b,d18a7757f552ff8209b91e9dc8d702d106f9fb1d189214ca29cdf5aa4eca0a11,1174e8cb1fd6e56a58f0c2109024ff8bd19a05a047a2b7212d226eb8d14c1919,6,7,42,910.8808882358278,72.188337635464649,0.17361959630443613,0.19729497615974756,3,2,1,6,0.22967296551938726,1,0.66666666666666663
D041,208,D041-R03,41,R03,3,train,fc13a33a0a1af435189990e54b6c68efa56bbc207c0cae6e27e12bf031605930,C:\Users\johns\satnet-stage-a-production-generate-v1-activation-20260730-production\run_208\result.json,c6ccb0c54dec13f03c38d1e08b6f656f60e48f9fb30d15dae650f3d267327a31,C:\Users\johns\satnet-stage-a-production-generate-v1-activation-20260730-production\run_208\scientific_inventory.json,311b50a4748edf085051f7f5a23612da46831d9fb930b478cc8354d756bae31a,8664cd9568e95a4d4bd9570354e0c0274803837327c72325fd0b70a7c3526d7b,d1634bc3906696a92f2deee90709cb579ccc484bdc238d3bb8d1ae40c4c7eecc,058a0c74513cd2b491476f6ddc8cea56a5a410b1db5f2ea774bbad35e61a315c,6,7,42,910.8808882358278,72.188337635464649,0.17361959630443613,0.19729497615974756,3,2,1,6,0.22967296551938726,1,0.88095238095238093
D041,209,D041-R04,41,R04,4,train,fc13a33a0a1af435189990e54b6c68efa56bbc207c0cae6e27e12bf031605930,C:\Users\johns\satnet-stage-a-production-generate-v1-activation-20260730-production\run_209\result.json,725445684786d2989c5317c60f4450304e8d603ec485902b5ce6f0515f896c74,C:\Users\johns\satnet-stage-a-production-generate-v1-activation-20260730-production\run_209\scientific_inventory.json,beda75ad002a8e4f02f35ab1f90e0a5dee2eed5c5f99de6b5ef112e048385056,8664cd9568e95a4d4bd9570354e0c0274803837327c72325fd0b70a7c3526d7b,02cee644644f6c24e29f49e1533696ad456a523cb4994c1d90f5a0749129032c,3ecea100858b47d8e4480d49be8384d229bdfdd2c3d9b2bdf4ad39b3a74a8c76,6,7,42,910.8808882358278,72.188337635464649,0.17361959630443613,0.19729497615974756,3,2,1,6,0.22967296551938726,1,0.7857142857142857
D043,215,D043-R00,43,R00,0,train,fc13a33a0a1af435189990e54b6c68efa56bbc207c0cae6e27e12bf031605930,C:\Users\johns\satnet-stage-a-production-generate-v1-activation-20260730-production\run_215\result.json,3097164c6d43efbe16568f4bdf2f102c6210b22e7c0ce20fc41b7b0b98c09251,C:\Users\johns\satnet-stage-a-production-generate-v1-activation-20260730-production\run_215\scientific_inventory.json,92b7342da18fc921a42cd3e2744fafda58c773824772142ba17d2945a427063f,b2ba6dfdebd6c2233375ea3d1dfb6cf7f29b780082d4a7933e2676dee87680af,2607550006ecd5791f782c4d112cc23c829d851831c7d690deb03594a77d2def,c08fae507fff9ccc4f553d190848e857c3a5525a0d5aefcdd0849b6e45b15e2f,4,7,28,1114.7055942489483,54.485005136988732,0.1176709987319524,0.22042945215987064,4,2,4,10,0.3534097679551263,1,0.6071428571428571
D043,216,D043-R01,43,R01,1,train,fc13a33a0a1af435189990e54b6c68efa56bbc207c0cae6e27e12bf031605930,C:\Users\johns\satnet-stage-a-production-generate-v1-activation-20260730-production\run_216\result.json,234dc57c95be855b9d1553a4ae04812ea9ef2000452afec7d00a55b34d5df031,C:\Users\johns\satnet-stage-a-production-generate-v1-activation-20260730-production\run_216\scientific_inventory.json,16beb594276dda095ffbb109295331eab5eecee4ba1eb95cbb7dbe9ec0dee2e1,b2ba6dfdebd6c2233375ea3d1dfb6cf7f29b780082d4a7933e2676dee87680af,6e87060b9b15757bc47a8f32ce8b62f5cf5085f7ecefd25f1b91740807105b57,2456d0e93045d3a776f9c0a3d802434362c23bf6f049c01d0828cb2cb160ac39,4,7,28,1114.7055942489483,54.485005136988732,0.1176709987319524,0.22042945215987064,4,2,4,10,0.3534097679551263,1,0.6071428571428571
D043,217,D043-R02,43,R02,2,train,fc13a33a0a1af435189990e54b6c68efa56bbc207c0cae6e27e12bf031605930,C:\Users\johns\satnet-stage-a-production-generate-v1-activation-20260730-production\run_217\result.json,58887c57b25764222876e12f62e0f37f88bfc62b054df60d5d04f66045e8ed3c,C:\Users\johns\satnet-stage-a-production-generate-v1-activation-20260730-production\run_217\scientific_inventory.json,b2d7ba1d7a098a574909402e4d01d5412e31f9624bce73ed0d2477cf9315df8d,b2ba6dfdebd6c2233375ea3d1dfb6cf7f29b780082d4a7933e2676dee87680af,16cc57d8603b976676dc91347c5505be947d23113644abfbb0db6933aac127d2,6e70d393fce8ada5cb3df9c77a72d57e6072bd88a345413da2aec8352ad3c1e6,4,7,28,1114.7055942489483,54.485005136988732,0.1176709987319524,0.22042945215987064,4,2,4,10,0.3534097679551263,1,0.21428571428571427
D043,218,D043-R03,43,R03,3,train,fc13a33a0a1af435189990e54b6c68efa56bbc207c0cae6e27e12bf031605930,C:\Users\johns\satnet-stage-a-production-generate-v1-activation-20260730-production\run_218\result.json,bcf9f8de73c678a4553e2ff1f682a79edff6ec2f3927b903c29d05bcd0a3c41d,C:\Users\johns\satnet-stage-a-production-generate-v1-activation-20260730-production\run_218\scientific_inventory.json,e5265d4e5bf52dd39e1c2d63a95c106cbafd088dd5a7dd716554b4f4b0620c69,b2ba6dfdebd6c2233375ea3d1dfb6cf7f29b780082d4a7933e2676dee87680af,efc1624d61bb2526ffa21b635868f0e9f926e0a32df7356f52b1937c1baa0995,e7208767915a8902039a1f6e41c8afd65e3679269d48b6d26383b1a49bd56d3e,4,7,28,1114.7055942489483,54.485005136988732,0.1176709987319524,0.22042945215987064,4,2,4,10,0.3534097679551263,1,0.6428571428571429
D043,219,D043-R04,43,R04,4,train,fc13a33a0a1af435189990e54b6c68efa56bbc207c0cae6e27e12bf031605930,C:\Users\johns\satnet-stage-a-production-generate-v1-activation-20260730-production\run_219\result.json,9de48cbdb7589e674dcc40f6264bfa11d6e6584ccde683d17955a87594b7320f,C:\Users\johns\satnet-stage-a-production-generate-v1-activation-20260730-production\run_219\scientific_inventory.json,9a08e1e53575ec967b365fa90a9ec335d09c2302ab9ba1b75b0824af152403a8,b2ba6dfdebd6c2233375ea3d1dfb6cf7f29b780082d4a7933e2676dee87680af,a6a4ef88c9738044a9773339d1bcb35c09fdc66aa918d32c9c85202930bf0d55,6af5a594ce005e611fa23e29258cbf8007606912f31700a681576beb88a54595,4,7,28,1114.7055942489483,54.485005136988732,0.1176709987319524,0.22042945215987064,4,2,4,10,0.3534097679551263,1,0.2857142857142857
D044,220,D044-R00,44,R00,0,train,fc13a33a0a1af435189990e54b6c68efa56bbc207c0cae6e27e12bf031605930,C:\Users\johns\satnet-stage-a-production-generate-v1-activation-20260730-production\run_220\result.json,f341267ef7a78386b5a1b8413bbfe62715f9fbf3dc12a8d76bfa2a1751a43a38,C:\Users\johns\satnet-stage-a-production-generate-v1-activation-20260730-production\run_220\scientific_inventory.json,d41c4f83db1fa34a5f6b8a0518dbb9e7f4ffbb628413245908bf62f9c7888980,5ff9ab569851bdd5b87a3e38321a297bf992b0ecfe54a64440dfb6680c98047c,16352dbe0263485b7a77e47a65f5a2c028c4d9e30e48624273eccbe7e266e556,1d466f0e03f3e3aadd03b02583b4f0b9eaea4cb75193a91c8e73f59c0cacb89c,5,8,40,1061.4423459562586,40.108035013798045,0.021417776159031315,0.14259867905368465,14,13,13,40,0.099186808693792636,1,0.40000000000000002
D044,221,D044-R01,44,R01,1,train,fc13a33a0a1af435189990e54b6c68efa56bbc207c0cae6e27e12bf031605930,C:\Users\johns\satnet-stage-a-production-generate-v1-activation-20260730-production\run_221\result.json,7725f4fe1fdce4f8252aa60799a30cec2f984609b3135ee2d9f5cab49f9f0bee,C:\Users\johns\satnet-stage-a-production-generate-v1-activation-20260730-production\run_221\scientific_inventory.json,f8576183d640225950efe773993f46c760aa573cf5a17fd9c6de4054b663c7c5,5ff9ab569851bdd5b87a3e38321a297bf992b0ecfe54a64440dfb6680c98047c,2ef479ee68ffe58e4d745ad6b1db5d5abca1b7a1b521672e52b47b3a9787a9a1,5ea590cec171f477e0ad850c31fe5ce54ee49043e622bd4f932110988c6f3ab1,5,8,40,1061.4423459562586,40.108035013798045,0.021417776159031315,0.14259867905368465,14,13,13,40,0.099186808693792636,1,0.40000000000000002
D044,222,D044-R02,44,R02,2,train,fc13a33a0a1af435189990e54b6c68efa56bbc207c0cae6e27e12bf031605930,C:\Users\johns\satnet-stage-a-production-generate-v1-activation-20260730-production\run_222\result.json,65e3f6f824d6c0d8538738c30284c4e5c3a89410674d9dca95364ef98069525d,C:\Users\johns\satnet-stage-a-production-generate-v1-activation-20260730-production\run_222\scientific_inventory.json,ae53a4ddd9cf7bd426bd0fa8d4c25d934d09c89694539eb020496e57d5278b73,5ff9ab569851bdd5b87a3e38321a297bf992b0ecfe54a64440dfb6680c98047c,2fa59b1789c3c05278cf63993db9b34ae12b4d4890157bcaf73e204f3abec123,0f728c80fc87be1d942268103dfe99f96ec755d71b166b2561b8952a8c3c3002,5,8,40,1061.4423459562586,40.108035013798045,0.021417776159031315,0.14259867905368465,14,13,13,40,0.099186808693792636,1,0.22500000000000001
D044,223,D044-R03,44,R03,3,train,fc13a33a0a1af435189990e54b6c68efa56bbc207c0cae6e27e12bf031605930,C:\Users\johns\satnet-stage-a-production-generate-v1-activation-20260730-production\run_223\result.json,49bc390ecd5b3b69a6a6ddf23f3c8674db40a943f56749c962eb3a603bc7d8b3,C:\Users\johns\satnet-stage-a-production-generate-v1-activation-20260730-production\run_223\scientific_inventory.json,76322d1004d8601db5f2e811b3963e5206e2bbded5509f7a97bc5730de1f96f0,5ff9ab569851bdd5b87a3e38321a297bf992b0ecfe54a64440dfb6680c98047c,8ca0d8073a2b3d610345821e8ea52ffc7887694515accebfabe0f4dc31b9ce34,d76c561d69894c794bdd612b090bdfbd66d5009d8286898c501ebb488884bdd7,5,8,40,1061.4423459562586,40.108035013798045,0.021417776159031315,0.14259867905368465,14,13,13,40,0.099186808693792636,1,0.375
D044,224,D044-R04,44,R04,4,train,fc13a33a0a1af435189990e54b6c68efa56bbc207c0cae6e27e12bf031605930,C:\Users\johns\satnet-stage-a-production-generate-v1-activation-20260730-production\run_224\result.json,9a5604e8c144864d5f1934ba5f69c20a6b3f97cd13eaf375255d78e9ec0523be,C:\Users\johns\satnet-stage-a-production-generate-v1-activation-20260730-production\run_224\scientific_inventory.json,f41d842a585494a6a6bbdeface194754efcd3c9c07506fa50a3de28477bedfdd,5ff9ab569851bdd5b87a3e38321a297bf992b0ecfe54a64440dfb6680c98047c,2bb0ae65526be7d6092a9313f8b79209a98f5144733ff0e3f7888804ee22c8eb,35ec3788e3f412933d16c65097555ae4a132ca4c3ec8a885897a672f301142d0,5,8,40,1061.4423459562586,40.108035013798045,0.021417776159031315,0.14259867905368465,14,13,13,40,0.099186808693792636,1,0.40000000000000002
D045,225,D045-R00,45,R00,0,train,fc13a33a0a1af435189990e54b6c68efa56bbc207c0cae6e27e12bf031605930,C:\Users\johns\satnet-stage-a-production-generate-v1-activation-20260730-production\run_225\result.json,b87bda4d1e83225b7744ef6c543a78daa15dbbc8849be02751743616d679a6aa,C:\Users\johns\satnet-stage-a-production-generate-v1-activation-20260730-production\run_225\scientific_inventory.json,12adf90c7105f6d94085f19e13676a7f7d5dfdfba12de0b3f2ca544316551e2f,7569d13f109d179c683089d73af88ea09123d92e3ea28f6cd802cff77f62f31a,5b7f35edc51129e868cf16c808402e836dc986698e7b8e5f950b9a6703895aba,e4c260429ea8b0d5a47135d14976aa1ecd50095d79f9f2cd45dc8389727ad0e8,5,5,25,870.40870176425756,88.857763452791247,0.10860353796937608,0.24904597963468053,26,10,9,45,0.39231966704528276,1,0.16
D045,226,D045-R01,45,R01,1,train,fc13a33a0a1af435189990e54b6c68efa56bbc207c0cae6e27e12bf031605930,C:\Users\johns\satnet-stage-a-production-generate-v1-activation-20260730-production\run_226\result.json,464a9eb53c3b01076e1009f4a0fb9b2410eea48e88bf4df9eaec65105a89a003,C:\Users\johns\satnet-stage-a-production-generate-v1-activation-20260730-production\run_226\scientific_inventory.json,749a5e4ce63015beb8d21accfdb338a502b4191538d2f2e4140f6c7ac43822ff,7569d13f109d179c683089d73af88ea09123d92e3ea28f6cd802cff77f62f31a,908fe10c1e42c8da41e816f7ec444c20090297a07d9d37f6181cf5f41066d1af,fe7a8614c90bbc3ba0812638f70f8ecb5ff2f164b3d23eaadc7c966366ee4d59,5,5,25,870.40870176425756,88.857763452791247,0.10860353796937608,0.24904597963468053,26,10,9,45,0.39231966704528276,1,0.12
D045,227,D045-R02,45,R02,2,train,fc13a33a0a1af435189990e54b6c68efa56bbc207c0cae6e27e12bf031605930,C:\Users\johns\satnet-stage-a-production-generate-v1-activation-20260730-production\run_227\result.json,c06e877019ebde235b829bcb2759ff4ec20adcbe5d988298d687380886e7524a,C:\Users\johns\satnet-stage-a-production-generate-v1-activation-20260730-production\run_227\scientific_inventory.json,a33ecc4f3d496fbab36b02ed289e31aa69e7acdf4a00e49cf4ea171d7ebd4479,7569d13f109d179c683089d73af88ea09123d92e3ea28f6cd802cff77f62f31a,e6afa65e18ea7a3f6b3f7d4b038e096462a3c36c43c7e369290b294ebe319f3d,9a4d4061b5286bbd4e72dcba81993b2fc0ea505b9e09f837b3040fd775b7d5fb,5,5,25,870.40870176425756,88.857763452791247,0.10860353796937608,0.24904597963468053,26,10,9,45,0.39231966704528276,1,0.12
D045,228,D045-R03,45,R03,3,train,fc13a33a0a1af435189990e54b6c68efa56bbc207c0cae6e27e12bf031605930,C:\Users\johns\satnet-stage-a-production-generate-v1-activation-20260730-production\run_228\result.json,37db36f9ded09a806ceba30b9bc5f0a3cd49466e60f24ea8a753add143a92fd0,C:\Users\johns\satnet-stage-a-production-generate-v1-activation-20260730-production\run_228\scientific_inventory.json,eb50ef3db9e1e929500838acfd1a4711fcbe6e8e1400bf46501195f16056fd52,7569d13f109d179c683089d73af88ea09123d92e3ea28f6cd802cff77f62f31a,4057aeb2337690193467ea0fe5eff7a2e441e35b395474bbbb79dc280b465daf,f1f84b1e6fa77b43fe0009867510c01143a4a1ecec4b68f6b7322e4dd14781a7,5,5,25,870.40870176425756,88.857763452791247,0.10860353796937608,0.24904597963468053,26,10,9,45,0.39231966704528276,1,0.20000000000000001
D045,229,D045-R04,45,R04,4,train,fc13a33a0a1af435189990e54b6c68efa56bbc207c0cae6e27e12bf031605930,C:\Users\johns\satnet-stage-a-production-generate-v1-activation-20260730-production\run_229\result.json,6c604dffcd94501261f7ebd5ae5925b3cace66b871dca0dea0eedd65660ca8cf,C:\Users\johns\satnet-stage-a-production-generate-v1-activation-20260730-production\run_229\scientific_inventory.json,d7f0c85f69b9bb51acac8ad01b1d5cd7d49c6def99f7b37ea68097561a0c2b55,7569d13f109d179c683089d73af88ea09123d92e3ea28f6cd802cff77f62f31a,e15f6bdb73fa15738dfbb36f1dca6616567bd90a3bd5be6a673d7bb8e2d3eac6,7d4145652f0ed53c064d8a619a51936ee50596440af08df42a806f998818b267,5,5,25,870.40870176425756,88.857763452791247,0.10860353796937608,0.24904597963468053,26,10,9,45,0.39231966704528276,1,0.16
D047,235,D047-R00,47,R00,0,train,fc13a33a0a1af435189990e54b6c68efa56bbc207c0cae6e27e12bf031605930,C:\Users\johns\satnet-stage-a-production-generate-v1-activation-20260730-production\run_235\result.json,debdee4b5205efcd4b15bd955636fb85d999567e085cdc6ed651615aac34d07f,C:\Users\johns\satnet-stage-a-production-generate-v1-activation-20260730-production\run_235\scientific_inventory.json,8ae0b6708add6862446a37b3844cede61b14bf7a8f2f77adf7fd286b15d307fa,27e29d2e1341d8427e72c0c6270e70698ddf7b96a61acc9dbade5d6d5008cd0a,79774f811598fad49dec1f648b472f04df7dd62e6e3e3f5bd8fa349c425307ea,274d44e32af0488b608bfa4f8464b51b62689bdcb1499535196ba2712b8e265b,5,5,25,595.37907598323989,41.242886294415499,0.057460874818645293,0.063937299382067117,3,5,2,10,0.38463441270568843,1,0.080000000000000002
D047,236,D047-R01,47,R01,1,train,fc13a33a0a1af435189990e54b6c68efa56bbc207c0cae6e27e12bf031605930,C:\Users\johns\satnet-stage-a-production-generate-v1-activation-20260730-production\run_236\result.json,fdd3e29591a649122eec44e5f98dcce27d3fef17dfc60bfd862354295ecc97ef,C:\Users\johns\satnet-stage-a-production-generate-v1-activation-20260730-production\run_236\scientific_inventory.json,cf88f5b5d35554dbba22421ab7a0463882ab81cd1039da34ba2b93401020e613,27e29d2e1341d8427e72c0c6270e70698ddf7b96a61acc9dbade5d6d5008cd0a,c55fe32b03d2edc766929e8761d67a8c83c03ddbf9674802d1e45d17ab363865,a4593ea899e4d2eb9aef99ed04b8095e501a15dd229af51a909ed691826b571a,5,5,25,595.37907598323989,41.242886294415499,0.057460874818645293,0.063937299382067117,3,5,2,10,0.38463441270568843,1,0.080000000000000002
D047,237,D047-R02,47,R02,2,train,fc13a33a0a1af435189990e54b6c68efa56bbc207c0cae6e27e12bf031605930,C:\Users\johns\satnet-stage-a-production-generate-v1-activation-20260730-production\run_237\result.json,3e1ce38b935c724f5cb7bc7eb2eb9191de461825b3034378a5abf5e7cede8a75,C:\Users\johns\satnet-stage-a-production-generate-v1-activation-20260730-production\run_237\scientific_inventory.json,f1f9b5ad68d84b01987e75ab65728c033666c4469232e0c292a4d1872b2632d8,27e29d2e1341d8427e72c0c6270e70698ddf7b96a61acc9dbade5d6d5008cd0a,46ccf6f3153172dff1b16012d285ce481cc7a20490de5630b8cb65a7a0ebb522,ae86c1878028ced1fecdbbd52019cad5cda0c15e4930d42e77cbbc97c0cad235,5,5,25,595.37907598323989,41.242886294415499,0.057460874818645293,0.063937299382067117,3,5,2,10,0.38463441270568843,1,0.080000000000000002
D047,238,D047-R03,47,R03,3,train,fc13a33a0a1af435189990e54b6c68efa56bbc207c0cae6e27e12bf031605930,C:\Users\johns\satnet-stage-a-production-generate-v1-activation-20260730-production\run_238\result.json,e42d0976b878258e6c30259622689ea7f446d2bb859faeed0f34b9cdc3be813b,C:\Users\johns\satnet-stage-a-production-generate-v1-activation-20260730-production\run_238\scientific_inventory.json,64f3a56db63e80329bbf8e835bff1c9d3025e1d67b1e18b15f35718fdca4ab59,27e29d2e1341d8427e72c0c6270e70698ddf7b96a61acc9dbade5d6d5008cd0a,63180f4228b0f2b9e235c0dfd6f92c445327aee7fc7653c7946a846c7b102ab0,b5df0f160946fc07cfd25f47602c2f74b68a32911df17ca02cb0b523a9933622,5,5,25,595.37907598323989,41.242886294415499,0.057460874818645293,0.063937299382067117,3,5,2,10,0.38463441270568843,1,0.080000000000000002
D047,239,D047-R04,47,R04,4,train,fc13a33a0a1af435189990e54b6c68efa56bbc207c0cae6e27e12bf031605930,C:\Users\johns\satnet-stage-a-production-generate-v1-activation-20260730-production\run_239\result.json,87ed0c373cd8450b7806b768aafd19ffcbee69c8f2111bfe9dfa77d869c83128,C:\Users\johns\satnet-stage-a-production-generate-v1-activation-20260730-production\run_239\scientific_inventory.json,ec54074e682ba09768861bd12b11ffa77451f00a25eb43f1b1760ad78c2d3843,27e29d2e1341d8427e72c0c6270e70698ddf7b96a61acc9dbade5d6d5008cd0a,18711c59d2f5b4b981efd4f7a4ff59773f262747583ee4930bb2b7e931554e14,b7e04b59a41e16412ed686e790c0437f5343a8ef76b6a33ed2d7e493abde1d65,5,5,25,595.37907598323989,41.242886294415499,0.057460874818645293,0.063937299382067117,3,5,2,10,0.38463441270568843,1,0.080000000000000002
D048,240,D048-R00,48,R00,0,train,fc13a33a0a1af435189990e54b6c68efa56bbc207c0cae6e27e12bf031605930,C:\Users\johns\satnet-stage-a-production-generate-v1-activation-20260730-production\run_240\result.json,3e71740c1960c6cb6e8e028944b077c630a6a773031904a6e6eb71e21b99cecc,C:\Users\johns\satnet-stage-a-production-generate-v1-activation-20260730-production\run_240\scientific_inventory.json,3d9e1523518332c8dba28c4ca710ce2b1afa6438f2655624f7fe0847116f23e8,815baf635605a9251d8cb2155a092b5232722277ad79355abe1ca63a876fdda9,e2b06c85cefe12e53049c93d27206aa7512d1554a8060031d37141aac1952829,b490873a0c84d82cab678e5cb529d500ad9f3c90ae3e0cd263f395386e682d40,4,6,24,377.90820526617244,65.204723544415515,0.18262088827115408,0.17872643675382655,3,2,5,10,0.070353025752770679,1,0.041666666666666664
D048,241,D048-R01,48,R01,1,train,fc13a33a0a1af435189990e54b6c68efa56bbc207c0cae6e27e12bf031605930,C:\Users\johns\satnet-stage-a-production-generate-v1-activation-20260730-production\run_241\result.json,1f29375a31208c14ac8ec9af00a6cb0f5fd35b283713571d52c4ab933a67c73a,C:\Users\johns\satnet-stage-a-production-generate-v1-activation-20260730-production\run_241\scientific_inventory.json,74bc2af9170bcf8ae5e73bf14ef00983712f77143d870e0b3be9454bdb16d1f2,815baf635605a9251d8cb2155a092b5232722277ad79355abe1ca63a876fdda9,0d602c991a204c56a09ad4374cfaaad6691dd8aca5a726dcf425cd06fa9d0669,3e8ac9917e1f56d1c4487b91b9f12e1e39bbebf5e249bf43286d1d894346072e,4,6,24,377.90820526617244,65.204723544415515,0.18262088827115408,0.17872643675382655,3,2,5,10,0.070353025752770679,1,0.041666666666666664
D048,242,D048-R02,48,R02,2,train,fc13a33a0a1af435189990e54b6c68efa56bbc207c0cae6e27e12bf031605930,C:\Users\johns\satnet-stage-a-production-generate-v1-activation-20260730-production\run_242\result.json,d98d96ddd37957d75135c55b4015fb3375733959594a4df83eddf3ea15517e1e,C:\Users\johns\satnet-stage-a-production-generate-v1-activation-20260730-production\run_242\scientific_inventory.json,147136c5f6b843e9a000d94835568de030128437752737aee445ab373f2ef31d,815baf635605a9251d8cb2155a092b5232722277ad79355abe1ca63a876fdda9,d8655ed258b3c48075b7d2ca108416b8a260781145324e28aa9259c65c9aa623,fee8775c4e2b4873fb93318c28cbcd96de67e184a2b067be291a9d31ee2130cb,4,6,24,377.90820526617244,65.204723544415515,0.18262088827115408,0.17872643675382655,3,2,5,10,0.070353025752770679,1,0.041666666666666664
D048,243,D048-R03,48,R03,3,train,fc13a33a0a1af435189990e54b6c68efa56bbc207c0cae6e27e12bf031605930,C:\Users\johns\satnet-stage-a-production-generate-v1-activation-20260730-production\run_243\result.json,4637a8fb0807d0ed7f5d00158b4760144234c77da1574400280e3b754f7a0f32,C:\Users\johns\satnet-stage-a-production-generate-v1-activation-20260730-production\run_243\scientific_inventory.json,d7a476d96568d88c5df9ba3160f361488cf282abca84d27ec223c56017b544bd,815baf635605a9251d8cb2155a092b5232722277ad79355abe1ca63a876fdda9,008aed3b64fee285081ea4ea5b7851df12e258333153977098d9c95333529bd4,4717f065fff0088de0751f9f494580bee78f172142d7d4ad98424a97a612f6be,4,6,24,377.90820526617244,65.204723544415515,0.18262088827115408,0.17872643675382655,3,2,5,10,0.070353025752770679,1,0.041666666666666664
D048,244,D048-R04,48,R04,4,train,fc13a33a0a1af435189990e54b6c68efa56bbc207c0cae6e27e12bf031605930,C:\Users\johns\satnet-stage-a-production-generate-v1-activation-20260730-production\run_244\result.json,2def396796014851f255eb0f93915989c275ab5b4f19b2488e88ec7161155837,C:\Users\johns\satnet-stage-a-production-generate-v1-activation-20260730-production\run_244\scientific_inventory.json,a959849b5cead0e50b49d4299c4677cc78429d7211b0cac79998e6824d1da982,815baf635605a9251d8cb2155a092b5232722277ad79355abe1ca63a876fdda9,dfc7b8c886d6aeacbea71ef2f283268eb44662091fb6d1f8a5be239f50de619a,0f508029249dd13e68f662779696022b91c005f4147b0136e04251b7c8f3f8f7,4,6,24,377.90820526617244,65.204723544415515,0.18262088827115408,0.17872643675382655,3,2,5,10,0.070353025752770679,1,0.041666666666666664
D049,245,D049-R00,49,R00,0,train,fc13a33a0a1af435189990e54b6c68efa56bbc207c0cae6e27e12bf031605930,C:\Users\johns\satnet-stage-a-production-generate-v1-activation-20260730-production\run_245\result.json,38ac171c88c52a98f74f17a11021543e574598b9bf4186904973c5bc8cb81fb4,C:\Users\johns\satnet-stage-a-production-generate-v1-activation-20260730-production\run_245\scientific_inventory.json,ebfd59138256cedb37906ecb0aecaaebeeef6411e35f958c4ae96428cfaf8fdf,ebbfd6698efbbf3e343e6df1f61aebbaafcfc81c71ed0104a2a8734ee2fd8b4c,1dabf7317f882146984c605e68487668ea833be80a56170d513325a764fd30b2,e4acf89516769a067e27019ec1316b26fc50f8a104c5531867cba9e5c8edec1b,4,6,24,331.78351955997994,90.266948274487788,0.14822920333548292,0.087188659724045617,2,1,3,6,0.00084101630184129673,1,0.083333333333333329
D049,246,D049-R01,49,R01,1,train,fc13a33a0a1af435189990e54b6c68efa56bbc207c0cae6e27e12bf031605930,C:\Users\johns\satnet-stage-a-production-generate-v1-activation-20260730-production\run_246\result.json,d3b83993b21f6df056bc3a6efd07c4b4b1326d51e4c70e120489c8609137784d,C:\Users\johns\satnet-stage-a-production-generate-v1-activation-20260730-production\run_246\scientific_inventory.json,715ec7a9e2f4f4e956580a4733656fa4e68fb357b7aa38d6ad7fb6709367bdaa,ebbfd6698efbbf3e343e6df1f61aebbaafcfc81c71ed0104a2a8734ee2fd8b4c,7b65e6ac460472d3e8283c3706e6e835860e10af1c07bf9d48dabd01b49973be,1e9afee8eec60e5d013b224ad6fe1a3857440f3425b0e49e55ed85b255b6d147,4,6,24,331.78351955997994,90.266948274487788,0.14822920333548292,0.087188659724045617,2,1,3,6,0.00084101630184129673,1,0.041666666666666664
D049,247,D049-R02,49,R02,2,train,fc13a33a0a1af435189990e54b6c68efa56bbc207c0cae6e27e12bf031605930,C:\Users\johns\satnet-stage-a-production-generate-v1-activation-20260730-production\run_247\result.json,af6e7393d9e1adf047c143efae5cd3db801d5cb505cb98511e6f5cf3d265d651,C:\Users\johns\satnet-stage-a-production-generate-v1-activation-20260730-production\run_247\scientific_inventory.json,3975b77f68241c50a0ecf93de19f8b65ad57a32e74dd57616a0fffbdab8edaa5,ebbfd6698efbbf3e343e6df1f61aebbaafcfc81c71ed0104a2a8734ee2fd8b4c,df21fc25c73c8318d2338d9adc3a7f543d3a762a68ddc49a4589ab44459c30e2,094a49a19cb296c554b28d5457080e8b491f76df1d3634bd4bc7f342f50235d9,4,6,24,331.78351955997994,90.266948274487788,0.14822920333548292,0.087188659724045617,2,1,3,6,0.00084101630184129673,1,0.083333333333333329
D049,248,D049-R03,49,R03,3,train,fc13a33a0a1af435189990e54b6c68efa56bbc207c0cae6e27e12bf031605930,C:\Users\johns\satnet-stage-a-production-generate-v1-activation-20260730-production\run_248\result.json,48a588ce82588953b19d6ebf27622a53e9791bc43fcfe1b06939b43c6bb9f8f5,C:\Users\johns\satnet-stage-a-production-generate-v1-activation-20260730-production\run_248\scientific_inventory.json,4b7fbb70ad15dc5c14f5ce1385a07d385527f2df908e3389343a6f3b12cdc807,ebbfd6698efbbf3e343e6df1f61aebbaafcfc81c71ed0104a2a8734ee2fd8b4c,3b46ac3d0bbdb64d975b42acc581e82580e67f7935d0feae4c373186233d7cd6,470a9a16635a594fbc434ba954471418475df737567f66c5757239b548b69c4f,4,6,24,331.78351955997994,90.266948274487788,0.14822920333548292,0.087188659724045617,2,1,3,6,0.00084101630184129673,1,0.041666666666666664
D049,249,D049-R04,49,R04,4,train,fc13a33a0a1af435189990e54b6c68efa56bbc207c0cae6e27e12bf031605930,C:\Users\johns\satnet-stage-a-production-generate-v1-activation-20260730-production\run_249\result.json,35f96c927be1836db8190c81b5777c85ffa4d9bfbb56da0bd0376b9541b2541b,C:\Users\johns\satnet-stage-a-production-generate-v1-activation-20260730-production\run_249\scientific_inventory.json,a9c72f58e17bce0eda0cbb7f4bdfef194c2811c955c839ff8b55c91899f9f5e9,ebbfd6698efbbf3e343e6df1f61aebbaafcfc81c71ed0104a2a8734ee2fd8b4c,63e22356c9545e1e2580bd02e9f511187a58ad8392c8d33fadc9e4b743c52917,7cd8fd4c0b6d09a0e25f3257cc388347ee2cbb1db9e45e06cb5c6962f34f0130,4,6,24,331.78351955997994,90.266948274487788,0.14822920333548292,0.087188659724045617,2,1,3,6,0.00084101630184129673,1,0.083333333333333329
D050,250,D050-R00,50,R00,0,train,fc13a33a0a1af435189990e54b6c68efa56bbc207c0cae6e27e12bf031605930,C:\Users\johns\satnet-stage-a-production-generate-v1-activation-20260730-production\run_250\result.json,9be8896a59eeb8e3f0ee6633a768d1ea06f3b26f0fc19f8cdfac0481e02ea963,C:\Users\johns\satnet-stage-a-production-generate-v1-activation-20260730-production\run_250\scientific_inventory.json,d36e4ba6593aa84c79bafa9fb25807b4fc396dcd44ed711de24b7b5c58aad0ee,9b2de251151507feece2efcff14ba40e1d261de3f78ca41e9aeb2f908e74efb3,2f489633fdd47dd524131f98c4372f8a91df5b061a5f76ad51021ae3baa8881f,f81f532440524e64e320e887bee6b8d15152c23775ba9b4aeb4ca5c6b31af4ba,4,6,24,775.9019528338049,64.959437002431486,0.025876295715604382,0.099874857711731491,30,5,5,40,0.24626405000157703,1,0.083333333333333329
D050,251,D050-R01,50,R01,1,train,fc13a33a0a1af435189990e54b6c68efa56bbc207c0cae6e27e12bf031605930,C:\Users\johns\satnet-stage-a-production-generate-v1-activation-20260730-production\run_251\result.json,ea942ff6dfabadd27fe89f51dc93c6ea4da22faaed2c04b09e626b99c42565c3,C:\Users\johns\satnet-stage-a-production-generate-v1-activation-20260730-production\run_251\scientific_inventory.json,d3f509d0658ee37fdf97301f3c38e5199d6b6b818b5e52c7d8f4525efe2b83b3,9b2de251151507feece2efcff14ba40e1d261de3f78ca41e9aeb2f908e74efb3,5070a5365489156750c8ac20ee014ce284c22bf54586f1107440ea3cbaf80484,2011ccb390e61d552dba0fdb58e647d8c6ba53df938af90f4920c9753c1fcb4e,4,6,24,775.9019528338049,64.959437002431486,0.025876295715604382,0.099874857711731491,30,5,5,40,0.24626405000157703,1,0.125
D050,252,D050-R02,50,R02,2,train,fc13a33a0a1af435189990e54b6c68efa56bbc207c0cae6e27e12bf031605930,C:\Users\johns\satnet-stage-a-production-generate-v1-activation-20260730-production\run_252\result.json,6c03dc18a3d84e1f9d7da3775e46614013c38764327a0bfd0a9e2b22fdfb0cd7,C:\Users\johns\satnet-stage-a-production-generate-v1-activation-20260730-production\run_252\scientific_inventory.json,3ae1c751cbca9242b8132d4c9a05f51820315a8a2d4c27f3d9c36249b251eb73,9b2de251151507feece2efcff14ba40e1d261de3f78ca41e9aeb2f908e74efb3,fa91e45a88ecee0f0d8150b807c9db95dc21c254a86c9571d5f6dd9b73975a18,ebae8514ed0672eb1d6d53d2eb128c96f2c8477b9c297a557202f88c2dd34567,4,6,24,775.9019528338049,64.959437002431486,0.025876295715604382,0.099874857711731491,30,5,5,40,0.24626405000157703,1,0.125
D050,253,D050-R03,50,R03,3,train,fc13a33a0a1af435189990e54b6c68efa56bbc207c0cae6e27e12bf031605930,C:\Users\johns\satnet-stage-a-production-generate-v1-activation-20260730-production\run_253\result.json,348ccb4a3ef55b7fe3b93b1dc60de0c46fcf391a1963a48d150cc6148eac2fe3,C:\Users\johns\satnet-stage-a-production-generate-v1-activation-20260730-production\run_253\scientific_inventory.json,b87e6c84ccd3d2b6dfab190add93dd42826982dfad5b6526aec3d7757d379992,9b2de251151507feece2efcff14ba40e1d261de3f78ca41e9aeb2f908e74efb3,5fac6c2f5e494a0feae3b0f9c9ca7cd451887a9fc6a2665a0ccc8f26aab4bbd5,57196673dd712ad486b1e6a54b0c649280b657073f7b9d1af3b37a19d75cb59b,4,6,24,775.9019528338049,64.959437002431486,0.025876295715604382,0.099874857711731491,30,5,5,40,0.24626405000157703,1,0.125
D050,254,D050-R04,50,R04,4,train,fc13a33a0a1af435189990e54b6c68efa56bbc207c0cae6e27e12bf031605930,C:\Users\johns\satnet-stage-a-production-generate-v1-activation-20260730-production\run_254\result.json,8f7adb06f95c813230e766ec6f50e99804c59b4837a83586eebea1eb1cb33081,C:\Users\johns\satnet-stage-a-production-generate-v1-activation-20260730-production\run_254\scientific_inventory.json,210217eaf5ab9e2a47daeae1e9194a7d77d6ce077a2c7d7370f68ee238e77af7,9b2de251151507feece2efcff14ba40e1d261de3f78ca41e9aeb2f908e74efb3,2bc398e70c6b25cf61a40becba3a77988c2f1efccfd6380f5f467ecf9ece7083,0d11d830f59a16c708645b04322098d1239a96a4bea6f0218a2c202e35295773,4,6,24,775.9019528338049,64.959437002431486,0.025876295715604382,0.099874857711731491,30,5,5,40,0.24626405000157703,1,0.125
D051,255,D051-R00,51,R00,0,train,fc13a33a0a1af435189990e54b6c68efa56bbc207c0cae6e27e12bf031605930,C:\Users\johns\satnet-stage-a-production-generate-v1-activation-20260730-production\run_255\result.json,1874a5847ef2a1c959f4cddf3cdd112ae20f1b54b8bbecd34e07267b66dda07f,C:\Users\johns\satnet-stage-a-production-generate-v1-activation-20260730-production\run_255\scientific_inventory.json,f2b25ab5b6450298e302996ff164d8452646256e447c1bc428f5fc2f4c32c43e,a0dfcbf6811ce05a60ea70fba950570f7d29d9c2d6bde4e7494c00dbe6f7cd65,041af7ffd37bf509b65b57e6af720a696e694718633c13b4452cb71fce26e1b7,4199e6c89293861780d31526d3b1c1422365610fe8d47b10f1016ef95a242324,6,5,30,1004.8652482471625,52.765468629920633,0.0056594308701450871,0.044425858428949007,13,4,13,30,0.013924403922930257,1,0.20000000000000001
D051,256,D051-R01,51,R01,1,train,fc13a33a0a1af435189990e54b6c68efa56bbc207c0cae6e27e12bf031605930,C:\Users\johns\satnet-stage-a-production-generate-v1-activation-20260730-production\run_256\result.json,96512a4cc3b3e8c4a825836700956fd71092ceb2f3916491d17f63b566ba6beb,C:\Users\johns\satnet-stage-a-production-generate-v1-activation-20260730-production\run_256\scientific_inventory.json,e9318aec19707ef52a48398d80b060bd2d4614564805939930192335a690f694,a0dfcbf6811ce05a60ea70fba950570f7d29d9c2d6bde4e7494c00dbe6f7cd65,4b9481307fc9c71a09955cf4e116b0c40c1d70f9184e8c86e402a4da1ba224a3,935a924df8cb3febb56d2cf97b192ef098f4e95074f5b4b298a930eeea9e2e83,6,5,30,1004.8652482471625,52.765468629920633,0.0056594308701450871,0.044425858428949007,13,4,13,30,0.013924403922930257,1,0.20000000000000001
D051,257,D051-R02,51,R02,2,train,fc13a33a0a1af435189990e54b6c68efa56bbc207c0cae6e27e12bf031605930,C:\Users\johns\satnet-stage-a-production-generate-v1-activation-20260730-production\run_257\result.json,727d172cb5b261ff82ee2f6b5e699b38783f470d60e345b013f2e18f6f0cb1aa,C:\Users\johns\satnet-stage-a-production-generate-v1-activation-20260730-production\run_257\scientific_inventory.json,9daa5b481f77a7cf95ea1cd7a6d2880f3b58a6851b34e04b38ff0207d6525fc2,a0dfcbf6811ce05a60ea70fba950570f7d29d9c2d6bde4e7494c00dbe6f7cd65,d5c1cb105a97457faa357050b4114a012736a4d6a44602fa64f2451342cdcb47,f4542a69cf289f7c490b7df1f7f0831b9ad56b04d1df9b4c01bc484d2d6742df,6,5,30,1004.8652482471625,52.765468629920633,0.0056594308701450871,0.044425858428949007,13,4,13,30,0.013924403922930257,1,0.20000000000000001
D051,258,D051-R03,51,R03,3,train,fc13a33a0a1af435189990e54b6c68efa56bbc207c0cae6e27e12bf031605930,C:\Users\johns\satnet-stage-a-production-generate-v1-activation-20260730-production\run_258\result.json,255cdaf5831a86b31d9b3053bcdc80a2f1387ddbc3e1155db4d5972f416b71e5,C:\Users\johns\satnet-stage-a-production-generate-v1-activation-20260730-production\run_258\scientific_inventory.json,704456539dcd006cd522fbc37caf63f0a5cb4978c4eb0c4d3e1241456a8b23d8,a0dfcbf6811ce05a60ea70fba950570f7d29d9c2d6bde4e7494c00dbe6f7cd65,6ff1f9ae27e56da74008f99d9c1e557d5a0c8e7127ca644ec2baa09976264990,ee5e5c23cc6728e65b555022371d0dd63cb44e13a7e46e7f044ec652790aaf2b,6,5,30,1004.8652482471625,52.765468629920633,0.0056594308701450871,0.044425858428949007,13,4,13,30,0.013924403922930257,1,0.20000000000000001
D051,259,D051-R04,51,R04,4,train,fc13a33a0a1af435189990e54b6c68efa56bbc207c0cae6e27e12bf031605930,C:\Users\johns\satnet-stage-a-production-generate-v1-activation-20260730-production\run_259\result.json,406f3b14ee96f7d5b3831e323dc18efeb181c4c12a58a4ca52d3112d65c65878,C:\Users\johns\satnet-stage-a-production-generate-v1-activation-20260730-production\run_259\scientific_inventory.json,3aa6cd5fd27b3cf8f489102ae31cbd308c829f2e57562211ea0dcc731ffcdefc,a0dfcbf6811ce05a60ea70fba950570f7d29d9c2d6bde4e7494c00dbe6f7cd65,308d6e9893fec6d71338520605147e1602306dcd6391886e521ecc7b3a147658,dc2449208218eee9f1e4e07d569319205933889f6a2c0a795df70b8ea42ebf1e,6,5,30,1004.8652482471625,52.765468629920633,0.0056594308701450871,0.044425858428949007,13,4,13,30,0.013924403922930257,1,0.20000000000000001
D053,265,D053-R00,53,R00,0,train,fc13a33a0a1af435189990e54b6c68efa56bbc207c0cae6e27e12bf031605930,C:\Users\johns\satnet-stage-a-production-generate-v1-activation-20260730-production\run_265\result.json,7efa41d84183aa7f463fce4cfff5594f906740dc09f3f5094ce72b2f71e1f7f0,C:\Users\johns\satnet-stage-a-production-generate-v1-activation-20260730-production\run_265\scientific_inventory.json,462b7fe8488df54911e0475d46cf5985404867d891699a8e3845279a2c6df4c2,6b06279ef91528c8dd32d89629707428686189b7c5e5d7909ba01dd5b1344793,6f16cf30171bf87ff528a6c7c84c334703d3d7d0980ed64930c4ef8ec1391eab,d0fce22373bf399b5e016a8b74882781148f75a590729623a6620e5e71e37e8a,4,7,28,346.74793549027282,82.070353933631523,0.11310581753895224,0.023634472226804544,9,23,8,40,0.11518898393674425,1,0.10714285714285714
D053,266,D053-R01,53,R01,1,train,fc13a33a0a1af435189990e54b6c68efa56bbc207c0cae6e27e12bf031605930,C:\Users\johns\satnet-stage-a-production-generate-v1-activation-20260730-production\run_266\result.json,623ee214bbc622371d73114bec4573c38ffa655b32cac86c98082a4ba82098ae,C:\Users\johns\satnet-stage-a-production-generate-v1-activation-20260730-production\run_266\scientific_inventory.json,730b6663ea6a93772591948dae64e34255fde4c410c47dc5a75e0733c991526a,6b06279ef91528c8dd32d89629707428686189b7c5e5d7909ba01dd5b1344793,6d49ddfe1f2c6c749ffa329bc44e1fd3f793fceb3984e76e756ad0776ce654dd,19213e95a03b89c46457c03673e05b620d45265b27b6b33296986faea6a64707,4,7,28,346.74793549027282,82.070353933631523,0.11310581753895224,0.023634472226804544,9,23,8,40,0.11518898393674425,1,0.10714285714285714
D053,267,D053-R02,53,R02,2,train,fc13a33a0a1af435189990e54b6c68efa56bbc207c0cae6e27e12bf031605930,C:\Users\johns\satnet-stage-a-production-generate-v1-activation-20260730-production\run_267\result.json,6cd50450713dcf6a0c927f06c8e580f9b516f489f8f380aa33e9eb96033108b4,C:\Users\johns\satnet-stage-a-production-generate-v1-activation-20260730-production\run_267\scientific_inventory.json,d21874af834928225467dadb966af1f089c825798c1b247f369e9bcd8be43eb1,6b06279ef91528c8dd32d89629707428686189b7c5e5d7909ba01dd5b1344793,a913133cd13baf6d57e2463b45d85fd76755e4e255fda46d7217dbe25442784b,15566527eab20fdb5c2f281bc5317e93bc2553744b22682b8d2132dfe1344384,4,7,28,346.74793549027282,82.070353933631523,0.11310581753895224,0.023634472226804544,9,23,8,40,0.11518898393674425,1,0.071428571428571425
D053,268,D053-R03,53,R03,3,train,fc13a33a0a1af435189990e54b6c68efa56bbc207c0cae6e27e12bf031605930,C:\Users\johns\satnet-stage-a-production-generate-v1-activation-20260730-production\run_268\result.json,e86b93bddb28ecc0022e3f9bed0d090587d5320cc257743feb9f58bad20eab99,C:\Users\johns\satnet-stage-a-production-generate-v1-activation-20260730-production\run_268\scientific_inventory.json,4f54eb9a3489fbfa09cad243bd2b721d57cb18d0478b45c76b7c1cd061fe3a6e,6b06279ef91528c8dd32d89629707428686189b7c5e5d7909ba01dd5b1344793,0f88b7ec3caa5ff68a10ed9b1d8640145307a3b3a90d7d5ada1a0e829db5008a,7b44134a0391af703efd75533b07a558bc4a4c9ef711fb2b404b7f6def1a4c6f,4,7,28,346.74793549027282,82.070353933631523,0.11310581753895224,0.023634472226804544,9,23,8,40,0.11518898393674425,1,0.10714285714285714
D053,269,D053-R04,53,R04,4,train,fc13a33a0a1af435189990e54b6c68efa56bbc207c0cae6e27e12bf031605930,C:\Users\johns\satnet-stage-a-production-generate-v1-activation-20260730-production\run_269\result.json,e3162dfbf27ca40d207d4226ec809c5d4826e92d27013217ab9a84e1ecf9f72c,C:\Users\johns\satnet-stage-a-production-generate-v1-activation-20260730-production\run_269\scientific_inventory.json,0309fc317fb46b9c011a7e616bc644c090cf2c46fd20d935ee8d7df3e569fe09,6b06279ef91528c8dd32d89629707428686189b7c5e5d7909ba01dd5b1344793,b6ded9d83b245435ece40ab36caa02fb2667e2f2b023511f0d207694abeade6d,f921f7354941c39c001ccabf03acd6494a7829ee45b00081b6e740d2a07e7e93,4,7,28,346.74793549027282,82.070353933631523,0.11310581753895224,0.023634472226804544,9,23,8,40,0.11518898393674425,1,0.10714285714285714
D054,270,D054-R00,54,R00,0,train,fc13a33a0a1af435189990e54b6c68efa56bbc207c0cae6e27e12bf031605930,C:\Users\johns\satnet-stage-a-production-generate-v1-activation-20260730-production\run_270\result.json,4c75a1a8f806063716889ea836030d627649653674d0a51217207e5262f7c111,C:\Users\johns\satnet-stage-a-production-generate-v1-activation-20260730-production\run_270\scientific_inventory.json,751f42f4fc1fe0046b054c768f61be9deb91d12eb731a9b23c2fe19214f49fb0,91655fa55d65da0bd0e3f038705660f981244b728776e382d040fa516aa10f78,8dabd92eaceca8b2642bf033dadcc34a6a52d57b7a7f54f2ef4180f892d1efb6,54fd8b67b055101f06e91adfeb86c6ace85515398c5479edfbecf5d48c82f192,4,8,32,971.92635043790301,73.70105385626016,0.12749418663734358,0.11693005560034438,3,2,1,6,0.17895187789946521,1,0.875
D054,271,D054-R01,54,R01,1,train,fc13a33a0a1af435189990e54b6c68efa56bbc207c0cae6e27e12bf031605930,C:\Users\johns\satnet-stage-a-production-generate-v1-activation-20260730-production\run_271\result.json,ddb194eb600abb4c4121412b0a9e01abea757869cc0f9a47e18803f8d068e1a5,C:\Users\johns\satnet-stage-a-production-generate-v1-activation-20260730-production\run_271\scientific_inventory.json,7467b63852e6b98585e5a8127f15eb4ebb74085b418c2a77cb64328ca9373fdf,91655fa55d65da0bd0e3f038705660f981244b728776e382d040fa516aa10f78,40c0d491b3b3da40bc14e51deed9d0e53def140f89f537d9d2809a1863f63f06,b6ebb42ee309714793843e72e96bf492f01b67875dbb03da8d175ec15dd3a4ac,4,8,32,971.92635043790301,73.70105385626016,0.12749418663734358,0.11693005560034438,3,2,1,6,0.17895187789946521,1,0.90625
D054,272,D054-R02,54,R02,2,train,fc13a33a0a1af435189990e54b6c68efa56bbc207c0cae6e27e12bf031605930,C:\Users\johns\satnet-stage-a-production-generate-v1-activation-20260730-production\run_272\result.json,1d666567b086fbc4fc0d0671090633c900e1550e9196de1d603b82d1b8f34467,C:\Users\johns\satnet-stage-a-production-generate-v1-activation-20260730-production\run_272\scientific_inventory.json,f8a27959f933aded4ea79cdf16e2d3bd15c718e4df18822822c3837c05005301,91655fa55d65da0bd0e3f038705660f981244b728776e382d040fa516aa10f78,07cb6f3f6759bb7db84aa36e5788e054c497be62ff751cdea0d5ce48eb66c573,dc12994284ade9022fbbbf45fb85458d71424e739a444698ae261b3beb5c5248,4,8,32,971.92635043790301,73.70105385626016,0.12749418663734358,0.11693005560034438,3,2,1,6,0.17895187789946521,1,0.6875
D054,273,D054-R03,54,R03,3,train,fc13a33a0a1af435189990e54b6c68efa56bbc207c0cae6e27e12bf031605930,C:\Users\johns\satnet-stage-a-production-generate-v1-activation-20260730-production\run_273\result.json,fa270422d2e5e8fb5785259b84f6b19214c6c7dd3071cb264f1c6694e4340803,C:\Users\johns\satnet-stage-a-production-generate-v1-activation-20260730-production\run_273\scientific_inventory.json,cf78f1dec2eb400f477476e1e20ea36bb7932e71fc5f246c66ad768a7831a8a7,91655fa55d65da0bd0e3f038705660f981244b728776e382d040fa516aa10f78,5997e53bb8834ccb4c730fb380e84fd4d9d463920948a9e4773469c589b4b954,f693df1ca6ae576d87bc0219009c46fe75b222f47fd52d094b84066a81dc2d3a,4,8,32,971.92635043790301,73.70105385626016,0.12749418663734358,0.11693005560034438,3,2,1,6,0.17895187789946521,1,0.71875
D054,274,D054-R04,54,R04,4,train,fc13a33a0a1af435189990e54b6c68efa56bbc207c0cae6e27e12bf031605930,C:\Users\johns\satnet-stage-a-production-generate-v1-activation-20260730-production\run_274\result.json,ebbd88f5fc4268ede4e9adcc336c9af81c312f3f7001e93830edd68dd8cf5858,C:\Users\johns\satnet-stage-a-production-generate-v1-activation-20260730-production\run_274\scientific_inventory.json,569104082ed1c649b7367e451b9ae0a24007986a04980f00913b472d4afc3e6b,91655fa55d65da0bd0e3f038705660f981244b728776e382d040fa516aa10f78,3b90310cc1b249b21aab8c5b39185ab871c26edc5af1f86f6d37586a492e70c4,57eaf0daf7c276b22739f873de45705f18f78444c144862d4f6d6001f65d0ea9,4,8,32,971.92635043790301,73.70105385626016,0.12749418663734358,0.11693005560034438,3,2,1,6,0.17895187789946521,1,0.84375
D055,275,D055-R00,55,R00,0,train,fc13a33a0a1af435189990e54b6c68efa56bbc207c0cae6e27e12bf031605930,C:\Users\johns\satnet-stage-a-production-generate-v1-activation-20260730-production\run_275\result.json,57aad132a558ee00de551f4278ec6f3bf6d3a48fc439e2a3e1211042cda82701,C:\Users\johns\satnet-stage-a-production-generate-v1-activation-20260730-production\run_275\scientific_inventory.json,721b78c1fb4c9067adf3cc624aa549cb2538127d5a0a5318be51682869b8b4f1,4085e3ae69af0e7a46ab9d338fd7da9104ace43826341cfd9923213c072c879c,87fae2e1599580155458fe67506005f461f5cca2e8704bdf8c8de30ca2f07b13,f8d068e5d9923ce3b7ae4348c75a9b161ca68e41ef2e79b7f0e9b0c5d2964036,5,5,25,946.00522931246712,78.278615350921996,0.15228673567697612,0.041118932075909248,4,4,22,30,0.19826151125546154,1,0.16
D055,276,D055-R01,55,R01,1,train,fc13a33a0a1af435189990e54b6c68efa56bbc207c0cae6e27e12bf031605930,C:\Users\johns\satnet-stage-a-production-generate-v1-activation-20260730-production\run_276\result.json,d1516790ad8c66bad545c548c44b9dc7693e90a6e73bfac5d8acaec3489b2554,C:\Users\johns\satnet-stage-a-production-generate-v1-activation-20260730-production\run_276\scientific_inventory.json,03e1f7e21f9bf7ce574fd825ab53227053bcfab72c6ef6879876fc16fad20dff,4085e3ae69af0e7a46ab9d338fd7da9104ace43826341cfd9923213c072c879c,07d97bdf7b3796c1f994e1bd3507cf999de3b0dec559d0be3ebab03cce1ba461,f753cf8d9f284e9ecb1f994f3876dc1f79835a68cec3946307e78f42504f46d2,5,5,25,946.00522931246712,78.278615350921996,0.15228673567697612,0.041118932075909248,4,4,22,30,0.19826151125546154,1,0.20000000000000001
D055,277,D055-R02,55,R02,2,train,fc13a33a0a1af435189990e54b6c68efa56bbc207c0cae6e27e12bf031605930,C:\Users\johns\satnet-stage-a-production-generate-v1-activation-20260730-production\run_277\result.json,7dd56adfa5d6b55d337391ab9fab12d6f5ab79b400a5e8ea7a9d5f6f1620846e,C:\Users\johns\satnet-stage-a-production-generate-v1-activation-20260730-production\run_277\scientific_inventory.json,f6ea7f8bf8d96a59726413d3012daa52a8627da2c14fd8c8373afc0300c23274,4085e3ae69af0e7a46ab9d338fd7da9104ace43826341cfd9923213c072c879c,96226e5e7c307bc058ac7151cf75e303f2882b9ec7a3ba56748e8e7040989016,906a47f86aaa666fb17e21af2a93849ea1935ac0a6af1921ab6af46a39c4764c,5,5,25,946.00522931246712,78.278615350921996,0.15228673567697612,0.041118932075909248,4,4,22,30,0.19826151125546154,1,0.20000000000000001
D055,278,D055-R03,55,R03,3,train,fc13a33a0a1af435189990e54b6c68efa56bbc207c0cae6e27e12bf031605930,C:\Users\johns\satnet-stage-a-production-generate-v1-activation-20260730-production\run_278\result.json,98a79d86eae6031e635c66c2a5729f73a6ab6b967931289c2862b0bbd5059c22,C:\Users\johns\satnet-stage-a-production-generate-v1-activation-20260730-production\run_278\scientific_inventory.json,8ea51a3cb4f43118b4a11916f8fa45c5676e3a84f5b8b5a02d52ec29a3e0bd6e,4085e3ae69af0e7a46ab9d338fd7da9104ace43826341cfd9923213c072c879c,80d0ce58c60812b5cca67730532d2d87cfe2a495be9d7db5b0cb8242e78ea707,c3dac2b69ba41cd5b58336d4e46c2c8c7c1c0ff12cc24c0b9594cd457739b63f,5,5,25,946.00522931246712,78.278615350921996,0.15228673567697612,0.041118932075909248,4,4,22,30,0.19826151125546154,1,0.16
D055,279,D055-R04,55,R04,4,train,fc13a33a0a1af435189990e54b6c68efa56bbc207c0cae6e27e12bf031605930,C:\Users\johns\satnet-stage-a-production-generate-v1-activation-20260730-production\run_279\result.json,7086b310c0d4394b47da6ce70ef9f81ef466f184b8bc7661baa8f8011e1ec922,C:\Users\johns\satnet-stage-a-production-generate-v1-activation-20260730-production\run_279\scientific_inventory.json,9efbfd7290d3c7b41a0a974071c5caf73311bb22e70115870febf3b121fe33d0,4085e3ae69af0e7a46ab9d338fd7da9104ace43826341cfd9923213c072c879c,0d716a2eb1d2fd1a516fc31a6be0d0524ba66a366222813c0474b99c7308ba25,ac696b3a7f848109077eb151e5dc0510408ce27276419de5b82ce6ad065b4425,5,5,25,946.00522931246712,78.278615350921996,0.15228673567697612,0.041118932075909248,4,4,22,30,0.19826151125546154,1,0.12
D056,280,D056-R00,56,R00,0,train,fc13a33a0a1af435189990e54b6c68efa56bbc207c0cae6e27e12bf031605930,C:\Users\johns\satnet-stage-a-production-generate-v1-activation-20260730-production\run_280\result.json,8fe14b1a5add0e155888f6cc2688e43d57f3b5dbeb35f1b9952969b0445a3524,C:\Users\johns\satnet-stage-a-production-generate-v1-activation-20260730-production\run_280\scientific_inventory.json,0d3480d4b171370e381a93dcd80d7f0bed939e4f4bc22e04876307f551ad0c4d,e4bedad20bfd5bd6927a729a939a162425b8775f2ed5b67a4cabd27175b504d2,9e393944031ba5e3c60a43caeebb4c4bf895f04afda350906df1a4bf46f3ce5b,ac46c69428e99d741e479db2af2375e2f9f5c5ed713553478eb2336828cb88c8,6,6,36,781.04364359410806,79.206098333518668,0.18576489725863152,0.061673186073131679,29,11,10,50,0.022529858837250658,1,0.1388888888888889
D056,281,D056-R01,56,R01,1,train,fc13a33a0a1af435189990e54b6c68efa56bbc207c0cae6e27e12bf031605930,C:\Users\johns\satnet-stage-a-production-generate-v1-activation-20260730-production\run_281\result.json,11a7e627976448158797c94aeee1745e77f48880ce72afb17d220425884e45cc,C:\Users\johns\satnet-stage-a-production-generate-v1-activation-20260730-production\run_281\scientific_inventory.json,bd84b1d424c21b41dd0b3736a00d3092b4ab0dc645b92a01d3f6cda0832a2e91,e4bedad20bfd5bd6927a729a939a162425b8775f2ed5b67a4cabd27175b504d2,e0aa1f876209699ba12194960b37b46742a0aaaded575f9bf256882972cb5e27,5ff2f1ad5a7809dec4677424291dd373faf6f80019ecdc0da5dea27e1bb34084,6,6,36,781.04364359410806,79.206098333518668,0.18576489725863152,0.061673186073131679,29,11,10,50,0.022529858837250658,1,0.1388888888888889
D056,282,D056-R02,56,R02,2,train,fc13a33a0a1af435189990e54b6c68efa56bbc207c0cae6e27e12bf031605930,C:\Users\johns\satnet-stage-a-production-generate-v1-activation-20260730-production\run_282\result.json,880c7f218837ff3dbd79ef9cbc2c6eff4d3e96f6facf2de27a8637f85db927d7,C:\Users\johns\satnet-stage-a-production-generate-v1-activation-20260730-production\run_282\scientific_inventory.json,08b215fe9d93cea09acf73aaf67194cb16398ba2aaab89beb4ec313ce2648c39,e4bedad20bfd5bd6927a729a939a162425b8775f2ed5b67a4cabd27175b504d2,cda585eeba33f4521a4b0caeebf71ae3e13b48eddbbeb616b93beb36089260ac,3f502f47724d460efdab27e5488e97ac71fc601568eac586faf255e243e8faec,6,6,36,781.04364359410806,79.206098333518668,0.18576489725863152,0.061673186073131679,29,11,10,50,0.022529858837250658,1,0.1388888888888889
D056,283,D056-R03,56,R03,3,train,fc13a33a0a1af435189990e54b6c68efa56bbc207c0cae6e27e12bf031605930,C:\Users\johns\satnet-stage-a-production-generate-v1-activation-20260730-production\run_283\result.json,f91802949b2735ef12477976376fbfb0f5795c4ac683d31dc6ec8ae85b7e592b,C:\Users\johns\satnet-stage-a-production-generate-v1-activation-20260730-production\run_283\scientific_inventory.json,45ef98dde5b79c9b5d98bbdf2873d3ea7f4bc4cd80da7db5483f5ee7e889977e,e4bedad20bfd5bd6927a729a939a162425b8775f2ed5b67a4cabd27175b504d2,b92666c86a56f4f0fd0c05e76f916c614477cc867eb9682b250b326c260f8e26,7fbbba5bc26c7c73c1e72382e739e2fecdb5586f3c51116869f0f51648af35db,6,6,36,781.04364359410806,79.206098333518668,0.18576489725863152,0.061673186073131679,29,11,10,50,0.022529858837250658,1,0.1388888888888889
D056,284,D056-R04,56,R04,4,train,fc13a33a0a1af435189990e54b6c68efa56bbc207c0cae6e27e12bf031605930,C:\Users\johns\satnet-stage-a-production-generate-v1-activation-20260730-production\run_284\result.json,efad7c2dda3399d2ba49a237a6e231f850d9c9e48b9723b6bb4b5261e38d5928,C:\Users\johns\satnet-stage-a-production-generate-v1-activation-20260730-production\run_284\scientific_inventory.json,87248315b7b7ce092bc15b9d1bdb622e648ee348ec8c444dd52ab0904f64bb60,e4bedad20bfd5bd6927a729a939a162425b8775f2ed5b67a4cabd27175b504d2,15b3a395c5ff1e43d85178bd9830f084b2e12007d6bd8ed4b0fe4f2b0baf98f5,0196aea92b28db8c0965bfb33412de845a998e72bc8066d1755352c2a5be1d61,6,6,36,781.04364359410806,79.206098333518668,0.18576489725863152,0.061673186073131679,29,11,10,50,0.022529858837250658,1,0.16666666666666666
D057,285,D057-R00,57,R00,0,train,fc13a33a0a1af435189990e54b6c68efa56bbc207c0cae6e27e12bf031605930,C:\Users\johns\satnet-stage-a-production-generate-v1-activation-20260730-production\run_285\result.json,ac6ec53f66c16211da6c946cb6e8afd390acda4d97fa87b42ef1a98db0f4e4f7,C:\Users\johns\satnet-stage-a-production-generate-v1-activation-20260730-production\run_285\scientific_inventory.json,7a23e8cd9ae5f454c2d4177d7a7d25e4f9c9d60d99b8c8e7b836cd63bc64b9f9,6ee1736a7635d238c78504da0d381b4b255b979ec0db9e203cae86a5a7b6c070,6b5ab34a65e06cc99e209d2298d2eb9544bb7d98027133a051d84f522cb64e6e,09d45e56860395c21891a6714603d05593c5271764007a82931ed2ab3ee7accd,6,5,30,1109.4595627178253,84.129452225814816,0.071182918849304999,0.0016887190342551991,5,35,5,45,0.20112323161512702,1,0.20000000000000001
D057,286,D057-R01,57,R01,1,train,fc13a33a0a1af435189990e54b6c68efa56bbc207c0cae6e27e12bf031605930,C:\Users\johns\satnet-stage-a-production-generate-v1-activation-20260730-production\run_286\result.json,49514aae4f947280fd038e1cf01940e189ce08c66a8bffa8f968f477fd1902a8,C:\Users\johns\satnet-stage-a-production-generate-v1-activation-20260730-production\run_286\scientific_inventory.json,fad5c9b97d1969b7f65f0523c71736350df5afaf74ced9c4f1bd74fc9ad67c0d,6ee1736a7635d238c78504da0d381b4b255b979ec0db9e203cae86a5a7b6c070,4139a0f3d5f7e35fdc6047e15a953d35d4b9e630dc2a16b4a3265000645d6d64,fc162158edf53d25390537d2cbda76cd319f1e0cfda46fba43545d8274294fcb,6,5,30,1109.4595627178253,84.129452225814816,0.071182918849304999,0.0016887190342551991,5,35,5,45,0.20112323161512702,1,0.20000000000000001
D057,287,D057-R02,57,R02,2,train,fc13a33a0a1af435189990e54b6c68efa56bbc207c0cae6e27e12bf031605930,C:\Users\johns\satnet-stage-a-production-generate-v1-activation-20260730-production\run_287\result.json,1c218705ec86c8fb007f63f59078f5d6a624c440e7a0e51313ad287e03c76e79,C:\Users\johns\satnet-stage-a-production-generate-v1-activation-20260730-production\run_287\scientific_inventory.json,94a057c97ce894965b2751e412726010de8da8cdd93e6bd0c9067d8dd17e98f5,6ee1736a7635d238c78504da0d381b4b255b979ec0db9e203cae86a5a7b6c070,eafca626e088df3927bd283e446f376633bc58e464dc5fca427d85c62e45af27,b3f9e50d7032bfff4220534e16ca71c5b761ae6afd839c15817fe2160dc5690a,6,5,30,1109.4595627178253,84.129452225814816,0.071182918849304999,0.0016887190342551991,5,35,5,45,0.20112323161512702,1,0.20000000000000001
D057,288,D057-R03,57,R03,3,train,fc13a33a0a1af435189990e54b6c68efa56bbc207c0cae6e27e12bf031605930,C:\Users\johns\satnet-stage-a-production-generate-v1-activation-20260730-production\run_288\result.json,8b377f929aa15a0819cb2a671289cee99484d5514e4b6fda0c8afbb1fad17c92,C:\Users\johns\satnet-stage-a-production-generate-v1-activation-20260730-production\run_288\scientific_inventory.json,3de1681b14b8614fc91d8e80550f2be74ff3b87e0faac3ca9dc39b66c01f9e82,6ee1736a7635d238c78504da0d381b4b255b979ec0db9e203cae86a5a7b6c070,ed4ad1591a9b7e208765a977fe160eeab33ad2a05afbae304540166f438b1732,a1fae52d1dd79227d0b1dd2c20622d30564fd496af81efba0f472b18ca6ccebe,6,5,30,1109.4595627178253,84.129452225814816,0.071182918849304999,0.0016887190342551991,5,35,5,45,0.20112323161512702,1,0.20000000000000001
D057,289,D057-R04,57,R04,4,train,fc13a33a0a1af435189990e54b6c68efa56bbc207c0cae6e27e12bf031605930,C:\Users\johns\satnet-stage-a-production-generate-v1-activation-20260730-production\run_289\result.json,dabc13d9d35cdc7b3b99a336c4fa4e883bc73fd11e52c8553526a2108282457c,C:\Users\johns\satnet-stage-a-production-generate-v1-activation-20260730-production\run_289\scientific_inventory.json,e34ecc50eb6098eab4cad5e6fc297cf031d1d9a1ab7297f29307642b52957485,6ee1736a7635d238c78504da0d381b4b255b979ec0db9e203cae86a5a7b6c070,18d8685d311557519911f2830b9e157294a28b64dd16e57a1060d73d9a56323f,32a211c897f629ace1530bc23b11f13977897706a2ee17432bec489166e4113a,6,5,30,1109.4595627178253,84.129452225814816,0.071182918849304999,0.0016887190342551991,5,35,5,45,0.20112323161512702,1,0.20000000000000001
D059,295,D059-R00,59,R00,0,train,fc13a33a0a1af435189990e54b6c68efa56bbc207c0cae6e27e12bf031605930,C:\Users\johns\satnet-stage-a-production-generate-v1-activation-20260730-production\run_295\result.json,29fba1a7f1d77dd669f35c69226db7ab802c56786c16bcc66e9fced9042a047d,C:\Users\johns\satnet-stage-a-production-generate-v1-activation-20260730-production\run_295\scientific_inventory.json,f31e9afaf1658525de8647afd7c63a48266163e1c873ee4782e8302dcbc5beba,527e14ded337c78e833543451c5c9588f236a16792872b0956ebfbb098481d6a,32aa8fcc2681c8d8fa4ca397d246d6f59163eee9161cea7d302b9471a94a2b3c,7a8c4ae2d1d1cdb16827610e2a0bde6a045ea94e4134d9b6f0d04792f9f910e8,6,8,48,867.86195809731635,34.363584826577835,0.14416541981032444,0.11241774955044255,4,27,4,35,0.15675359697140578,1,0.27083333333333331
D059,296,D059-R01,59,R01,1,train,fc13a33a0a1af435189990e54b6c68efa56bbc207c0cae6e27e12bf031605930,C:\Users\johns\satnet-stage-a-production-generate-v1-activation-20260730-production\run_296\result.json,b06e3eb17abd0edda77603adaff8242f16baeaccdc4e6e35319337e0027ee48c,C:\Users\johns\satnet-stage-a-production-generate-v1-activation-20260730-production\run_296\scientific_inventory.json,3a5347f9be197f4c3d58fb8edc176e876efd2fb787add6ad4a7be652fe8ae986,527e14ded337c78e833543451c5c9588f236a16792872b0956ebfbb098481d6a,89b286c60fe1bb455c02742507aa1248c64e0e07a89c1cf9aaa4dfae0affe636,177251fb1090377d6a0e3b5ea68425ab7afb35cc2f3c9dd138139e1e5a1ae020,6,8,48,867.86195809731635,34.363584826577835,0.14416541981032444,0.11241774955044255,4,27,4,35,0.15675359697140578,1,0.29166666666666669
D059,297,D059-R02,59,R02,2,train,fc13a33a0a1af435189990e54b6c68efa56bbc207c0cae6e27e12bf031605930,C:\Users\johns\satnet-stage-a-production-generate-v1-activation-20260730-production\run_297\result.json,e9de2389c3b2aaf774f6a0689db31854938a15e1f66f03d83726717a283ead68,C:\Users\johns\satnet-stage-a-production-generate-v1-activation-20260730-production\run_297\scientific_inventory.json,e9a5adb3ff3b5cdf3d33ccdf1036498eaca1fa063097df36085385c45037e684,527e14ded337c78e833543451c5c9588f236a16792872b0956ebfbb098481d6a,ebf5ac263453e14254ca486a06408cd0d4df5c6e18e0995ce4dfd9505a2e9a49,7019bb564033528b4c19ff1099fc677aca2355dc3214321a122d41096ddf6569,6,8,48,867.86195809731635,34.363584826577835,0.14416541981032444,0.11241774955044255,4,27,4,35,0.15675359697140578,1,0.33333333333333331
D059,298,D059-R03,59,R03,3,train,fc13a33a0a1af435189990e54b6c68efa56bbc207c0cae6e27e12bf031605930,C:\Users\johns\satnet-stage-a-production-generate-v1-activation-20260730-production\run_298\result.json,326774ca72aa79b4b909b695fad17ed5f163a6b71b1ae4c0cf2d5b8f45da48c4,C:\Users\johns\satnet-stage-a-production-generate-v1-activation-20260730-production\run_298\scientific_inventory.json,eebe7acfebda82f190f051f3004d729e18e09f11d9cee542f245b1662b23bfe5,527e14ded337c78e833543451c5c9588f236a16792872b0956ebfbb098481d6a,73bf7c40cc353caaba90f53fa044649e19fe06ce067e36e08068b7178cc3321c,968bfdff1104c8a815d5c03b74c80ebb77c95537168947f4ea4060ecd9646da4,6,8,48,867.86195809731635,34.363584826577835,0.14416541981032444,0.11241774955044255,4,27,4,35,0.15675359697140578,1,0.25
D059,299,D059-R04,59,R04,4,train,fc13a33a0a1af435189990e54b6c68efa56bbc207c0cae6e27e12bf031605930,C:\Users\johns\satnet-stage-a-production-generate-v1-activation-20260730-production\run_299\result.json,da6158a1c28c0bbfd2edba0027f31d0beaf88a272a32f5caa6c5b264e6f73c5f,C:\Users\johns\satnet-stage-a-production-generate-v1-activation-20260730-production\run_299\scientific_inventory.json,8d6bc07cbb4089d3cafd69bea9d3a6c4cf89ed1f51a1846d3a326b7c27935df4,527e14ded337c78e833543451c5c9588f236a16792872b0956ebfbb098481d6a,483f9c6e7b1fd850d2b26cdda2869715bf486be5a5e70aa7aa040411ba39c695,7df2efb58679f5b028808b531565688f7e2ec72f1e8c481e7839cb43e2761fe6,6,8,48,867.86195809731635,34.363584826577835,0.14416541981032444,0.11241774955044255,4,27,4,35,0.15675359697140578,1,0.3125
D060,300,D060-R00,60,R00,0,train,fc13a33a0a1af435189990e54b6c68efa56bbc207c0cae6e27e12bf031605930,C:\Users\johns\satnet-stage-a-production-generate-v1-activation-20260730-production\run_300\result.json,a18f394fd17afba86835de7c648f2221c28527e45be55609df50f992e346add7,C:\Users\johns\satnet-stage-a-production-generate-v1-activation-20260730-production\run_300\scientific_inventory.json,3302bbc9a4da52bad9c732cd554a190caf47022e3076e4939763129a56206335,7b945adf583f8319d688ac8f3c5a99a340b4096ae25c9b1b3ec34f79dac19357,ce908dbbf9a154340ddd02ab9b80548fdd78c5769a60ce235bc51e76109566c0,bd6e64e055f3be425cbee208ae4d29579e1129a208802910165ede8029b4bf33,6,8,48,502.11761535839713,49.545145048002595,0.082080284530123504,0.22761757596650875,4,13,13,30,0.10011788333930079,1,0.041666666666666664
D060,301,D060-R01,60,R01,1,train,fc13a33a0a1af435189990e54b6c68efa56bbc207c0cae6e27e12bf031605930,C:\Users\johns\satnet-stage-a-production-generate-v1-activation-20260730-production\run_301\result.json,e0b781289bc4fa8d1c201a391b33700aec2078cb8ee97aa3354bd6be78ca22a2,C:\Users\johns\satnet-stage-a-production-generate-v1-activation-20260730-production\run_301\scientific_inventory.json,17261c8870c5e379b9cb6c686fbf5cbe299450f608ae2389cabd0c32c882db83,7b945adf583f8319d688ac8f3c5a99a340b4096ae25c9b1b3ec34f79dac19357,e3e2523a9932b9d0c7ac46bd37f4a523e32803ed650ccfb9f0b413415d351743,c21499763ff895e7867574c59cb877b234e51589ecd391e09f59e539bc309a6b,6,8,48,502.11761535839713,49.545145048002595,0.082080284530123504,0.22761757596650875,4,13,13,30,0.10011788333930079,1,0.041666666666666664
D060,302,D060-R02,60,R02,2,train,fc13a33a0a1af435189990e54b6c68efa56bbc207c0cae6e27e12bf031605930,C:\Users\johns\satnet-stage-a-production-generate-v1-activation-20260730-production\run_302\result.json,53dfa35b768500300148ed9a23cf864b8e50d55f8cccff3deb76591a845599be,C:\Users\johns\satnet-stage-a-production-generate-v1-activation-20260730-production\run_302\scientific_inventory.json,6bcc086696faefe7bd9d23310979d845c8ad04ae27ade8b0a38a78a0faafe000,7b945adf583f8319d688ac8f3c5a99a340b4096ae25c9b1b3ec34f79dac19357,b8e87ffc82506e049a01b5fff2164eeeffb43ab2944d0d57e0dc6a40b262d951,7ffabb3945ff3589f64eb2fac77b2e8001b78413efc299074b302dad1586b645,6,8,48,502.11761535839713,49.545145048002595,0.082080284530123504,0.22761757596650875,4,13,13,30,0.10011788333930079,1,0.041666666666666664
D060,303,D060-R03,60,R03,3,train,fc13a33a0a1af435189990e54b6c68efa56bbc207c0cae6e27e12bf031605930,C:\Users\johns\satnet-stage-a-production-generate-v1-activation-20260730-production\run_303\result.json,582c5234491eb45b7d6c0021d21edf26955c6e9ad5926c3c0c33ffe59bc511aa,C:\Users\johns\satnet-stage-a-production-generate-v1-activation-20260730-production\run_303\scientific_inventory.json,5a08da95d57e8b08f8086b488dad4468893a3c40daf59de5b411cf60b1897c8c,7b945adf583f8319d688ac8f3c5a99a340b4096ae25c9b1b3ec34f79dac19357,7e8f268b67f6a9f015c81d6187f4ac3d85a1690ffedd3a33c64dd2eca4682ad4,405cef3a05579c8cbbbd1733ef5615aed24c898b72c723a8abdfbe069c722c7d,6,8,48,502.11761535839713,49.545145048002595,0.082080284530123504,0.22761757596650875,4,13,13,30,0.10011788333930079,1,0.041666666666666664
D060,304,D060-R04,60,R04,4,train,fc13a33a0a1af435189990e54b6c68efa56bbc207c0cae6e27e12bf031605930,C:\Users\johns\satnet-stage-a-production-generate-v1-activation-20260730-production\run_304\result.json,abaa662a6ef848f875ff015187f17a4382969fbc07d8ae007f0ad25864bc4f0d,C:\Users\johns\satnet-stage-a-production-generate-v1-activation-20260730-production\run_304\scientific_inventory.json,4135b112334098ebe92799ffedf3516e1224a28b7314e82a59b5d6b5649ad5d7,7b945adf583f8319d688ac8f3c5a99a340b4096ae25c9b1b3ec34f79dac19357,26074427f7503b7167ea89a4663ac9d1aac80c174fbcfdff8f055ce1d51fc95f,087b207a201adb62eddf49411c26b110f4466ecc9e018b4a2e6fc29892b6e0ee,6,8,48,502.11761535839713,49.545145048002595,0.082080284530123504,0.22761757596650875,4,13,13,30,0.10011788333930079,1,0.041666666666666664
D062,310,D062-R00,62,R00,0,train,fc13a33a0a1af435189990e54b6c68efa56bbc207c0cae6e27e12bf031605930,C:\Users\johns\satnet-stage-a-production-generate-v1-activation-20260730-production\run_310\result.json,c3db6dddd55f6ce2a08112ca08c83bc14203d79dc1bcce36d58e4a46b8114bfb,C:\Users\johns\satnet-stage-a-production-generate-v1-activation-20260730-production\run_310\scientific_inventory.json,899f8caccecc205316949181096aceec7b037113f101649a3673105aa4433afd,da3148bc95ffa38224c6c8181d37afcaa19d18d45fc95f60d5562d97e37c72e8,b2d69cb9aefc2d403302e07fbfbd3159391ae742897cc5d33b1b4236ddf17059,1f23de2321a7eb060abc47e676e49ea99a1adef108dfde80b251a6b34b09752a,6,8,48,325.81394212098297,38.821296941547715,0.15950331086006708,0.18241067765454658,22,4,4,30,0.37349678423324489,1,0.041666666666666664
D062,311,D062-R01,62,R01,1,train,fc13a33a0a1af435189990e54b6c68efa56bbc207c0cae6e27e12bf031605930,C:\Users\johns\satnet-stage-a-production-generate-v1-activation-20260730-production\run_311\result.json,686b17d61328b45efce3f4b952fdc5122ff200bc852dc2bad3d56d7e158472fd,C:\Users\johns\satnet-stage-a-production-generate-v1-activation-20260730-production\run_311\scientific_inventory.json,4d1e6ad6153a7e4e18712bcefc38a18b49954438d6bfcdd495a1cd1cc72d90ae,da3148bc95ffa38224c6c8181d37afcaa19d18d45fc95f60d5562d97e37c72e8,c6918629a7cf75e5f875cbe4573a8de572c2df807e45b64a2934be3ee574d1c3,e0486165a19380a16d97df1de4587d3bc46a2998ef7191302497be24c5ebbfea,6,8,48,325.81394212098297,38.821296941547715,0.15950331086006708,0.18241067765454658,22,4,4,30,0.37349678423324489,1,0.041666666666666664
D062,312,D062-R02,62,R02,2,train,fc13a33a0a1af435189990e54b6c68efa56bbc207c0cae6e27e12bf031605930,C:\Users\johns\satnet-stage-a-production-generate-v1-activation-20260730-production\run_312\result.json,66634953453f0c8fab2c14ee28b85415c9e72cf6dbe8acd8f25224f32b98b218,C:\Users\johns\satnet-stage-a-production-generate-v1-activation-20260730-production\run_312\scientific_inventory.json,a174c5e017dc674091092535109ae0681d89e8f40c893c786302f6f81a983778,da3148bc95ffa38224c6c8181d37afcaa19d18d45fc95f60d5562d97e37c72e8,a914e6ced45061d3695d6003ae8b9ecb9fae309a37e797242a17fa10ba070437,fc54bb217600e15bb8565d26efc33b92920e205e1e3c8d2f7844eac7a9b03748,6,8,48,325.81394212098297,38.821296941547715,0.15950331086006708,0.18241067765454658,22,4,4,30,0.37349678423324489,1,0.020833333333333332
D062,313,D062-R03,62,R03,3,train,fc13a33a0a1af435189990e54b6c68efa56bbc207c0cae6e27e12bf031605930,C:\Users\johns\satnet-stage-a-production-generate-v1-activation-20260730-production\run_313\result.json,4633b51e08c2968e783e471dcd07e0112e1aadfa7747c3331c4e07162f1860f9,C:\Users\johns\satnet-stage-a-production-generate-v1-activation-20260730-production\run_313\scientific_inventory.json,a8f9fe176101f5e5dbc3e82218a6a46ffa8d948afd99fb9a4d54e3e045006304,da3148bc95ffa38224c6c8181d37afcaa19d18d45fc95f60d5562d97e37c72e8,c0f0602a6b9bb2ce7078ff41039a8b2c69a38e79dabc812b8ff139268544ad52,d40401cb9966b0f6ffada686b912a8edb363fa8717ab21e404bc0389a7a665c9,6,8,48,325.81394212098297,38.821296941547715,0.15950331086006708,0.18241067765454658,22,4,4,30,0.37349678423324489,1,0.041666666666666664
D062,314,D062-R04,62,R04,4,train,fc13a33a0a1af435189990e54b6c68efa56bbc207c0cae6e27e12bf031605930,C:\Users\johns\satnet-stage-a-production-generate-v1-activation-20260730-production\run_314\result.json,dd875fc285fcbb3e058911cc9e3ffaaff3378fc3e2ae22c82695cee20321e05c,C:\Users\johns\satnet-stage-a-production-generate-v1-activation-20260730-production\run_314\scientific_inventory.json,9ae0e37b6077c070bcb0167fd9e593ee9952c511000f53eba634542bc12420f4,da3148bc95ffa38224c6c8181d37afcaa19d18d45fc95f60d5562d97e37c72e8,d055e39f6586254de45f61e6c50e849fa2b70cbc8f1d414996073c97b95da9a1,3e2267a7ba9a9618b5a2322e5bd5586c06928cc04afa4f06451392c9764f33ff,6,8,48,325.81394212098297,38.821296941547715,0.15950331086006708,0.18241067765454658,22,4,4,30,0.37349678423324489,1,0.041666666666666664
D065,325,D065-R00,65,R00,0,train,fc13a33a0a1af435189990e54b6c68efa56bbc207c0cae6e27e12bf031605930,C:\Users\johns\satnet-stage-a-production-generate-v1-activation-20260730-production\run_325\result.json,d86362d449d55743b324993a3de982f1965ead4a68f46a66a9b7da939d8acfc8,C:\Users\johns\satnet-stage-a-production-generate-v1-activation-20260730-production\run_325\scientific_inventory.json,c6c36dffbd577f32b97ac6f8407aca52ac294a423321ba82fc651346154c8be1,d262e15ae3f14394d299137e558d8b196d039c789bcb057ab1b2f0d9d5f79029,03ab9dd06b74d25a2629a384aaf38ab58d0cbf263f0e6f91a4b54d860382b89d,eaa7e8089836d47042b35245d3057ee4525be4ff8241990f7b3ec8a4e35fe442,6,7,42,1015.4407006478525,92.258648437209104,0.18876442095165169,0.01130826495308997,5,5,30,40,0.07866447916655317,1,0.73809523809523814
D065,326,D065-R01,65,R01,1,train,fc13a33a0a1af435189990e54b6c68efa56bbc207c0cae6e27e12bf031605930,C:\Users\johns\satnet-stage-a-production-generate-v1-activation-20260730-production\run_326\result.json,1bbd185d6d29a905f91394d777fa5420934bd814c2aada098e35cad7fe6ebcd3,C:\Users\johns\satnet-stage-a-production-generate-v1-activation-20260730-production\run_326\scientific_inventory.json,fae86307b484c4dbc849b0d2052b3b9b39669de46a991e7ed9f9bb0a6a182d47,d262e15ae3f14394d299137e558d8b196d039c789bcb057ab1b2f0d9d5f79029,3b78b6ed7ad71ecac7ee9af102e55a22f289a2cf1581dcb5f3acad2b75b244f2,764068ef112350cc3a61aa082015dbb0aa5e9e6f6783fbb413d0820b9c27c96d,6,7,42,1015.4407006478525,92.258648437209104,0.18876442095165169,0.01130826495308997,5,5,30,40,0.07866447916655317,1,0.76190476190476186
D065,327,D065-R02,65,R02,2,train,fc13a33a0a1af435189990e54b6c68efa56bbc207c0cae6e27e12bf031605930,C:\Users\johns\satnet-stage-a-production-generate-v1-activation-20260730-production\run_327\result.json,4435a6581b317b2c328ad0e5b65bb5e4f09941bae8b0a30be857dfb527c2395b,C:\Users\johns\satnet-stage-a-production-generate-v1-activation-20260730-production\run_327\scientific_inventory.json,9f1c9bc10399a64198e9e3a0a584444a0fcbfd69a239e7fbc664c1d972f2206f,d262e15ae3f14394d299137e558d8b196d039c789bcb057ab1b2f0d9d5f79029,72d238ed25836a879659e75575538c04114564abe7353795a494b1ec9dc93dc3,230d6cf35d19c3dd00afacad97bd4f5390819861fd1f05dfd883bb56fe2e48e1,6,7,42,1015.4407006478525,92.258648437209104,0.18876442095165169,0.01130826495308997,5,5,30,40,0.07866447916655317,1,0.88095238095238093
D065,328,D065-R03,65,R03,3,train,fc13a33a0a1af435189990e54b6c68efa56bbc207c0cae6e27e12bf031605930,C:\Users\johns\satnet-stage-a-production-generate-v1-activation-20260730-production\run_328\result.json,8d6057e08adfec854b641c763c9ef05edf903a45cb8c154595da099998efc0dd,C:\Users\johns\satnet-stage-a-production-generate-v1-activation-20260730-production\run_328\scientific_inventory.json,02428b2d2445a6953fc3735dd4900d3465180c67688e6fc84c5b4583cf7659af,d262e15ae3f14394d299137e558d8b196d039c789bcb057ab1b2f0d9d5f79029,f7b52f210b9a922fb24fc207f25beeb7fe165811dc93792e3f6327bdf2f65d89,cc2cda10e68e0197091a830b9013bb274730918a2a484aaa46eb9fb78d141aa8,6,7,42,1015.4407006478525,92.258648437209104,0.18876442095165169,0.01130826495308997,5,5,30,40,0.07866447916655317,1,0.73809523809523814
D065,329,D065-R04,65,R04,4,train,fc13a33a0a1af435189990e54b6c68efa56bbc207c0cae6e27e12bf031605930,C:\Users\johns\satnet-stage-a-production-generate-v1-activation-20260730-production\run_329\result.json,9238d1831f739cbca544075518c3deb59191ae35bb3864c1d3993c9c024df974,C:\Users\johns\satnet-stage-a-production-generate-v1-activation-20260730-production\run_329\scientific_inventory.json,4f9a453d4ae943d78866920ea1ba5458f61ac2c11425594a3c586e47a2dbeb86,d262e15ae3f14394d299137e558d8b196d039c789bcb057ab1b2f0d9d5f79029,345f1e8d4ebeabbb43a312171036da4f60378b838f9d6b88274a828354f5f2d9,a1e7d81906ee0db905e805db74d38310bf733356a8ad6647b522ad27c57d13c5,6,7,42,1015.4407006478525,92.258648437209104,0.18876442095165169,0.01130826495308997,5,5,30,40,0.07866447916655317,1,0.88095238095238093
D068,340,D068-R00,68,R00,0,train,fc13a33a0a1af435189990e54b6c68efa56bbc207c0cae6e27e12bf031605930,C:\Users\johns\satnet-stage-a-production-generate-v1-activation-20260730-production\run_340\result.json,1049b7a840c838dc9fd6bd07a82466f47f09cf8a4c379e7f172005d8432419d4,C:\Users\johns\satnet-stage-a-production-generate-v1-activation-20260730-production\run_340\scientific_inventory.json,0bb2968d9dfa1ead1f0aced9e6774e0a695e714381b6b7585919d8b6fa51f8a3,7af162b6950ef8631e22476c955ae6ee2637cbdc5b251527c5d6c0e83974559e,61b72d144bdb9ae65ec7c0f55d964f6444bb379b6436f02a69bdd3502ffe6aca,578b16d8eec3fe0d098a73ae4b12aee9067fcaf76dbd6072ec7b8902447e1eab,6,6,36,825.55198880828971,45.364018345015531,0.028526065593620437,0.14807413645303774,12,12,11,35,0.093314704066624565,1,0.1111111111111111
D068,341,D068-R01,68,R01,1,train,fc13a33a0a1af435189990e54b6c68efa56bbc207c0cae6e27e12bf031605930,C:\Users\johns\satnet-stage-a-production-generate-v1-activation-20260730-production\run_341\result.json,7758990690460111f9befdbad9e2406d52d971e7af8efcf946a1c896d9c9d40c,C:\Users\johns\satnet-stage-a-production-generate-v1-activation-20260730-production\run_341\scientific_inventory.json,8c3b003188e75cb6f4b95f263f83ea1207a348754d30955d93481f8e15a318d1,7af162b6950ef8631e22476c955ae6ee2637cbdc5b251527c5d6c0e83974559e,e98892cb0009e31c44619830f9bde7bac8f5def3e908da4e53810dabb023f428,6b06f85cdbbbfa8a04884217bda3493acc8395e2e69d7fe6f02a3955a39697f8,6,6,36,825.55198880828971,45.364018345015531,0.028526065593620437,0.14807413645303774,12,12,11,35,0.093314704066624565,1,0.1111111111111111
D068,342,D068-R02,68,R02,2,train,fc13a33a0a1af435189990e54b6c68efa56bbc207c0cae6e27e12bf031605930,C:\Users\johns\satnet-stage-a-production-generate-v1-activation-20260730-production\run_342\result.json,83df584441517432d07ea579989b12eb10e4bb3276ac517c5a02eb0d87d6be70,C:\Users\johns\satnet-stage-a-production-generate-v1-activation-20260730-production\run_342\scientific_inventory.json,1f228cd161bb3d0b10cb1beb1de8d358121e569c2f0171ca0ef206c3fdefd37e,7af162b6950ef8631e22476c955ae6ee2637cbdc5b251527c5d6c0e83974559e,7b3cae66a6f5e681893a0ac8e97f08d3a537df9dfe110be5936b15acd92fefa4,58a4154348347a714a42ba7606ddece9db8df5d19ccfc1159a069c9a2a3840cf,6,6,36,825.55198880828971,45.364018345015531,0.028526065593620437,0.14807413645303774,12,12,11,35,0.093314704066624565,1,0.1111111111111111
D068,343,D068-R03,68,R03,3,train,fc13a33a0a1af435189990e54b6c68efa56bbc207c0cae6e27e12bf031605930,C:\Users\johns\satnet-stage-a-production-generate-v1-activation-20260730-production\run_343\result.json,7a23b15c2aac46b0b1882375d11268f235a65af39df46d7db123e31485c2453a,C:\Users\johns\satnet-stage-a-production-generate-v1-activation-20260730-production\run_343\scientific_inventory.json,ce45b7abbacb31b7c556ef6ee9f1da52306196404405a047c2e81f40bada4590,7af162b6950ef8631e22476c955ae6ee2637cbdc5b251527c5d6c0e83974559e,53869cf58bab76f794a60c6398db60a7cd74c9b778ef03ecaf2d98be203cc09b,cef5e653a17ba4a63ef99979bf309c84733b5e0c6fd86e523bf390ae233e89f0,6,6,36,825.55198880828971,45.364018345015531,0.028526065593620437,0.14807413645303774,12,12,11,35,0.093314704066624565,1,0.1111111111111111
D068,344,D068-R04,68,R04,4,train,fc13a33a0a1af435189990e54b6c68efa56bbc207c0cae6e27e12bf031605930,C:\Users\johns\satnet-stage-a-production-generate-v1-activation-20260730-production\run_344\result.json,1b448ab99958fb8ab76bf93e761c8b67022991b1be4322b88fdf5b408fc87c71,C:\Users\johns\satnet-stage-a-production-generate-v1-activation-20260730-production\run_344\scientific_inventory.json,8c9a20312cfc56e36ecd7bc66eb41f4c2da4efde69c9105c4636cb736fad6897,7af162b6950ef8631e22476c955ae6ee2637cbdc5b251527c5d6c0e83974559e,25c574cf80633edaf4e42dc20bd9a5e4424f95926b351708464f6f8a8c53b7ef,f6f2a3028cf35bd4a307da550439bafff3cea94cd06de4f2746f566af9bc79fc,6,6,36,825.55198880828971,45.364018345015531,0.028526065593620437,0.14807413645303774,12,12,11,35,0.093314704066624565,1,0.1111111111111111
D069,345,D069-R00,69,R00,0,train,fc13a33a0a1af435189990e54b6c68efa56bbc207c0cae6e27e12bf031605930,C:\Users\johns\satnet-stage-a-production-generate-v1-activation-20260730-production\run_345\result.json,9b4d0264420499b1aba1ad601952e0b176cb3e3aa8cce80fa5f8f7b4ae571a99,C:\Users\johns\satnet-stage-a-production-generate-v1-activation-20260730-production\run_345\scientific_inventory.json,d3176de566612e1dea4c26e9ce4320acf00f97effef2ef7939e329ef78a92e93,b7889b942dcfd2e6863d6a5b42ae28fef16d129fb97da68c0b03409004f81f78,a63f7343a47f08233ab7656f572971f1ee0d85940b386513b2d6c5aba0e939df,581de7fa50276cd653b2feb90ba16f4a8b22b49fe3139d876b7a1a0e0a1baef1,6,5,30,303.91578702706045,42.180946821353807,0.12087983413849046,0.095489436159431187,4,16,15,35,0.32207490734034983,1,0.066666666666666666
D069,346,D069-R01,69,R01,1,train,fc13a33a0a1af435189990e54b6c68efa56bbc207c0cae6e27e12bf031605930,C:\Users\johns\satnet-stage-a-production-generate-v1-activation-20260730-production\run_346\result.json,82ec2a2978e85a79ec88a18640cf376114ef0a66918a0b7c15b0186715436def,C:\Users\johns\satnet-stage-a-production-generate-v1-activation-20260730-production\run_346\scientific_inventory.json,4c0483811c2c142f23d557704dd85f2e21a8044db0219c9c1c6c677bfd4b0831,b7889b942dcfd2e6863d6a5b42ae28fef16d129fb97da68c0b03409004f81f78,69c43d23a8f5ecb91ec3fd1b751b6febc6bcfc8ad2829d9d7d458236fa67c23e,90faf96c14874f8d9a29f249cdd03f573e15d996b571926d0f9b50dcea438ed0,6,5,30,303.91578702706045,42.180946821353807,0.12087983413849046,0.095489436159431187,4,16,15,35,0.32207490734034983,1,0.066666666666666666
D069,347,D069-R02,69,R02,2,train,fc13a33a0a1af435189990e54b6c68efa56bbc207c0cae6e27e12bf031605930,C:\Users\johns\satnet-stage-a-production-generate-v1-activation-20260730-production\run_347\result.json,fb5ba687ab5dc652e75889a63dfe858c38046a2c5acba92d5903e9eacc972412,C:\Users\johns\satnet-stage-a-production-generate-v1-activation-20260730-production\run_347\scientific_inventory.json,779ebfe0cd89617ead076c32923f5fc66873b8319bd0c42a20b43e491ba2a9b8,b7889b942dcfd2e6863d6a5b42ae28fef16d129fb97da68c0b03409004f81f78,7e27d14b534a738b92cdaf46e2893d1162a4aeb88ba50751e7df1eca7041ad61,9b658428dfc8a3986b7a41d67d9219dd35f97c5cc114dd97e0944f9a9c2e8798,6,5,30,303.91578702706045,42.180946821353807,0.12087983413849046,0.095489436159431187,4,16,15,35,0.32207490734034983,1,0.066666666666666666
D069,348,D069-R03,69,R03,3,train,fc13a33a0a1af435189990e54b6c68efa56bbc207c0cae6e27e12bf031605930,C:\Users\johns\satnet-stage-a-production-generate-v1-activation-20260730-production\run_348\result.json,d8ec4f453064fd07e0b6ad5cc1f1e453ce06babe9ac3f3acea7fcc10ed758ba4,C:\Users\johns\satnet-stage-a-production-generate-v1-activation-20260730-production\run_348\scientific_inventory.json,78684e1d746a8c821e9b5f5e47fc78d05c951a59751f4a5778cbe59efb551da1,b7889b942dcfd2e6863d6a5b42ae28fef16d129fb97da68c0b03409004f81f78,4ddab96992a97d4d64081a98f8b2a48db174910eb4ecaa1af3c26f964649a2c4,d78f97568d54ba763c5d3cd63548af7c9a3d63b4964dc6b7c3f3ded745550762,6,5,30,303.91578702706045,42.180946821353807,0.12087983413849046,0.095489436159431187,4,16,15,35,0.32207490734034983,1,0.066666666666666666
D069,349,D069-R04,69,R04,4,train,fc13a33a0a1af435189990e54b6c68efa56bbc207c0cae6e27e12bf031605930,C:\Users\johns\satnet-stage-a-production-generate-v1-activation-20260730-production\run_349\result.json,ab080ec82025ebaa7411e7a5cd214f08bc366931e3902497da5b69ca816faec8,C:\Users\johns\satnet-stage-a-production-generate-v1-activation-20260730-production\run_349\scientific_inventory.json,f1f8abe059bf3bb042b2960cbd22b4b0e83e8dd47ebea3e9d6c6f943343156b7,b7889b942dcfd2e6863d6a5b42ae28fef16d129fb97da68c0b03409004f81f78,da7d877cd1a86938da6089826966ad3825db40b1faace293be80a34f45b544d8,3d08cd9a47c2ceadfbe49627d59ee00ce52242f713ea617c8a93b0f376079d6a,6,5,30,303.91578702706045,42.180946821353807,0.12087983413849046,0.095489436159431187,4,16,15,35,0.32207490734034983,1,0.066666666666666666
D070,350,D070-R00,70,R00,0,train,fc13a33a0a1af435189990e54b6c68efa56bbc207c0cae6e27e12bf031605930,C:\Users\johns\satnet-stage-a-production-generate-v1-activation-20260730-production\run_350\result.json,8f631c905e4b0edb332c690e7566a2712544ee1cfa4a6af741620edcef4bd82a,C:\Users\johns\satnet-stage-a-production-generate-v1-activation-20260730-production\run_350\scientific_inventory.json,addbc33cc30b912ef855c7d37c6aeec340cefbdd488ed5c667def11ad97fafac,f3ee5d09afb4461c423039278aab75d657bbfba43c3c356d27b343814225eaec,3cfc4b4542c9011579462980bfa8c92e45969398cd12b7b075b5f5cdb3ea1b26,e3170005101152b849cd68de9529645b2a1c648eb05c9d87074ebdcb27d7b31b,6,7,42,546.34327628731739,60.260493402424324,0.031387100478994366,0.056979258159219177,27,4,4,35,0.26856901407821443,1,0.095238095238095233
D070,351,D070-R01,70,R01,1,train,fc13a33a0a1af435189990e54b6c68efa56bbc207c0cae6e27e12bf031605930,C:\Users\johns\satnet-stage-a-production-generate-v1-activation-20260730-production\run_351\result.json,94e6658e9a2a57b13399854cbef78c6d5a47d0de6f2b54aaefe5f9bb641c8aeb,C:\Users\johns\satnet-stage-a-production-generate-v1-activation-20260730-production\run_351\scientific_inventory.json,fda368e465fb0f5aa024db08231cfaf3fc647163fcc3a355f9352a6fcc509d0a,f3ee5d09afb4461c423039278aab75d657bbfba43c3c356d27b343814225eaec,e483d03c572e0c9354872e871f8a9c048aabd1da822fd6cb4da279515107b0a1,68c5a10781ebb40f4e3be0b72873ff7f7ab9a83f25447d0991b90847c4857ea3,6,7,42,546.34327628731739,60.260493402424324,0.031387100478994366,0.056979258159219177,27,4,4,35,0.26856901407821443,1,0.14285714285714285
D070,352,D070-R02,70,R02,2,train,fc13a33a0a1af435189990e54b6c68efa56bbc207c0cae6e27e12bf031605930,C:\Users\johns\satnet-stage-a-production-generate-v1-activation-20260730-production\run_352\result.json,f5394849185995d20790a09488b2265f736f68bcb3fc813d2d9d530a1bd7dd6b,C:\Users\johns\satnet-stage-a-production-generate-v1-activation-20260730-production\run_352\scientific_inventory.json,1b77ab39654285495479dd601f9517f1ed780e1200cdc22b101545ff5ff53833,f3ee5d09afb4461c423039278aab75d657bbfba43c3c356d27b343814225eaec,d6cd26dbbcd7446d617fb060ce33e67d77b90cb6d436c864b4827cc3ab5184e5,42dc9e1537ee5b8ba3f2075fb7832480d31f0b90cdb6fb1971d81ccded6d9927,6,7,42,546.34327628731739,60.260493402424324,0.031387100478994366,0.056979258159219177,27,4,4,35,0.26856901407821443,1,0.11904761904761904
D070,353,D070-R03,70,R03,3,train,fc13a33a0a1af435189990e54b6c68efa56bbc207c0cae6e27e12bf031605930,C:\Users\johns\satnet-stage-a-production-generate-v1-activation-20260730-production\run_353\result.json,12c5de77ec8d0c7653b3db782a192655b04a7ed91e5814c8a6bfe706c841a8fa,C:\Users\johns\satnet-stage-a-production-generate-v1-activation-20260730-production\run_353\scientific_inventory.json,edb349c337735862ba0c290015aa05c267791776a47d4cc5ca0abc0a49fdc99d,f3ee5d09afb4461c423039278aab75d657bbfba43c3c356d27b343814225eaec,92ebb0cb0aa1a25761258dc7614b3eb38188d40df3e1786ddbfcba0e7efe146e,5d0638708d1cb32c2d449f2028b7fb6610d692294a4463d766b7620bb5a201e8,6,7,42,546.34327628731739,60.260493402424324,0.031387100478994366,0.056979258159219177,27,4,4,35,0.26856901407821443,1,0.14285714285714285
D070,354,D070-R04,70,R04,4,train,fc13a33a0a1af435189990e54b6c68efa56bbc207c0cae6e27e12bf031605930,C:\Users\johns\satnet-stage-a-production-generate-v1-activation-20260730-production\run_354\result.json,50f9a5ed830cb4889e3a524fb85e1c4c8a6c72de645a439e7a711af313a10bd9,C:\Users\johns\satnet-stage-a-production-generate-v1-activation-20260730-production\run_354\scientific_inventory.json,77114ff09f1be298c0b0ab616a123e562d68e7385ee618c1269bcb4cf3e6c009,f3ee5d09afb4461c423039278aab75d657bbfba43c3c356d27b343814225eaec,e33405fea150613d57921774cef450b4767242433913de7ded90163fd2bcd019,af2f00ef45ec97b89d739cb4f167b582728fed1248efaa17e58c0446f96b07d9,6,7,42,546.34327628731739,60.260493402424324,0.031387100478994366,0.056979258159219177,27,4,4,35,0.26856901407821443,1,0.14285714285714285
D073,365,D073-R00,73,R00,0,train,fc13a33a0a1af435189990e54b6c68efa56bbc207c0cae6e27e12bf031605930,C:\Users\johns\satnet-stage-a-production-generate-v1-activation-20260730-production\run_365\result.json,8ae57f3259328a390a3c57c8e5539b6a698c2d1ce6a4b7c604d96eb7fd0e17b6,C:\Users\johns\satnet-stage-a-production-generate-v1-activation-20260730-production\run_365\scientific_inventory.json,3b2a08dbd17e116fee1f423e13d6c50df0dd52a040e0037aab129553103b0fc6,2ed802389016a6401750b4897bd03ad8d031e0a09cfc4bc5f8207e682412873c,6cd19ecb70ef67fd5e26c1d8b6b519e4bc3c807997fdf8686779cc7144b85101,e74e00256f56ef2e472441a3c5f163bd8900aea3d03021fdf413c830c65fa1a2,6,5,30,373.85726177307993,51.30507291979994,0.13947039847092355,0.1693305163382951,9,8,3,20,0.25812042809459085,1,0.066666666666666666
D073,366,D073-R01,73,R01,1,train,fc13a33a0a1af435189990e54b6c68efa56bbc207c0cae6e27e12bf031605930,C:\Users\johns\satnet-stage-a-production-generate-v1-activation-20260730-production\run_366\result.json,d663894a1aed600f5214910c55a48125bb2c30bdc4db2ab5d945bdfba3ca7f87,C:\Users\johns\satnet-stage-a-production-generate-v1-activation-20260730-production\run_366\scientific_inventory.json,fcfc251d807ea97f27293e754cfd7c95cf7b46e2e9c5559d464654f8608a280c,2ed802389016a6401750b4897bd03ad8d031e0a09cfc4bc5f8207e682412873c,4d9905a405d609e5ed517dbc7b7965ed66f67f0609b553e1cdf2b34bcad8c331,bd2d768bc7197b11414a6066541cf94eaf584719d8f0d2532f2940baa618b52c,6,5,30,373.85726177307993,51.30507291979994,0.13947039847092355,0.1693305163382951,9,8,3,20,0.25812042809459085,1,0.066666666666666666
D073,367,D073-R02,73,R02,2,train,fc13a33a0a1af435189990e54b6c68efa56bbc207c0cae6e27e12bf031605930,C:\Users\johns\satnet-stage-a-production-generate-v1-activation-20260730-production\run_367\result.json,1540de2734ac2c815329414c7603bc565e6f94e5c275fb19f455137a8209d909,C:\Users\johns\satnet-stage-a-production-generate-v1-activation-20260730-production\run_367\scientific_inventory.json,53ca8cae2cbaed85df1af775ce2e701cbb55626ca99c6f55c8f82d4138e2565e,2ed802389016a6401750b4897bd03ad8d031e0a09cfc4bc5f8207e682412873c,66418ff4dde5b507102e06fcfd7b50cbfa6649692ba2ec2d411ae16d81098d5a,cfb5d0f9f4dd89814922cca727739a55acdc0489e7c7f5830ec19ce0de7622f9,6,5,30,373.85726177307993,51.30507291979994,0.13947039847092355,0.1693305163382951,9,8,3,20,0.25812042809459085,1,0.066666666666666666
D073,368,D073-R03,73,R03,3,train,fc13a33a0a1af435189990e54b6c68efa56bbc207c0cae6e27e12bf031605930,C:\Users\johns\satnet-stage-a-production-generate-v1-activation-20260730-production\run_368\result.json,043ddd95a1fdd38eba0ecf3d82f79f6d2ee8ffa17bf3e99b1ab27fac53f4d0e7,C:\Users\johns\satnet-stage-a-production-generate-v1-activation-20260730-production\run_368\scientific_inventory.json,4ea6d75e226f19aff1ad66c33edb2bf2acfca8d8cde21a6c3f2fbd586a8000b6,2ed802389016a6401750b4897bd03ad8d031e0a09cfc4bc5f8207e682412873c,5325b4f81f6b870f4430349826beadbc57ea224863882153c3499d0229adb68c,499e9448c59f42b0887bd04614c3d184aa1728ce094789f42a0e13979e8aebdb,6,5,30,373.85726177307993,51.30507291979994,0.13947039847092355,0.1693305163382951,9,8,3,20,0.25812042809459085,1,0.033333333333333333
D073,369,D073-R04,73,R04,4,train,fc13a33a0a1af435189990e54b6c68efa56bbc207c0cae6e27e12bf031605930,C:\Users\johns\satnet-stage-a-production-generate-v1-activation-20260730-production\run_369\result.json,dd7097e323485bd251cd6a029fd73b47f0abd04820345dde5a97a6da808baeda,C:\Users\johns\satnet-stage-a-production-generate-v1-activation-20260730-production\run_369\scientific_inventory.json,737956813fd142e8214a90566627f84c9bec33f145d44fddf6b6ae43629bf6e5,2ed802389016a6401750b4897bd03ad8d031e0a09cfc4bc5f8207e682412873c,6dbcc1554ea5710a11e972536afd43bf0f8dce9291e4990a541061ba9d7cc0fa,1f1ee828fea6f1020b2fc4acb0c6a2a6c22f261062f93237a04108cc516d5e7a,6,5,30,373.85726177307993,51.30507291979994,0.13947039847092355,0.1693305163382951,9,8,3,20,0.25812042809459085,1,0.066666666666666666
D075,375,D075-R00,75,R00,0,train,fc13a33a0a1af435189990e54b6c68efa56bbc207c0cae6e27e12bf031605930,C:\Users\johns\satnet-stage-a-production-generate-v1-activation-20260730-production\run_375\result.json,c070910af7c7e46f3ce1505314eb6644f51f12ebf000ea8ecaac050e779ef319,C:\Users\johns\satnet-stage-a-production-generate-v1-activation-20260730-production\run_375\scientific_inventory.json,857f9338e04159a4b3757de81815cfb6e552acf1fea7ccbcad9d1fb2fe022e48,21ac453afa943d9bcb9264a273dd253554d3a7cc0dbccba118c23996ca32b579,3931c4e67e62180f0448991926daeab50469d869c1972f6fe2b7e4b2a1c0931f,5fd47e50c9ca83120a929107f6ec11848f24bfb297342b7e4502ab485ca02f8d,5,6,30,719.71806853397732,35.658219217049961,0.0079979104676360432,0.19510247089388308,2,7,6,15,0.31575004890859509,1,0.066666666666666666
D075,376,D075-R01,75,R01,1,train,fc13a33a0a1af435189990e54b6c68efa56bbc207c0cae6e27e12bf031605930,C:\Users\johns\satnet-stage-a-production-generate-v1-activation-20260730-production\run_376\result.json,373dbe9fa9a51a19fb7890dc39e027500771d4c41843dd0b5374f21994f0a9ce,C:\Users\johns\satnet-stage-a-production-generate-v1-activation-20260730-production\run_376\scientific_inventory.json,3ff3bc8e0609b3750e763ff1bd0a7d20abe67781fb6201b5374f6e1e3eedd01a,21ac453afa943d9bcb9264a273dd253554d3a7cc0dbccba118c23996ca32b579,6ce98f396a57f996d955cd60f9b1a6fe8e3badee2f761727161f91356f7d0304,71610a9354f09e9c85ae2d454e20e601bfd19f946af4d0e657e9d7e881ca327e,5,6,30,719.71806853397732,35.658219217049961,0.0079979104676360432,0.19510247089388308,2,7,6,15,0.31575004890859509,1,0.066666666666666666
D075,377,D075-R02,75,R02,2,train,fc13a33a0a1af435189990e54b6c68efa56bbc207c0cae6e27e12bf031605930,C:\Users\johns\satnet-stage-a-production-generate-v1-activation-20260730-production\run_377\result.json,015b944e73949677c8465c968d6d03442804836d255d5fffaf3ec459ad082b25,C:\Users\johns\satnet-stage-a-production-generate-v1-activation-20260730-production\run_377\scientific_inventory.json,c6242df689725018d6cb78cd18ab487210185a968ec13798f0e70de8ae49025b,21ac453afa943d9bcb9264a273dd253554d3a7cc0dbccba118c23996ca32b579,2501d44f23fb146ef8a63addb5f9d4151cf73abb39b487438b2e7010535bfbdf,aac5d480b7d6b137e0cadb0b98798aa1f6a99599e203796e7090f7a4e67fde86,5,6,30,719.71806853397732,35.658219217049961,0.0079979104676360432,0.19510247089388308,2,7,6,15,0.31575004890859509,1,0.066666666666666666
D075,378,D075-R03,75,R03,3,train,fc13a33a0a1af435189990e54b6c68efa56bbc207c0cae6e27e12bf031605930,C:\Users\johns\satnet-stage-a-production-generate-v1-activation-20260730-production\run_378\result.json,f666d4f644cdd3324bfb3ec15727948686a89c4306c749d95ee093c9333a91f6,C:\Users\johns\satnet-stage-a-production-generate-v1-activation-20260730-production\run_378\scientific_inventory.json,1f95ec94de33c0e370fd187df233b80cf55556b0d9694437d2d1cac20fadf7e4,21ac453afa943d9bcb9264a273dd253554d3a7cc0dbccba118c23996ca32b579,42c818c57f40202ed32380921d0f8fff84e91003fe11138aa950647ffe24573e,7700d3a3cf63b490c6dc6a57f790c53b9093f451c4f77146141da59d273bf5ec,5,6,30,719.71806853397732,35.658219217049961,0.0079979104676360432,0.19510247089388308,2,7,6,15,0.31575004890859509,1,0.066666666666666666
D075,379,D075-R04,75,R04,4,train,fc13a33a0a1af435189990e54b6c68efa56bbc207c0cae6e27e12bf031605930,C:\Users\johns\satnet-stage-a-production-generate-v1-activation-20260730-production\run_379\result.json,999b0343bf149513c6b2064fe724cc84b8ef64e818307db03b0aa2937b7f6595,C:\Users\johns\satnet-stage-a-production-generate-v1-activation-20260730-production\run_379\scientific_inventory.json,ae86776712adb666271ba152be38b059dc0572ec0402fcd8c9dd77ce90f2db60,21ac453afa943d9bcb9264a273dd253554d3a7cc0dbccba118c23996ca32b579,008acefce2a3bd78b0e2dea7d66e8974bd4e0c9d42bf085e2035c1671a1ef53a,a3cff3db65019aa19fe79832369b024ca5d54e92ae9ec585f23191699752a0f3,5,6,30,719.71806853397732,35.658219217049961,0.0079979104676360432,0.19510247089388308,2,7,6,15,0.31575004890859509,1,0.066666666666666666
D076,380,D076-R00,76,R00,0,train,fc13a33a0a1af435189990e54b6c68efa56bbc207c0cae6e27e12bf031605930,C:\Users\johns\satnet-stage-a-production-generate-v1-activation-20260730-production\run_380\result.json,c82a6990f8dc5a32929790865d085d172ba29ba1462a43ac53fd6bb445a46637,C:\Users\johns\satnet-stage-a-production-generate-v1-activation-20260730-production\run_380\scientific_inventory.json,032f9488f4cc51b1a4494a87a46b436e3ce5680db10d26a5a8ea6395b46a5541,5a196e1fc671913fadb5ae94106d89eced913701128ae8554620a6d302a07ed0,9812d923f9cbb07f70cad9193f0cd3709d81882d9df05cb5c721f81adc6ddb95,c8ab10ae66d40b31c89caa34e0735a8512f384f06a555e050bbee9cbba55d873,6,6,36,848.63224315560478,67.055105041499914,0.13652971921851118,0.073542482327523459,19,3,3,25,0.16736593883745662,1,0.1388888888888889
D076,381,D076-R01,76,R01,1,train,fc13a33a0a1af435189990e54b6c68efa56bbc207c0cae6e27e12bf031605930,C:\Users\johns\satnet-stage-a-production-generate-v1-activation-20260730-production\run_381\result.json,a2858301417f7e22ae9a9e624b302c48e77f0da7347cbd4f744fc2ccb7a7b0e7,C:\Users\johns\satnet-stage-a-production-generate-v1-activation-20260730-production\run_381\scientific_inventory.json,81b50f6a1a6b95bcc8b46d64f849ed00803ca620b78004221673b16131662416,5a196e1fc671913fadb5ae94106d89eced913701128ae8554620a6d302a07ed0,3be4580a1540b65d38694e7963eee7b89cc2f10665d55f20271f84113b1ec158,21b6e59fe77fa8af9b668283a9bf9254ff51c6392fce3c2f4049a74f1e6b4099,6,6,36,848.63224315560478,67.055105041499914,0.13652971921851118,0.073542482327523459,19,3,3,25,0.16736593883745662,1,0.1388888888888889
D076,382,D076-R02,76,R02,2,train,fc13a33a0a1af435189990e54b6c68efa56bbc207c0cae6e27e12bf031605930,C:\Users\johns\satnet-stage-a-production-generate-v1-activation-20260730-production\run_382\result.json,a1bd7632543b2b309b81e8e2c8fcb6f307c43cd7652c4fd2996bfea294f1c04e,C:\Users\johns\satnet-stage-a-production-generate-v1-activation-20260730-production\run_382\scientific_inventory.json,1b88496d56d2a4372dcc480ce65e3f9a19ee094c172e96aab9919e5a942c8b3b,5a196e1fc671913fadb5ae94106d89eced913701128ae8554620a6d302a07ed0,9df8bc022ac74213ab44617a0a1ae97561e8607ddd0da6d391d1cf307094b010,7806745a1b7955921ede97e0fb7e6ac7a0ccd7b54920860380b46dc8c9fde305,6,6,36,848.63224315560478,67.055105041499914,0.13652971921851118,0.073542482327523459,19,3,3,25,0.16736593883745662,1,0.16666666666666666
D076,383,D076-R03,76,R03,3,train,fc13a33a0a1af435189990e54b6c68efa56bbc207c0cae6e27e12bf031605930,C:\Users\johns\satnet-stage-a-production-generate-v1-activation-20260730-production\run_383\result.json,840b40cdd03b8fa370d33a725424bc9f200270908097821766b67341906dd0fd,C:\Users\johns\satnet-stage-a-production-generate-v1-activation-20260730-production\run_383\scientific_inventory.json,67715e95fdb37b183cd8c1634bb632b0991d5c65100130a22223b92d6c53d643,5a196e1fc671913fadb5ae94106d89eced913701128ae8554620a6d302a07ed0,342466728284d0cc86a6e3eaee7b1a1b3c672b2cf22eeae04807b8af3119ad23,6bc3102082ac97a157d10653eabbff75fb0e1790a6feb0b5def913b8933c597c,6,6,36,848.63224315560478,67.055105041499914,0.13652971921851118,0.073542482327523459,19,3,3,25,0.16736593883745662,1,0.16666666666666666
D076,384,D076-R04,76,R04,4,train,fc13a33a0a1af435189990e54b6c68efa56bbc207c0cae6e27e12bf031605930,C:\Users\johns\satnet-stage-a-production-generate-v1-activation-20260730-production\run_384\result.json,9f91b104e1a7dd370a1164f26cc084d2ba38a172172662dead42e10cc59f277c,C:\Users\johns\satnet-stage-a-production-generate-v1-activation-20260730-production\run_384\scientific_inventory.json,dd9f7f744563497bca97e1ed962bb5b710506b0a5ac4230327cf2d415f671388,5a196e1fc671913fadb5ae94106d89eced913701128ae8554620a6d302a07ed0,94ac6690dfbda832b1646f8d0a291f2f338a404d45248a983b22321a1fb1e122,1a2090b911c3daddcbdd11893545ffb1033063a9ce460f36f02db66e0af6c58b,6,6,36,848.63224315560478,67.055105041499914,0.13652971921851118,0.073542482327523459,19,3,3,25,0.16736593883745662,1,0.16666666666666666
D077,385,D077-R00,77,R00,0,train,fc13a33a0a1af435189990e54b6c68efa56bbc207c0cae6e27e12bf031605930,C:\Users\johns\satnet-stage-a-production-generate-v1-activation-20260730-production\run_385\result.json,0f72134b09a7d8d9cbfd91c1d422e0926a99201a06491ecf604d3835b1afc464,C:\Users\johns\satnet-stage-a-production-generate-v1-activation-20260730-production\run_385\scientific_inventory.json,12e8bae8cec526bdeee3f8c3615f81f28493a1fa00370393bd5ba2cfa81e1fb8,a436d5437e7594c64485dfcdc454e51225513648172c3b929683f12ed98d3284,65f8e274bd8c5caaa38266d981c739655cb482e6688dd71a2a8409de74efadc8,96117dbf52c69e3394552cbb94e2ce9f89ae8785856f58f962d95803723b453d,4,5,20,600.25551545725853,58.881392297899396,0.1702648739326037,0.19088724137739266,9,3,8,20,0.028083100746912528,1,0.10000000000000001
D077,386,D077-R01,77,R01,1,train,fc13a33a0a1af435189990e54b6c68efa56bbc207c0cae6e27e12bf031605930,C:\Users\johns\satnet-stage-a-production-generate-v1-activation-20260730-production\run_386\result.json,e53c467606fe7436ad6b6ac8f9676264a680aedd2f78e1ded503f85a6d40fd83,C:\Users\johns\satnet-stage-a-production-generate-v1-activation-20260730-production\run_386\scientific_inventory.json,e56be0426db6f0e29555c5815f09d37e47c462781c84694565a9b0493cde7a54,a436d5437e7594c64485dfcdc454e51225513648172c3b929683f12ed98d3284,378bd63a255c7ddb10cb5a2a64f06752f0107b94ea20c72841c54d7e02e62602,98a8a97a08b6079b82ce1353631e8ca32e0c2215fdca0e789c00aed7123b0200,4,5,20,600.25551545725853,58.881392297899396,0.1702648739326037,0.19088724137739266,9,3,8,20,0.028083100746912528,1,0.10000000000000001
D077,387,D077-R02,77,R02,2,train,fc13a33a0a1af435189990e54b6c68efa56bbc207c0cae6e27e12bf031605930,C:\Users\johns\satnet-stage-a-production-generate-v1-activation-20260730-production\run_387\result.json,1d6ee8ded31ca0822bd3f7231d7460d57afcc4e1b355c60b694e9d0e9d0b4808,C:\Users\johns\satnet-stage-a-production-generate-v1-activation-20260730-production\run_387\scientific_inventory.json,5aeafb375eeba24c7a4487fea31bf1987299a5df1a75481147088cac422b54f7,a436d5437e7594c64485dfcdc454e51225513648172c3b929683f12ed98d3284,745c36acdddc7b1585c4931c45c3596cb72b2be154f51e95531322f1c0ab9016,31f9aa90fc2963767ac9b521da88547e49005366b8d1fc46bafbdfb98ce22225,4,5,20,600.25551545725853,58.881392297899396,0.1702648739326037,0.19088724137739266,9,3,8,20,0.028083100746912528,1,0.050000000000000003
D077,388,D077-R03,77,R03,3,train,fc13a33a0a1af435189990e54b6c68efa56bbc207c0cae6e27e12bf031605930,C:\Users\johns\satnet-stage-a-production-generate-v1-activation-20260730-production\run_388\result.json,06fd90052440e25326891e3a26cb34a9b0e745b7cd160c74d7ed382cb56a3150,C:\Users\johns\satnet-stage-a-production-generate-v1-activation-20260730-production\run_388\scientific_inventory.json,9ce3c0da8d348091057d2ddc64fea8bba33d5fb49f9471684c56ef282140a2ae,a436d5437e7594c64485dfcdc454e51225513648172c3b929683f12ed98d3284,aeaaa69fefd8ebc84db7b10f30c4fe6ded349e12be7c1f3062ab710ab7f6f39e,abda5888f9cfbd25e7628c926604600c9f4e6e104c76f77d23b99a670a54625a,4,5,20,600.25551545725853,58.881392297899396,0.1702648739326037,0.19088724137739266,9,3,8,20,0.028083100746912528,1,0.10000000000000001
D077,389,D077-R04,77,R04,4,train,fc13a33a0a1af435189990e54b6c68efa56bbc207c0cae6e27e12bf031605930,C:\Users\johns\satnet-stage-a-production-generate-v1-activation-20260730-production\run_389\result.json,b65571234c6565e4aa49d78833d10838d6f5867ef9f53253a30b0701e16010c0,C:\Users\johns\satnet-stage-a-production-generate-v1-activation-20260730-production\run_389\scientific_inventory.json,0d0cd7e813ee906667acb625f5fbf0b744b1c371431dc2562fa9cda5c7ae7e7e,a436d5437e7594c64485dfcdc454e51225513648172c3b929683f12ed98d3284,faed9047add86567738d4b93c5d7ae16d5cbf1322eb05a45f0c63f3bd679a3c8,39d1ff2cee10eedbe6446c86d0e83456880ea1b45c889276275c6600b5d99195,4,5,20,600.25551545725853,58.881392297899396,0.1702648739326037,0.19088724137739266,9,3,8,20,0.028083100746912528,1,0.10000000000000001
D079,395,D079-R00,79,R00,0,train,fc13a33a0a1af435189990e54b6c68efa56bbc207c0cae6e27e12bf031605930,C:\Users\johns\satnet-stage-a-production-generate-v1-activation-20260730-production\run_395\result.json,7bf8211c286bbe78c4c57e3b098b955ca6d0b93df7a4940e903a24b8911627d2,C:\Users\johns\satnet-stage-a-production-generate-v1-activation-20260730-production\run_395\scientific_inventory.json,688caef00259e9b5f21d149c67d05b6729c834c10c86a0e0870736e37323ff6c,2100d790c7fd4877fbac81bc2aab3d4c0ae905f9458024b84c4f9e190d9d6a3a,345aad2ad9db5b26154870f731e0e1e8c868d9e8257d54fc84fc00a90a4f683e,e3444474fc43908bce4bbe821fe5069c9f072e701b8039f96823762f58456ce8,5,8,40,1165.0143475132925,37.661002337933283,0.017069418774210997,0.15015224500195598,4,4,27,35,0.22376001787480948,1,0.40000000000000002
D079,396,D079-R01,79,R01,1,train,fc13a33a0a1af435189990e54b6c68efa56bbc207c0cae6e27e12bf031605930,C:\Users\johns\satnet-stage-a-production-generate-v1-activation-20260730-production\run_396\result.json,b816840f93154288cd527a46ccd86ce48ff48727f03469c68adde422545a527e,C:\Users\johns\satnet-stage-a-production-generate-v1-activation-20260730-production\run_396\scientific_inventory.json,a931299626d678f8ec10a3594d1f422dd1dbf134c09d9a40f53a7e5c9f3d1990,2100d790c7fd4877fbac81bc2aab3d4c0ae905f9458024b84c4f9e190d9d6a3a,0af8313b0875dd8277d620eafb7f05ee8ece5d71f1b7fc54bc4fc1b21c110ab6,63813d07cb76ac04615c6cb2d9d4ecdb44d45c344c4038317a18dd7d01064598,5,8,40,1165.0143475132925,37.661002337933283,0.017069418774210997,0.15015224500195598,4,4,27,35,0.22376001787480948,1,0.40000000000000002
D079,397,D079-R02,79,R02,2,train,fc13a33a0a1af435189990e54b6c68efa56bbc207c0cae6e27e12bf031605930,C:\Users\johns\satnet-stage-a-production-generate-v1-activation-20260730-production\run_397\result.json,643989cf217e7b812ea3505d24dc51e810393006a6b8e27b4845b8ef17f404e5,C:\Users\johns\satnet-stage-a-production-generate-v1-activation-20260730-production\run_397\scientific_inventory.json,dcee31282fe580aeadacb4772c382e0928013167af034a5bd985af92e65577ea,2100d790c7fd4877fbac81bc2aab3d4c0ae905f9458024b84c4f9e190d9d6a3a,4b8ac559e8f3f6b94f0c39cd3603975619c3166a3f4b337a0670ce29afd9509c,37e35cb74cb075dcb98e7a252e9ea53ce6c7a190ece325cb5a0e8aa6f5f264b2,5,8,40,1165.0143475132925,37.661002337933283,0.017069418774210997,0.15015224500195598,4,4,27,35,0.22376001787480948,1,0.40000000000000002
D079,398,D079-R03,79,R03,3,train,fc13a33a0a1af435189990e54b6c68efa56bbc207c0cae6e27e12bf031605930,C:\Users\johns\satnet-stage-a-production-generate-v1-activation-20260730-production\run_398\result.json,f62d4d91c3fd49ba264de29a433b80be8e8b6c8a2859b1609929ec013dfc4dd8,C:\Users\johns\satnet-stage-a-production-generate-v1-activation-20260730-production\run_398\scientific_inventory.json,164e0cf731924b33b5996a843e61e5184ee22f71de4e5d17a6e8207b6c3e3fcf,2100d790c7fd4877fbac81bc2aab3d4c0ae905f9458024b84c4f9e190d9d6a3a,e307a575f726102120873da5a47a698c49341a3a0d768878ee46afc51434f053,895591c2d23678a0cc85fdfb008f64179a2941a2f70ccb47973566dc976be014,5,8,40,1165.0143475132925,37.661002337933283,0.017069418774210997,0.15015224500195598,4,4,27,35,0.22376001787480948,1,0.375
D079,399,D079-R04,79,R04,4,train,fc13a33a0a1af435189990e54b6c68efa56bbc207c0cae6e27e12bf031605930,C:\Users\johns\satnet-stage-a-production-generate-v1-activation-20260730-production\run_399\result.json,c138ab41a0149bcf40610a9bb16c0db2385250541443333a136457e20d94ca28,C:\Users\johns\satnet-stage-a-production-generate-v1-activation-20260730-production\run_399\scientific_inventory.json,f739cc0a6fb2b67ce07ccdb0037335d2860e1d54f2d8b9fb9ada4824e574361b,2100d790c7fd4877fbac81bc2aab3d4c0ae905f9458024b84c4f9e190d9d6a3a,8360c2e909ba99535132d98ed4ccbbb08502406c4d0c38a495461ed0a3300605,434c7ff78c40b10fd56f4b973ee1aff06fff0836d250750a041e2bad4bf51852,5,8,40,1165.0143475132925,37.661002337933283,0.017069418774210997,0.15015224500195598,4,4,27,35,0.22376001787480948,1,0.40000000000000002
D080,400,D080-R00,80,R00,0,train,fc13a33a0a1af435189990e54b6c68efa56bbc207c0cae6e27e12bf031605930,C:\Users\johns\satnet-stage-a-production-generate-v1-activation-20260730-production\run_400\result.json,10ba42844ee71e2cfce417ce0fe8645174abc5657985cb96f8ff93ac75a35528,C:\Users\johns\satnet-stage-a-production-generate-v1-activation-20260730-production\run_400\scientific_inventory.json,fc77be414ab5790659c8afccd3be68d82c562af7a863bd99e4d76ecfd49b7d0a,c406564a9ff760911686f6753056ce125d1062ab1eb3c85e753eb2f67e5b6e4d,eef9471d24dc515472b21c62ec2f35b111c521b377ce335f182334cc7482887d,ad6d754dd2a727b575c913b9c1785525c4c573150f764d597dbfb29644944270,5,7,35,1153.5572088529802,80.79831182869404,0.16915035758402594,0.20872993448067295,14,3,3,20,0.30101428476731562,1,0.74285714285714288
D080,401,D080-R01,80,R01,1,train,fc13a33a0a1af435189990e54b6c68efa56bbc207c0cae6e27e12bf031605930,C:\Users\johns\satnet-stage-a-production-generate-v1-activation-20260730-production\run_401\result.json,9f6140f0326c6bb68586a404ec77caa9f2d70bd6628b2f9a8c6c86cc05f0eef8,C:\Users\johns\satnet-stage-a-production-generate-v1-activation-20260730-production\run_401\scientific_inventory.json,6098fb62152a4601b1770ccedb9febac26d882e3abc20b398922266a1a386fe2,c406564a9ff760911686f6753056ce125d1062ab1eb3c85e753eb2f67e5b6e4d,33817bc0659497f0b177f0d542b9377b35c573915556e6bc8b90226aea50752f,22fe74c6432b2a14e382f90445454c5815a41987f708f1c3db325da059acb78d,5,7,35,1153.5572088529802,80.79831182869404,0.16915035758402594,0.20872993448067295,14,3,3,20,0.30101428476731562,1,0.51428571428571423
D080,402,D080-R02,80,R02,2,train,fc13a33a0a1af435189990e54b6c68efa56bbc207c0cae6e27e12bf031605930,C:\Users\johns\satnet-stage-a-production-generate-v1-activation-20260730-production\run_402\result.json,6a1612004a73fb96eca1bb5aac8b7b1b00b5f0f08700752b1a5f47856acedcdc,C:\Users\johns\satnet-stage-a-production-generate-v1-activation-20260730-production\run_402\scientific_inventory.json,1c97d0d3fda96803a4b871ed8142ce937940d26d9e5e3b4b9e93ed6bb31f9953,c406564a9ff760911686f6753056ce125d1062ab1eb3c85e753eb2f67e5b6e4d,9d3ecb64881f1dc5f589b047900b2a6ce35f5c42fa05d9bef3e10dab78e80e7e,b57470135e55a25ec5db21e9791ae764dd8afc5334d94f1ff7640940aa472729,5,7,35,1153.5572088529802,80.79831182869404,0.16915035758402594,0.20872993448067295,14,3,3,20,0.30101428476731562,1,0.91428571428571426
D080,403,D080-R03,80,R03,3,train,fc13a33a0a1af435189990e54b6c68efa56bbc207c0cae6e27e12bf031605930,C:\Users\johns\satnet-stage-a-production-generate-v1-activation-20260730-production\run_403\result.json,62bf585e17f42c5b481428539538f8a129cdc2c6e70674330ec67fcf6c535747,C:\Users\johns\satnet-stage-a-production-generate-v1-activation-20260730-production\run_403\scientific_inventory.json,4f43374a6aa6b1bafec12c59de63f68b0b13717bf1f3b992fff5d9f789509c2a,c406564a9ff760911686f6753056ce125d1062ab1eb3c85e753eb2f67e5b6e4d,f75fc6369a616e8df431218cf2c0e83183b1c53f4c60d8bf94ad8d6c20e6eee3,410f9f7b759e759507e1872092d7d05a60badc854f1ca85531247930f386c05e,5,7,35,1153.5572088529802,80.79831182869404,0.16915035758402594,0.20872993448067295,14,3,3,20,0.30101428476731562,1,0.7142857142857143
D080,404,D080-R04,80,R04,4,train,fc13a33a0a1af435189990e54b6c68efa56bbc207c0cae6e27e12bf031605930,C:\Users\johns\satnet-stage-a-production-generate-v1-activation-20260730-production\run_404\result.json,3e4cd270df4e272ffd0b526280a62abaa209fe0acc1917e6d8641ac77b0fb133,C:\Users\johns\satnet-stage-a-production-generate-v1-activation-20260730-production\run_404\scientific_inventory.json,b5067445ebfd6819af78eed92103ecc0468b0d2d4b83aee07a4bda33ad9303b1,c406564a9ff760911686f6753056ce125d1062ab1eb3c85e753eb2f67e5b6e4d,2012d35015785a7fdd6f480ef5cab685b5f643d40c411b8bc40dc9f35f33f6c4,cc0bdf2a516034fc590364678aee6bb6f136ce510a06857fc9c467aac643e325,5,7,35,1153.5572088529802,80.79831182869404,0.16915035758402594,0.20872993448067295,14,3,3,20,0.30101428476731562,1,0.82857142857142863
D083,415,D083-R00,83,R00,0,train,fc13a33a0a1af435189990e54b6c68efa56bbc207c0cae6e27e12bf031605930,C:\Users\johns\satnet-stage-a-production-generate-v1-activation-20260730-production\run_415\result.json,831a89a5fa4d3833f27e6373e45f4fcd44b197abeabca7746ffc094bd93172d8,C:\Users\johns\satnet-stage-a-production-generate-v1-activation-20260730-production\run_415\scientific_inventory.json,32cccc00ba09b21c7851ed54b1f14d3fa6b37df5e2665d142b001c10971e5db4,735fc6ed49525c13a188d39833de41d864bfa299d7672665aefda27961092349,96f706dbe03ef331fda6cb711268e58127050546b8ca2bf3233a072fa27d487e,794b32cabf0209cf624202f3259e7e75d3af3b9e8e676828e8668e448cccfdb8,6,7,42,1088.1987013846178,51.87605945930386,0.11440799664962892,0.20652303270344105,4,22,4,30,0.16148106594510189,1,0.73809523809523814
D083,416,D083-R01,83,R01,1,train,fc13a33a0a1af435189990e54b6c68efa56bbc207c0cae6e27e12bf031605930,C:\Users\johns\satnet-stage-a-production-generate-v1-activation-20260730-production\run_416\result.json,12afc836f0911e14da0d7fc09d12962e85312b27315f1d8a150cac3ef517a62b,C:\Users\johns\satnet-stage-a-production-generate-v1-activation-20260730-production\run_416\scientific_inventory.json,d61508fce844a7e68de36bd1c664decd607a5239262cb8b6e8cf047406adedcd,735fc6ed49525c13a188d39833de41d864bfa299d7672665aefda27961092349,54504e88ea6335c9f299d8a3e325aebc406fcf2de4c76596f3df1cca9063f433,ee6edde885f90d3bfe83f0efe8ae432afd67c1ffe631ece4317be84112dff355,6,7,42,1088.1987013846178,51.87605945930386,0.11440799664962892,0.20652303270344105,4,22,4,30,0.16148106594510189,1,0.88095238095238093
D083,417,D083-R02,83,R02,2,train,fc13a33a0a1af435189990e54b6c68efa56bbc207c0cae6e27e12bf031605930,C:\Users\johns\satnet-stage-a-production-generate-v1-activation-20260730-production\run_417\result.json,7b750c5ee22ffcfc159684a9b71d10e83fcb85faffb64eedf4c75dd3871a5a29,C:\Users\johns\satnet-stage-a-production-generate-v1-activation-20260730-production\run_417\scientific_inventory.json,6bcee6c13c16723bae6892a6ef4b149831c2c2008fec4fe777c7a04bffb3f5da,735fc6ed49525c13a188d39833de41d864bfa299d7672665aefda27961092349,093bd877e55f4c3f4125fae6af94c787955cc4461b948b710c69df976d5a023d,bdca6bf49ecc123b7cde8f142dd91b401a07e7e6bbe44aab0c4dd915ca40c712,6,7,42,1088.1987013846178,51.87605945930386,0.11440799664962892,0.20652303270344105,4,22,4,30,0.16148106594510189,1,0.73809523809523814
D083,418,D083-R03,83,R03,3,train,fc13a33a0a1af435189990e54b6c68efa56bbc207c0cae6e27e12bf031605930,C:\Users\johns\satnet-stage-a-production-generate-v1-activation-20260730-production\run_418\result.json,fbfa8a17082a29b7111a8a64943da22df0e537a29b8779f7abb89a36e0c6be79,C:\Users\johns\satnet-stage-a-production-generate-v1-activation-20260730-production\run_418\scientific_inventory.json,5315cec39e8fd84837100118ecfa6db1efc005432b1aaaa6b44af96c1c29d492,735fc6ed49525c13a188d39833de41d864bfa299d7672665aefda27961092349,fb1d864745f648456ae9648e44a3a991827b5e1c456cfef110c2f8b7bf10cc70,a8258deff483d15d812498da45a34d7913aeb35457caade549ef806879abfae3,6,7,42,1088.1987013846178,51.87605945930386,0.11440799664962892,0.20652303270344105,4,22,4,30,0.16148106594510189,1,0.9285714285714286
D083,419,D083-R04,83,R04,4,train,fc13a33a0a1af435189990e54b6c68efa56bbc207c0cae6e27e12bf031605930,C:\Users\johns\satnet-stage-a-production-generate-v1-activation-20260730-production\run_419\result.json,70cf9a06f96e097b12deccce083d807567583902b826cfcc244c8a6211c2cc69,C:\Users\johns\satnet-stage-a-production-generate-v1-activation-20260730-production\run_419\scientific_inventory.json,49d1e3154ca55bafc08b4a95fa788700e2634db59bf90c7ec082ecef60323a8f,735fc6ed49525c13a188d39833de41d864bfa299d7672665aefda27961092349,ce2513a2f171c06176167ecf3a4ec8625c00e768960057b889ec8213996ceb96,7bc069eb26c9dfa9e0ed85390848b17196713630a6a8f594da72f5f0ac36f2fa,6,7,42,1088.1987013846178,51.87605945930386,0.11440799664962892,0.20652303270344105,4,22,4,30,0.16148106594510189,1,0.8571428571428571
D084,420,D084-R00,84,R00,0,train,fc13a33a0a1af435189990e54b6c68efa56bbc207c0cae6e27e12bf031605930,C:\Users\johns\satnet-stage-a-production-generate-v1-activation-20260730-production\run_420\result.json,82b7340e75418c4403d832cf060f9039850392b60c8ae61602fbc13b4021da23,C:\Users\johns\satnet-stage-a-production-generate-v1-activation-20260730-production\run_420\scientific_inventory.json,61b95540cc207f80229801df5fd5bff499add3a67f24f4ce04106180c745ae37,5812344cca0e8d1ad6def7654a275ff738c5958dfb40af2c6f53bebc154f376a,b41a9ada8b7ee3943467213b0f0032397ebe547bbf5a11d876bdbd595973dd4b,f21ef5449002b6e7636b773206e6c3b3aeff5e9058c2132ae1c63af44fa3e7c2,5,7,35,921.26772977805592,97.392089030031755,0.089280933791275691,0.1332873092146179,7,2,6,15,0.30871619750206269,1,0.88571428571428568
D084,421,D084-R01,84,R01,1,train,fc13a33a0a1af435189990e54b6c68efa56bbc207c0cae6e27e12bf031605930,C:\Users\johns\satnet-stage-a-production-generate-v1-activation-20260730-production\run_421\result.json,442e7bfa25105dda6f51427b032b5f41c758c795674e4a6e5b2659f932eb59a3,C:\Users\johns\satnet-stage-a-production-generate-v1-activation-20260730-production\run_421\scientific_inventory.json,9698e05b6d497fbff20273e74583beb80b0f66f22c1f0e4212962c5c32ed4dc6,5812344cca0e8d1ad6def7654a275ff738c5958dfb40af2c6f53bebc154f376a,891e91c18229b9bbb3573a1ab2e5959a89a080df67839519286260c754ec8538,3a6d7800d68705ec5fefaa635ac3a89c3ff3675881983d407ac0ae62a17400ac,5,7,35,921.26772977805592,97.392089030031755,0.089280933791275691,0.1332873092146179,7,2,6,15,0.30871619750206269,1,0.94285714285714284
D084,422,D084-R02,84,R02,2,train,fc13a33a0a1af435189990e54b6c68efa56bbc207c0cae6e27e12bf031605930,C:\Users\johns\satnet-stage-a-production-generate-v1-activation-20260730-production\run_422\result.json,6ec500b4953753559f1c6a1d54c0d56d2efa9cf8e2fac1804d4bfac5dc79d43d,C:\Users\johns\satnet-stage-a-production-generate-v1-activation-20260730-production\run_422\scientific_inventory.json,5d5b837aaddc7e619d479172192584040e63e35dc46f051f07c9a7fef40a9261,5812344cca0e8d1ad6def7654a275ff738c5958dfb40af2c6f53bebc154f376a,39022c60cb18835d33b5ca0fdbb3a670e72a4d53f67812bc61e295947bd950ff,104962ab4f46269c8a57753dbd33582f3d0a5a88d91d3a1200659f42969c5ad4,5,7,35,921.26772977805592,97.392089030031755,0.089280933791275691,0.1332873092146179,7,2,6,15,0.30871619750206269,1,0.91428571428571426
D084,423,D084-R03,84,R03,3,train,fc13a33a0a1af435189990e54b6c68efa56bbc207c0cae6e27e12bf031605930,C:\Users\johns\satnet-stage-a-production-generate-v1-activation-20260730-production\run_423\result.json,f38f4905c6ec43831cb3a2483c2e240f91b4f6ea1839573ede695808c75d4449,C:\Users\johns\satnet-stage-a-production-generate-v1-activation-20260730-production\run_423\scientific_inventory.json,ace2d380da3f060c1441d545ec92b3fdfb65a09ea76123b49ab9cd12d9f6563d,5812344cca0e8d1ad6def7654a275ff738c5958dfb40af2c6f53bebc154f376a,90a2a0864adf36ba0e60d0a6f9de41d4a5d6519ecc6a81730a0ab439fee3bffb,9a3f3603f177244c1a575dacffd8322043d3042cb74581b2a71133bf72f1461b,5,7,35,921.26772977805592,97.392089030031755,0.089280933791275691,0.1332873092146179,7,2,6,15,0.30871619750206269,1,0.8571428571428571
D084,424,D084-R04,84,R04,4,train,fc13a33a0a1af435189990e54b6c68efa56bbc207c0cae6e27e12bf031605930,C:\Users\johns\satnet-stage-a-production-generate-v1-activation-20260730-production\run_424\result.json,03ba9bd4a32da9ee1bf0fcf91ee184a1044521ff5e98c91a5d509fa161913208,C:\Users\johns\satnet-stage-a-production-generate-v1-activation-20260730-production\run_424\scientific_inventory.json,526b3ca5e6f02db22d153bc50e9ddfb45151d8a85a158f1438d7df8d2ca6c2ff,5812344cca0e8d1ad6def7654a275ff738c5958dfb40af2c6f53bebc154f376a,d143cd0c2c08a096507c02b858d7a9133b5b2df8b338f4f46cc869a353fa444c,13781930ec4e20583853e30371b4795caa4c97fa8a4bae618c080ba816f6f91c,5,7,35,921.26772977805592,97.392089030031755,0.089280933791275691,0.1332873092146179,7,2,6,15,0.30871619750206269,1,0.82857142857142863
D085,425,D085-R00,85,R00,0,train,fc13a33a0a1af435189990e54b6c68efa56bbc207c0cae6e27e12bf031605930,C:\Users\johns\satnet-stage-a-production-generate-v1-activation-20260730-production\run_425\result.json,52a514d66bbb65b411bf20a4283f62e12056c0f48abb8644e50ab518e8ad52cf,C:\Users\johns\satnet-stage-a-production-generate-v1-activation-20260730-production\run_425\scientific_inventory.json,02ada3184c09f6ec7f02d58cb9ec091dbf0bc847236b8dbb057051a91f340e8f,881838881a26e7e6ef4ce0d31d391dcdff2af5bf0366617a0a9ef8f8c67df425,897674651bd61725ee0f58b63fb9db6e4ef49ee6b8c1d211a5d66d2bf547309b,662f66787f20a209b8eab294ac944154be84b0ed8b596902e6c45eb287769953,5,6,30,1199.2116686599788,94.334887654207989,0.17703859669995797,0.004328381231072289,2,3,1,6,0.18731675406384704,1,0.76666666666666672
D085,426,D085-R01,85,R01,1,train,fc13a33a0a1af435189990e54b6c68efa56bbc207c0cae6e27e12bf031605930,C:\Users\johns\satnet-stage-a-production-generate-v1-activation-20260730-production\run_426\result.json,1808a9d8f9ae5959c64f6ce5c313fddaaf39029f437aa49b3a39ac7baaf27b2c,C:\Users\johns\satnet-stage-a-production-generate-v1-activation-20260730-production\run_426\scientific_inventory.json,f11400fff1765936d89a8d531c912df4653d9b89602a26cb7dce0dea1e08e096,881838881a26e7e6ef4ce0d31d391dcdff2af5bf0366617a0a9ef8f8c67df425,334b5f871d85d462294e530722b89038fe9320cb11d95adb466f2108201607a0,a50b0b50f5cec9d0f00473086d60f822cbcc9d423ff14ae6d194003a13470f02,5,6,30,1199.2116686599788,94.334887654207989,0.17703859669995797,0.004328381231072289,2,3,1,6,0.18731675406384704,1,0.8666666666666667
D085,427,D085-R02,85,R02,2,train,fc13a33a0a1af435189990e54b6c68efa56bbc207c0cae6e27e12bf031605930,C:\Users\johns\satnet-stage-a-production-generate-v1-activation-20260730-production\run_427\result.json,58265101eba7daeab7e4bc378e1774474ab28d5eb64c2e5b3872c183f3e0e8c7,C:\Users\johns\satnet-stage-a-production-generate-v1-activation-20260730-production\run_427\scientific_inventory.json,bfd7598098fa915ef647b247b6265b1fdc3068eb59f672fb434b4e72abce8fe8,881838881a26e7e6ef4ce0d31d391dcdff2af5bf0366617a0a9ef8f8c67df425,c139efc19cabd4d2ba5e5645555221a3015e50b10198c6a98c49a0a281d40743,f5ecba0dc023ba0b357b5f5ff5134a037d57ebb3bddaef9c131aaea8ef7d4271,5,6,30,1199.2116686599788,94.334887654207989,0.17703859669995797,0.004328381231072289,2,3,1,6,0.18731675406384704,1,0.93333333333333335
D085,428,D085-R03,85,R03,3,train,fc13a33a0a1af435189990e54b6c68efa56bbc207c0cae6e27e12bf031605930,C:\Users\johns\satnet-stage-a-production-generate-v1-activation-20260730-production\run_428\result.json,6f72674c39595897e06f1c5e6963ebdd695e9489b335d5fc69d4cbb55acde979,C:\Users\johns\satnet-stage-a-production-generate-v1-activation-20260730-production\run_428\scientific_inventory.json,3af237ed96fa08b2b99f274f2927a89425bc1860cbe5048d8160e67f32b6209b,881838881a26e7e6ef4ce0d31d391dcdff2af5bf0366617a0a9ef8f8c67df425,23632af37ef49c8af84e8e7f2a0bad43b6e9258fc59f0a8f80314f5b0ca82610,1827ec9cdaf1d2ee88f91020e76ed55f199e5334c79f84eb6503fc1be9c7a49f,5,6,30,1199.2116686599788,94.334887654207989,0.17703859669995797,0.004328381231072289,2,3,1,6,0.18731675406384704,1,0.59999999999999998
D085,429,D085-R04,85,R04,4,train,fc13a33a0a1af435189990e54b6c68efa56bbc207c0cae6e27e12bf031605930,C:\Users\johns\satnet-stage-a-production-generate-v1-activation-20260730-production\run_429\result.json,d450866d85c3fa4821eedde85e0a77b85d6a5a88a42d2e002d2db33ee4e06a74,C:\Users\johns\satnet-stage-a-production-generate-v1-activation-20260730-production\run_429\scientific_inventory.json,a9fac5e569ca2a5856e5d72dfe7b95f35890ab12ecd94f69ffa9e669ba02cc41,881838881a26e7e6ef4ce0d31d391dcdff2af5bf0366617a0a9ef8f8c67df425,2c72aeddd97e0ef2a52ee70a64493b8e9ac9b3cbc983174a454e8f12ed7ab5ad,9d9838a62c5e4b93e98c16e97d5e820de123338048d7c021274d401e3da532c1,5,6,30,1199.2116686599788,94.334887654207989,0.17703859669995797,0.004328381231072289,2,3,1,6,0.18731675406384704,1,0.83333333333333337
D086,430,D086-R00,86,R00,0,train,fc13a33a0a1af435189990e54b6c68efa56bbc207c0cae6e27e12bf031605930,C:\Users\johns\satnet-stage-a-production-generate-v1-activation-20260730-production\run_430\result.json,da473a960d3de69e6b6389d7a353b775b049846d8d1403708fe914a67c5f1950,C:\Users\johns\satnet-stage-a-production-generate-v1-activation-20260730-production\run_430\scientific_inventory.json,7f6c3a589e44901c1f7dc82debc832512f32426d7577175383eab5fbcc1e97b6,b2987e7e11d79204a281c11ec01edfd4f5f064081df2be0cfd8bf65a6c8801ba,6101d80738011bad369359307c744ac0a5596fce01fae0d69750c67f3066d912,53812618882c45ea58a217c7c6e60406128354827cede38f5dd6998e74f25475,4,8,32,1032.9421006699845,57.8252052544061,0.083697599231808806,0.14091919445689824,11,29,10,50,0.34775145930869916,1,0.71875
D086,431,D086-R01,86,R01,1,train,fc13a33a0a1af435189990e54b6c68efa56bbc207c0cae6e27e12bf031605930,C:\Users\johns\satnet-stage-a-production-generate-v1-activation-20260730-production\run_431\result.json,0944dba77caf56fd11ddd36eaea7c66289ed974c64b58670500c4faaf495760c,C:\Users\johns\satnet-stage-a-production-generate-v1-activation-20260730-production\run_431\scientific_inventory.json,4c6b2026e33a8897af96c8d6bb34763aa340a7c5752f52254ce01d5bc730ed90,b2987e7e11d79204a281c11ec01edfd4f5f064081df2be0cfd8bf65a6c8801ba,dbfbada9b5e2177b0e8c77b81bab091173ac9cc36a7675595f1f026aa22a7308,63d90c09f2adbf86d9d59e1201dd0eb89749f7cddde3974eed7996a17c8ed78d,4,8,32,1032.9421006699845,57.8252052544061,0.083697599231808806,0.14091919445689824,11,29,10,50,0.34775145930869916,1,0.75
D086,432,D086-R02,86,R02,2,train,fc13a33a0a1af435189990e54b6c68efa56bbc207c0cae6e27e12bf031605930,C:\Users\johns\satnet-stage-a-production-generate-v1-activation-20260730-production\run_432\result.json,db7b30f0c0ebe102af34f645988f632c9a08a0bd7323ccc491b0aadc0a29a92b,C:\Users\johns\satnet-stage-a-production-generate-v1-activation-20260730-production\run_432\scientific_inventory.json,433d5abec4d00f2d3588b01b9cd904acbde0bf66ec7d3be5e97698456a07808f,b2987e7e11d79204a281c11ec01edfd4f5f064081df2be0cfd8bf65a6c8801ba,92d0dee8cd2bdd9f80ebed53461c6e9e2e50d1e487612c6266ba962fb33810a6,21c656ad112ee0306a51c0e9eba2f1c7e13887e4d91eb4ead7384a4dd54b6fe6,4,8,32,1032.9421006699845,57.8252052544061,0.083697599231808806,0.14091919445689824,11,29,10,50,0.34775145930869916,1,0.84375
D086,433,D086-R03,86,R03,3,train,fc13a33a0a1af435189990e54b6c68efa56bbc207c0cae6e27e12bf031605930,C:\Users\johns\satnet-stage-a-production-generate-v1-activation-20260730-production\run_433\result.json,6bfce6a28c7998319e9732cfea9b2cdbca42c66318adc9e3de7cafb05dd90dc5,C:\Users\johns\satnet-stage-a-production-generate-v1-activation-20260730-production\run_433\scientific_inventory.json,5bce28ce4ee676b15691ce1e64fe946d146d6091e2f2df5372ece2dae5f0cc92,b2987e7e11d79204a281c11ec01edfd4f5f064081df2be0cfd8bf65a6c8801ba,bbd692da67c2e4f5fedb91c0fda965911f23ccfeb2865ae26c93a9bf7183fab5,2253a27ebda30dbfd24dc6728f471e917b99e2d101842c50bae73555e2fa1276,4,8,32,1032.9421006699845,57.8252052544061,0.083697599231808806,0.14091919445689824,11,29,10,50,0.34775145930869916,1,0.75
D086,434,D086-R04,86,R04,4,train,fc13a33a0a1af435189990e54b6c68efa56bbc207c0cae6e27e12bf031605930,C:\Users\johns\satnet-stage-a-production-generate-v1-activation-20260730-production\run_434\result.json,045a900b3e12d6544f90cf5f51a3c107d335267b693ad2b7b68bc8fad530375f,C:\Users\johns\satnet-stage-a-production-generate-v1-activation-20260730-production\run_434\scientific_inventory.json,9cc6a34a132d4804fc09a14fcc24476b389143ee5295dc6eda20e34feed8d3f5,b2987e7e11d79204a281c11ec01edfd4f5f064081df2be0cfd8bf65a6c8801ba,b26ef41cfc115b9e282231ea5cad24d31080de79a0f1dc2358e4163d77559a24,892f958147b98c5db4aa3bd80c484a3a354b39a036dbd8dbc07a626545c47712,4,8,32,1032.9421006699845,57.8252052544061,0.083697599231808806,0.14091919445689824,11,29,10,50,0.34775145930869916,1,0.90625
D088,440,D088-R00,88,R00,0,train,fc13a33a0a1af435189990e54b6c68efa56bbc207c0cae6e27e12bf031605930,C:\Users\johns\satnet-stage-a-production-generate-v1-activation-20260730-production\run_440\result.json,ea6534346889761fa3bcb68eed36a8b3c76ef15eb5ca88b96cdfb1686f13d761,C:\Users\johns\satnet-stage-a-production-generate-v1-activation-20260730-production\run_440\scientific_inventory.json,d4ad0b54668e7fdd0a940df6ae93897e061d0f4416e0497e517535158150f8c2,84db7088de553e25a42fd27fe77237731a4fc3b7a0e9b3b647066a3b51fb3e34,829004f7329eb94eacee3330e095f1130387d5a07a2ffa06681a1257043210f1,a997863a4f2b446e69ca7f7ffef765afec5c8d3be5013f892bca51d76853e54a,6,6,36,632.82099833712732,68.677959685870363,0.075754287481271776,0.22958384362507819,6,6,38,50,0.27374749142882504,1,0.1388888888888889
D088,441,D088-R01,88,R01,1,train,fc13a33a0a1af435189990e54b6c68efa56bbc207c0cae6e27e12bf031605930,C:\Users\johns\satnet-stage-a-production-generate-v1-activation-20260730-production\run_441\result.json,e6e6c2e983800f69906704254f68b995b30d8d8f2cdb8cdb69f2a780d4c2391c,C:\Users\johns\satnet-stage-a-production-generate-v1-activation-20260730-production\run_441\scientific_inventory.json,071ac022bd6c80fc1bc257c5c8d7709ac6309380752790125c493227f0c8d21c,84db7088de553e25a42fd27fe77237731a4fc3b7a0e9b3b647066a3b51fb3e34,3f6e3df613ecb2436fcf40b4ec7f775d41c85c7174315cffef6c48b6c9bd8a0f,e4c7b6fd88ea3e0572f05f0938c6641b3157377a3ffc683d164b56cac954fd02,6,6,36,632.82099833712732,68.677959685870363,0.075754287481271776,0.22958384362507819,6,6,38,50,0.27374749142882504,1,0.1111111111111111
D088,442,D088-R02,88,R02,2,train,fc13a33a0a1af435189990e54b6c68efa56bbc207c0cae6e27e12bf031605930,C:\Users\johns\satnet-stage-a-production-generate-v1-activation-20260730-production\run_442\result.json,0577efc685af7501ef6b77d1ceefe1cdfda09a5b53cdf2c8851eda2823037aab,C:\Users\johns\satnet-stage-a-production-generate-v1-activation-20260730-production\run_442\scientific_inventory.json,9937bf7c3198b4d5e5d2781a70ce3c309e236ce9136ba119a16d27228e1b9f1e,84db7088de553e25a42fd27fe77237731a4fc3b7a0e9b3b647066a3b51fb3e34,0b25537ff667fd93774ea0c159609d4cd1eb9adea1e1f767357acebcc5beefcf,d09cdf10f1da5624b8709868d413a978d5368c8e58ad6115b182d7a50d0380fd,6,6,36,632.82099833712732,68.677959685870363,0.075754287481271776,0.22958384362507819,6,6,38,50,0.27374749142882504,1,0.1111111111111111
D088,443,D088-R03,88,R03,3,train,fc13a33a0a1af435189990e54b6c68efa56bbc207c0cae6e27e12bf031605930,C:\Users\johns\satnet-stage-a-production-generate-v1-activation-20260730-production\run_443\result.json,94769795b967c90bda17780b5aade931f41645c5a94c7377084fd8707fcfe84d,C:\Users\johns\satnet-stage-a-production-generate-v1-activation-20260730-production\run_443\scientific_inventory.json,8f7abbc353655c95908ecf31ecb9a7e0829c9e96034dcb605e10fb261b949998,84db7088de553e25a42fd27fe77237731a4fc3b7a0e9b3b647066a3b51fb3e34,d5a568041f65b1f3eab00317fd8a2f2158f70f0e94874de59eb21fcf148c0fb0,f87e7d3c125f7dd19d1d34a96b16abb9f7a9500a1eacf4d481334cea6484496d,6,6,36,632.82099833712732,68.677959685870363,0.075754287481271776,0.22958384362507819,6,6,38,50,0.27374749142882504,1,0.083333333333333329
D088,444,D088-R04,88,R04,4,train,fc13a33a0a1af435189990e54b6c68efa56bbc207c0cae6e27e12bf031605930,C:\Users\johns\satnet-stage-a-production-generate-v1-activation-20260730-production\run_444\result.json,c88e5dc153ceacefb8a65d19c8a5acd540637ba3912e5c036732ced7fbdc7a5f,C:\Users\johns\satnet-stage-a-production-generate-v1-activation-20260730-production\run_444\scientific_inventory.json,2b5fd9939743ddb80decbc558c6bdd4c62f06190f7d246457a9207ea1af7f7bc,84db7088de553e25a42fd27fe77237731a4fc3b7a0e9b3b647066a3b51fb3e34,07a3145392b94b4392d72c73bdfdc28f980c5cfcd5fc01c7111aaf390f8ef1e5,c94aa8fa8972ea3ea6d2fe468187a8e8b031702f563d6733454c9071199e197a,6,6,36,632.82099833712732,68.677959685870363,0.075754287481271776,0.22958384362507819,6,6,38,50,0.27374749142882504,1,0.083333333333333329
D089,445,D089-R00,89,R00,0,train,fc13a33a0a1af435189990e54b6c68efa56bbc207c0cae6e27e12bf031605930,C:\Users\johns\satnet-stage-a-production-generate-v1-activation-20260730-production\run_445\result.json,0727b3b9721b6998604a864bb5990c01dfc844fde20b25499a31161186880bc8,C:\Users\johns\satnet-stage-a-production-generate-v1-activation-20260730-production\run_445\scientific_inventory.json,c9b0d905f0c03a14e5f8686e8401602820942e413cc40538ea0fc246e862f959,2339687c555a851be4e93f38a3d7eac9bbd0dc372f19ef56c547e5e797217ab8,2d6c74310ec68be466f7497595b1286e3307b3c49b8bc27807fae3dc84fa743f,90ebf55e5c389d5e8520bfffd62612c3864a1e2298242c4b5c6bf47c814c37c2,4,8,32,515.95713262996435,61.660782339305683,0.068947666112744443,0.10154380526626236,17,17,16,50,0.39669173967595356,1,0.0625
D089,446,D089-R01,89,R01,1,train,fc13a33a0a1af435189990e54b6c68efa56bbc207c0cae6e27e12bf031605930,C:\Users\johns\satnet-stage-a-production-generate-v1-activation-20260730-production\run_446\result.json,0b6fb0b7921d6bdcd6f513b163849b03b4153cdd84449b40e2d0d7c79333d261,C:\Users\johns\satnet-stage-a-production-generate-v1-activation-20260730-production\run_446\scientific_inventory.json,0dff7af12d039772017f30aa39965c9758241f452c6d840e0d2a77ded54917e0,2339687c555a851be4e93f38a3d7eac9bbd0dc372f19ef56c547e5e797217ab8,00fdb746fb58146462530646fa11be92b1a45395fc44e38209a90a507f4946b4,9e9a45f54bce575b685b43eb7cf97a831ce213df63a49dc554e47ead01324905,4,8,32,515.95713262996435,61.660782339305683,0.068947666112744443,0.10154380526626236,17,17,16,50,0.39669173967595356,1,0.0625
D089,447,D089-R02,89,R02,2,train,fc13a33a0a1af435189990e54b6c68efa56bbc207c0cae6e27e12bf031605930,C:\Users\johns\satnet-stage-a-production-generate-v1-activation-20260730-production\run_447\result.json,344902e2a5e46e6cf6210e78457351049f76541bafeb8e822b8f2ab65ef1fc38,C:\Users\johns\satnet-stage-a-production-generate-v1-activation-20260730-production\run_447\scientific_inventory.json,ef03986d43db6a14ae55d7f26b5ef10a9587bd8a5eaa57c5263d072ef6069db8,2339687c555a851be4e93f38a3d7eac9bbd0dc372f19ef56c547e5e797217ab8,5e64f73990e0cb07fa0593a487979526b20a24fcd1cad7be648d0332c648300a,e48763f711a5eee14d912562f9dcc97ac062cc952b3f80e25976ff95d5750ff8,4,8,32,515.95713262996435,61.660782339305683,0.068947666112744443,0.10154380526626236,17,17,16,50,0.39669173967595356,1,0.0625
D089,448,D089-R03,89,R03,3,train,fc13a33a0a1af435189990e54b6c68efa56bbc207c0cae6e27e12bf031605930,C:\Users\johns\satnet-stage-a-production-generate-v1-activation-20260730-production\run_448\result.json,be006c13b0f18a8f3c4d9fdaef274add6a4e890bf3aa155d1e09b44e2c1e526e,C:\Users\johns\satnet-stage-a-production-generate-v1-activation-20260730-production\run_448\scientific_inventory.json,998bfb8af7fe7e7d31fd2944421f5d5026f0c892f70fa53e880b05fbb5a9c877,2339687c555a851be4e93f38a3d7eac9bbd0dc372f19ef56c547e5e797217ab8,4ef42113311f3bdac0868ff156635c89e3b90c41fdb82618038a838641f91ea0,1da2902597b957f89193ecf58a8f1973ebda2f0b07bda4ebc76e622aab87c536,4,8,32,515.95713262996435,61.660782339305683,0.068947666112744443,0.10154380526626236,17,17,16,50,0.39669173967595356,1,0.0625
D089,449,D089-R04,89,R04,4,train,fc13a33a0a1af435189990e54b6c68efa56bbc207c0cae6e27e12bf031605930,C:\Users\johns\satnet-stage-a-production-generate-v1-activation-20260730-production\run_449\result.json,bb513619b982b689d4c18cd7b50edb70b85b61797f5782b545c6e3d1df616026,C:\Users\johns\satnet-stage-a-production-generate-v1-activation-20260730-production\run_449\scientific_inventory.json,6334c3dfa4b959843b829f1fc57265f1f836ff452e697f3a3e7b98d70da17915,2339687c555a851be4e93f38a3d7eac9bbd0dc372f19ef56c547e5e797217ab8,7e7c9e3ae5ce593709edd84812e8f901ffe3249d58ad7fc9e3dc12099fe025d3,fee567741252b7510e939232dd6551d3512861e4ddea34db055e814e725c90be,4,8,32,515.95713262996435,61.660782339305683,0.068947666112744443,0.10154380526626236,17,17,16,50,0.39669173967595356,1,0.0625
D090,450,D090-R00,90,R00,0,train,fc13a33a0a1af435189990e54b6c68efa56bbc207c0cae6e27e12bf031605930,C:\Users\johns\satnet-stage-a-production-generate-v1-activation-20260730-production\run_450\result.json,ece7c11c632a30b15f9096e6828a7a3f9bc499b014452be9281fb9b540798ca2,C:\Users\johns\satnet-stage-a-production-generate-v1-activation-20260730-production\run_450\scientific_inventory.json,ae77d94e7beb43d05f38468c7080966bb8113fe4dd254724928b75bc596c82d9,423e2d96d3da1cf869f4339fc9de34ed05777532cc3badee9ac682918f862b5d,91c18e25ef16bf45f8a60df13c4367320e6fe88944000b4b812e919be1b4f30a,2f9c77fa9a08277d7360cbf222b0eb771f3c32b2063f9b67be0f3088c5082a17,4,5,20,1077.2964033113649,77.287522104570996,0.065116033242813731,0.069480712332972136,7,6,2,15,0.059319356777533763,1,0.20000000000000001
D090,451,D090-R01,90,R01,1,train,fc13a33a0a1af435189990e54b6c68efa56bbc207c0cae6e27e12bf031605930,C:\Users\johns\satnet-stage-a-production-generate-v1-activation-20260730-production\run_451\result.json,c5650b69ad4f10644edc0d2d0ed542a70d43ba126094d7198d1174f28c777d0e,C:\Users\johns\satnet-stage-a-production-generate-v1-activation-20260730-production\run_451\scientific_inventory.json,0836336c700d46e63aaa5fe32a464247ce220165cbd641d7830ff892baf274fc,423e2d96d3da1cf869f4339fc9de34ed05777532cc3badee9ac682918f862b5d,8b3a03ddbc2169652ceb0031fdc846e64dd4b5017eda90a5329f620b8b18dd3a,ee75b51b2d511a6b958a47e5cc823a3e6deea30b137d19c8451a08ecc51d3bf6,4,5,20,1077.2964033113649,77.287522104570996,0.065116033242813731,0.069480712332972136,7,6,2,15,0.059319356777533763,1,0.14999999999999999
D090,452,D090-R02,90,R02,2,train,fc13a33a0a1af435189990e54b6c68efa56bbc207c0cae6e27e12bf031605930,C:\Users\johns\satnet-stage-a-production-generate-v1-activation-20260730-production\run_452\result.json,1ec87b7f817038e2f7d4b2f87aa654dd7ce4919e846b3f807064c0b6c84a361e,C:\Users\johns\satnet-stage-a-production-generate-v1-activation-20260730-production\run_452\scientific_inventory.json,c22e433e8a4ce140f5e69f6fa2de1216083b954f50b792fe5a632332579bcf42,423e2d96d3da1cf869f4339fc9de34ed05777532cc3badee9ac682918f862b5d,ecd2284bf4af0968b606668c9b056a50cdee09091ba1c81d5cbd12d72ab7b603,8dc8952be78778876eb81955216307558e0c2ff82b3dc9c47d31c7d5b501de7e,4,5,20,1077.2964033113649,77.287522104570996,0.065116033242813731,0.069480712332972136,7,6,2,15,0.059319356777533763,1,0.20000000000000001
D090,453,D090-R03,90,R03,3,train,fc13a33a0a1af435189990e54b6c68efa56bbc207c0cae6e27e12bf031605930,C:\Users\johns\satnet-stage-a-production-generate-v1-activation-20260730-production\run_453\result.json,29326552f908e675dc186159008ed36e2b04660865ba1ed75f02ed95e362fb7e,C:\Users\johns\satnet-stage-a-production-generate-v1-activation-20260730-production\run_453\scientific_inventory.json,c1eb9afbed238af1ae1ed1fd43f916ff96598459c0df3b7d1f162b80c376c09e,423e2d96d3da1cf869f4339fc9de34ed05777532cc3badee9ac682918f862b5d,f34d492bfd4a9fb9cf5cab495abb88b4827a547cc05d95eb56068cbca1b29feb,771c616e67b0997c8a2422e32454a7e5ff09bbf737e511a237a92d759a25effa,4,5,20,1077.2964033113649,77.287522104570996,0.065116033242813731,0.069480712332972136,7,6,2,15,0.059319356777533763,1,0.20000000000000001
D090,454,D090-R04,90,R04,4,train,fc13a33a0a1af435189990e54b6c68efa56bbc207c0cae6e27e12bf031605930,C:\Users\johns\satnet-stage-a-production-generate-v1-activation-20260730-production\run_454\result.json,f8fe43df8f85b26331b9e831349ca7e5479f2daedb36702b0998bf22078edbb0,C:\Users\johns\satnet-stage-a-production-generate-v1-activation-20260730-production\run_454\scientific_inventory.json,591151b92a934f20a1a1f4ad4cb1c96ad17bbba49c3dbb237d5d99befe68413b,423e2d96d3da1cf869f4339fc9de34ed05777532cc3badee9ac682918f862b5d,ecaeb5439e5e91671a9c7aa5a96817f39838e24f9e9079bbec05788c0c1e9312,ec4f6daa190666ec43b47c237b19e2160360638cdf328ce7a6d7e83f0222123f,4,5,20,1077.2964033113649,77.287522104570996,0.065116033242813731,0.069480712332972136,7,6,2,15,0.059319356777533763,1,0.20000000000000001
D091,455,D091-R00,91,R00,0,train,fc13a33a0a1af435189990e54b6c68efa56bbc207c0cae6e27e12bf031605930,C:\Users\johns\satnet-stage-a-production-generate-v1-activation-20260730-production\run_455\result.json,78c0350cbd77f833f3490059154e3901cf1ffe30b0c766115a56e70c8ff0db36,C:\Users\johns\satnet-stage-a-production-generate-v1-activation-20260730-production\run_455\scientific_inventory.json,c8ccf705af8f73f487fd5cd8505deb554c7ead9a77d569e1165f4c8d3d6805d2,552e9f285bc07b3879332f7dd354f0fdd8284215aaae9a768f9a9eeeba6acdbe,d96dffc3b5b9ee213fc98431b6940ec98538b3ce294b41a0c4b244d471fe1dc8,6c3108ebf38842a3003cf81a03be9f18a908c6abcc8162fe30f43738e6eccb3e,5,8,40,730.50379766424339,75.417631867872899,0.1958579181766272,0.12546829060317,4,3,8,15,0.21212285657695651,1,0.67500000000000004
D091,456,D091-R01,91,R01,1,train,fc13a33a0a1af435189990e54b6c68efa56bbc207c0cae6e27e12bf031605930,C:\Users\johns\satnet-stage-a-production-generate-v1-activation-20260730-production\run_456\result.json,dcf418b389d5f9029eac97318d0c78ba54337f9853d55bff55b56c827a125e5e,C:\Users\johns\satnet-stage-a-production-generate-v1-activation-20260730-production\run_456\scientific_inventory.json,5f7f5853af48f91523d59426cfc18a535bdf526c9a6bbe23f407d533df0fb994,552e9f285bc07b3879332f7dd354f0fdd8284215aaae9a768f9a9eeeba6acdbe,63d37cabeb4a77275ed87261f57332af8a828c8832261f54ab32f8ac6b1a0334,79a81572592bbe4900912e72e333e31c5c9fae9414800b45ddaeba10e0787c48,5,8,40,730.50379766424339,75.417631867872899,0.1958579181766272,0.12546829060317,4,3,8,15,0.21212285657695651,1,0.80000000000000004
D091,457,D091-R02,91,R02,2,train,fc13a33a0a1af435189990e54b6c68efa56bbc207c0cae6e27e12bf031605930,C:\Users\johns\satnet-stage-a-production-generate-v1-activation-20260730-production\run_457\result.json,caf1a94ce0490a42ef5c0f637cd13fffe18f3c549aeac889ceeee7f6d34165ab,C:\Users\johns\satnet-stage-a-production-generate-v1-activation-20260730-production\run_457\scientific_inventory.json,6cfcf3d04a4e35e24cf42be924aa9f26fcef626ac9fafb0e11e7f219d044c932,552e9f285bc07b3879332f7dd354f0fdd8284215aaae9a768f9a9eeeba6acdbe,834d512038b78d7de942ab0742deb595f6369a7e9605bf85ecab5e8186b2d56e,c45ccd34e087b1007178ded935a375f6e5971520349b84c19addd607c3b8e685,5,8,40,730.50379766424339,75.417631867872899,0.1958579181766272,0.12546829060317,4,3,8,15,0.21212285657695651,1,0.75
D091,458,D091-R03,91,R03,3,train,fc13a33a0a1af435189990e54b6c68efa56bbc207c0cae6e27e12bf031605930,C:\Users\johns\satnet-stage-a-production-generate-v1-activation-20260730-production\run_458\result.json,86580fa4a8475d61185394fac57edf332019a71383ed736c08874bb34bdb529c,C:\Users\johns\satnet-stage-a-production-generate-v1-activation-20260730-production\run_458\scientific_inventory.json,7a64c7519df416d9625acc55ac090157ecb4d0518bccde72445fba10779f9011,552e9f285bc07b3879332f7dd354f0fdd8284215aaae9a768f9a9eeeba6acdbe,22c7ecaa22bec9a0692020f984f55c9a30650c035168a55eefebbc48352fcd54,52329d061bf07a12a3f82bb4808a6cb41a52eabeac6d50999efece3a9ad7b857,5,8,40,730.50379766424339,75.417631867872899,0.1958579181766272,0.12546829060317,4,3,8,15,0.21212285657695651,1,0.65000000000000002
D091,459,D091-R04,91,R04,4,train,fc13a33a0a1af435189990e54b6c68efa56bbc207c0cae6e27e12bf031605930,C:\Users\johns\satnet-stage-a-production-generate-v1-activation-20260730-production\run_459\result.json,de3558c83226632f9dd4f129cebca712afa3388f535ac667189e7fbad95c18bd,C:\Users\johns\satnet-stage-a-production-generate-v1-activation-20260730-production\run_459\scientific_inventory.json,2656da89960c627132f73d569324709f3fb014d0f511d168e1a607029a6dfa0c,552e9f285bc07b3879332f7dd354f0fdd8284215aaae9a768f9a9eeeba6acdbe,6d46d6f5b85b66dfe037213b067c0d80c71e5220c241d0aa26ebfef4ef0984ab,ac96c703f4a4802e60680ca208f244cbdfc94aaf4d1f1feb04f4984892092418,5,8,40,730.50379766424339,75.417631867872899,0.1958579181766272,0.12546829060317,4,3,8,15,0.21212285657695651,1,0.42499999999999999
D092,460,D092-R00,92,R00,0,train,fc13a33a0a1af435189990e54b6c68efa56bbc207c0cae6e27e12bf031605930,C:\Users\johns\satnet-stage-a-production-generate-v1-activation-20260730-production\run_460\result.json,8273fe6d2d02fefcefb9ab96e728080e8ac46877e7bed7e9d74adc71c24112f7,C:\Users\johns\satnet-stage-a-production-generate-v1-activation-20260730-production\run_460\scientific_inventory.json,e86e348c35238b383b5b0e3e81c831ffd617cf434a81bc1900d238be5cbfdb82,05c14a64c0722d353342007a29392c26853a5ebe6af75cd3a56c595fda9ed1f9,ff2b599ffb3bbee641fe8ff19293c7bd248fc4411b5e0868b24101b811f33231,f858171d7130ea2f7da717684882f8ce07f5fc1843c7845bce2ecb9996a90327,5,6,30,690.90371775861445,62.5972760269944,0.045019918988645796,0.017776040466285711,3,14,3,20,0.23519208892185814,1,0.10000000000000001
D092,461,D092-R01,92,R01,1,train,fc13a33a0a1af435189990e54b6c68efa56bbc207c0cae6e27e12bf031605930,C:\Users\johns\satnet-stage-a-production-generate-v1-activation-20260730-production\run_461\result.json,7bd5a7ff107b31bb8c2e0dd73158697bf190ec2118189242c3838cab092b97ce,C:\Users\johns\satnet-stage-a-production-generate-v1-activation-20260730-production\run_461\scientific_inventory.json,6f38d5ae9c22761376a4577d6d3262dc603e47687c007b15a86223140140113b,05c14a64c0722d353342007a29392c26853a5ebe6af75cd3a56c595fda9ed1f9,bf302840469b8bb8bfd8e599f4d7215b3fb62b2052ff2db5fbbb819be4ae9efc,a2586f40fd58b5bb9192fdde6a2a59fc051b65c461a035831a53e1b7afe65c4f,5,6,30,690.90371775861445,62.5972760269944,0.045019918988645796,0.017776040466285711,3,14,3,20,0.23519208892185814,1,0.10000000000000001
D092,462,D092-R02,92,R02,2,train,fc13a33a0a1af435189990e54b6c68efa56bbc207c0cae6e27e12bf031605930,C:\Users\johns\satnet-stage-a-production-generate-v1-activation-20260730-production\run_462\result.json,082dc9d5bbbffd119e4eff630194e5daab34a0fc6636d4a9bd679ddf1f12dc04,C:\Users\johns\satnet-stage-a-production-generate-v1-activation-20260730-production\run_462\scientific_inventory.json,127e5024ee28e9f1ef8b03dfd94e9aded8cca1bd9566bd2f64d990acdc95dcfd,05c14a64c0722d353342007a29392c26853a5ebe6af75cd3a56c595fda9ed1f9,6a06f893f6b556ef76855a57787bd303b555576fc4222cf34e6dd159ad13d9c8,bcca602daddb92407736df96c2719d98a943b471c059d0bcbbc0c09c35d934ac,5,6,30,690.90371775861445,62.5972760269944,0.045019918988645796,0.017776040466285711,3,14,3,20,0.23519208892185814,1,0.10000000000000001
D092,463,D092-R03,92,R03,3,train,fc13a33a0a1af435189990e54b6c68efa56bbc207c0cae6e27e12bf031605930,C:\Users\johns\satnet-stage-a-production-generate-v1-activation-20260730-production\run_463\result.json,775320ff0b784d53f04aba1f339f3ee08799bd74b1ec255a5bbfdfbe4ea27d4b,C:\Users\johns\satnet-stage-a-production-generate-v1-activation-20260730-production\run_463\scientific_inventory.json,14208a2467389a2c154a023f084d6679b8831a0b1c1953e588bfde1116ccc8b6,05c14a64c0722d353342007a29392c26853a5ebe6af75cd3a56c595fda9ed1f9,57d97af6751d988257e043bea2616251d0eaa62657ce47ea0a498ab363a50fd1,255dd26f1929d5032016b5f192092e89825e41e28b9465e0d13279d83e04e891,5,6,30,690.90371775861445,62.5972760269944,0.045019918988645796,0.017776040466285711,3,14,3,20,0.23519208892185814,1,0.10000000000000001
D092,464,D092-R04,92,R04,4,train,fc13a33a0a1af435189990e54b6c68efa56bbc207c0cae6e27e12bf031605930,C:\Users\johns\satnet-stage-a-production-generate-v1-activation-20260730-production\run_464\result.json,357fd7cfa41b84edffa6761d1e483079acbc610468e6ab3d12d785985e82b541,C:\Users\johns\satnet-stage-a-production-generate-v1-activation-20260730-production\run_464\scientific_inventory.json,3b2fdc055569b0f604bcb08b7e60954dea0327888e799e4bf005e2be84a89263,05c14a64c0722d353342007a29392c26853a5ebe6af75cd3a56c595fda9ed1f9,1da5e02a085aabf1cb53ddaffa46116fcca54f3ac9c0a88026167eec036c319a,b23f4e0702d35ce88905ecdd7967587fa62f968b9faa08f571fd60f4f253002b,5,6,30,690.90371775861445,62.5972760269944,0.045019918988645796,0.017776040466285711,3,14,3,20,0.23519208892185814,1,0.10000000000000001
D094,470,D094-R00,94,R00,0,train,fc13a33a0a1af435189990e54b6c68efa56bbc207c0cae6e27e12bf031605930,C:\Users\johns\satnet-stage-a-production-generate-v1-activation-20260730-production\run_470\result.json,9762cdd6ea0ac329755151eee9cdc9451c621e4a0f4baee6b61f3117392944e0,C:\Users\johns\satnet-stage-a-production-generate-v1-activation-20260730-production\run_470\scientific_inventory.json,03321901f0522e1e5a7975bcada6aec9fad5c773b4443b37d536a467ae0daf43,0e5051cf2e97cceeb25255bbd8a5e7b4462a4939beb6dce772071190b77b0621,beb644b467270de103fbedd2bd7dddaa7552460279c02b927e2413e5ec886892,96124afafa0630d51d9c3637c6d995b5e746a75740d625b83eed1a9353344af5,6,8,48,469.11467331056622,74.32735328103783,0.099572764599860905,0.054105069076059227,3,3,19,25,0.34141907604321359,1,0.125
D094,471,D094-R01,94,R01,1,train,fc13a33a0a1af435189990e54b6c68efa56bbc207c0cae6e27e12bf031605930,C:\Users\johns\satnet-stage-a-production-generate-v1-activation-20260730-production\run_471\result.json,19244d75019675721e5cb274c9fe09fa5cf6538a31eb558b196184d63156cb64,C:\Users\johns\satnet-stage-a-production-generate-v1-activation-20260730-production\run_471\scientific_inventory.json,f43b801d791389e19987614e9c9d8f271bfd932580e562b0b95870d032c36cee,0e5051cf2e97cceeb25255bbd8a5e7b4462a4939beb6dce772071190b77b0621,fdae3281c9bc67f7058413a0f0039584cc86d856cec717aec8ec3875b0fab25a,0ccd9a0cbdfdbefe1bab0baf7e3e7573be65332701a1f131cc0b0720cf4e2d02,6,8,48,469.11467331056622,74.32735328103783,0.099572764599860905,0.054105069076059227,3,3,19,25,0.34141907604321359,1,0.125
D094,472,D094-R02,94,R02,2,train,fc13a33a0a1af435189990e54b6c68efa56bbc207c0cae6e27e12bf031605930,C:\Users\johns\satnet-stage-a-production-generate-v1-activation-20260730-production\run_472\result.json,bbbf5c368aa3a42a66a1e200c7d092ee235bffd20353002e4671fc99f825b328,C:\Users\johns\satnet-stage-a-production-generate-v1-activation-20260730-production\run_472\scientific_inventory.json,b50bd16e15f6e1b5aa0f1260e2940d6ed67c0db893c64e6a7bdea178e3b7dd0d,0e5051cf2e97cceeb25255bbd8a5e7b4462a4939beb6dce772071190b77b0621,2cf8019588cbb3fd8d6c9dc2e461eecd3a69c4c2144de0452cc998450da80e8a,22137c1b52b93921808ff259fa0448744f5614c330b8e76a4fa5e76d96459921,6,8,48,469.11467331056622,74.32735328103783,0.099572764599860905,0.054105069076059227,3,3,19,25,0.34141907604321359,1,0.125
D094,473,D094-R03,94,R03,3,train,fc13a33a0a1af435189990e54b6c68efa56bbc207c0cae6e27e12bf031605930,C:\Users\johns\satnet-stage-a-production-generate-v1-activation-20260730-production\run_473\result.json,4fb7ce1945062f63c06748b3f485f85c2898c60f4e8bd1b273b5ebf1cc41f967,C:\Users\johns\satnet-stage-a-production-generate-v1-activation-20260730-production\run_473\scientific_inventory.json,566a7c35aa46d9f2842c3b051f02d60f226de514a19476f1b0946a3b8bcc3c9a,0e5051cf2e97cceeb25255bbd8a5e7b4462a4939beb6dce772071190b77b0621,f5495ba5588af5aa6cc5d89109fb3ece004468cb12243ca2a062d34a06701e5e,a7e9a63a98e04eb45b179c3134989892ab038dd2c521c04ba8f9e2bc8c9d003a,6,8,48,469.11467331056622,74.32735328103783,0.099572764599860905,0.054105069076059227,3,3,19,25,0.34141907604321359,1,0.125
D094,474,D094-R04,94,R04,4,train,fc13a33a0a1af435189990e54b6c68efa56bbc207c0cae6e27e12bf031605930,C:\Users\johns\satnet-stage-a-production-generate-v1-activation-20260730-production\run_474\result.json,761c444365763542bd4f920b51e970c1e7b347759c73c4109391389aa69883f9,C:\Users\johns\satnet-stage-a-production-generate-v1-activation-20260730-production\run_474\scientific_inventory.json,eba97425fd1304ff273b47ebffb869a7cb6776ec455634dcc78ab8d93d735ca2,0e5051cf2e97cceeb25255bbd8a5e7b4462a4939beb6dce772071190b77b0621,8503e0c257a013eb42be6ae6df68bbe1b134185a3330d39e9eb92cbca47b98e1,b84f2d4d2d967ed1864dd27a53cc25715ddc123dec8f23f2b374b0abbd254809,6,8,48,469.11467331056622,74.32735328103783,0.099572764599860905,0.054105069076059227,3,3,19,25,0.34141907604321359,1,0.125
D095,475,D095-R00,95,R00,0,train,fc13a33a0a1af435189990e54b6c68efa56bbc207c0cae6e27e12bf031605930,C:\Users\johns\satnet-stage-a-production-generate-v1-activation-20260730-production\run_475\result.json,3c96f755967fa8d7fbc9b876d856bf9806963071001b3b4b61ea6786e4e8e137,C:\Users\johns\satnet-stage-a-production-generate-v1-activation-20260730-production\run_475\scientific_inventory.json,01c2a99eca730a6e81149d16a95e7c4bbbfa27ac5f454ff7efd29306ec202a8e,4f41bd1889d46e08356fd02018596c1a1156f055b51631215a01fee1255526bc,f51c1c13ee02c9fb46a21a50b293ba2e18d4dc93a557b0298d3b0cc335c4db2d,fb0711d9595222f8e5ca3170328e4aa3d63336c4a634eebbee287e1d4d119cfb,4,7,28,812.98451573644456,70.612679425645837,0.16087688662149646,0.16260546083217745,3,1,2,6,0.33771691087242028,1,0.42857142857142855
D095,476,D095-R01,95,R01,1,train,fc13a33a0a1af435189990e54b6c68efa56bbc207c0cae6e27e12bf031605930,C:\Users\johns\satnet-stage-a-production-generate-v1-activation-20260730-production\run_476\result.json,354ab13e35abef3658e235a41a1b8b1b46aa2d5f22ab0763c78d7e957db97d73,C:\Users\johns\satnet-stage-a-production-generate-v1-activation-20260730-production\run_476\scientific_inventory.json,9072666c59b81fd55b56d5118793927d7c08499db5203055d0ebb04264533a38,4f41bd1889d46e08356fd02018596c1a1156f055b51631215a01fee1255526bc,2fdd06ccec0bd5f390eee65f5a89b61c625d1c5edb5e0aeb4eff9e9779db1375,07fc7aa946c7aa5fb676e1bead37aa5ee7e7e74143b94515c19359a862d82af5,4,7,28,812.98451573644456,70.612679425645837,0.16087688662149646,0.16260546083217745,3,1,2,6,0.33771691087242028,1,0.6785714285714286
D095,477,D095-R02,95,R02,2,train,fc13a33a0a1af435189990e54b6c68efa56bbc207c0cae6e27e12bf031605930,C:\Users\johns\satnet-stage-a-production-generate-v1-activation-20260730-production\run_477\result.json,6364550fa1de64628786cefb8f35ffb261a1784b012f03160e05becdacf86559,C:\Users\johns\satnet-stage-a-production-generate-v1-activation-20260730-production\run_477\scientific_inventory.json,5a9f91a42745f7a4e123fb60ee4dd93507736bdad3a182417151548bd78e3a9e,4f41bd1889d46e08356fd02018596c1a1156f055b51631215a01fee1255526bc,7f6e782117eab4646a5f2319d2573b5a19636584f14029407509a27e91ea0edc,160bf20375c8432c04afffa29a8372d133cd619844bc9a5af4cf12014a8a4356,4,7,28,812.98451573644456,70.612679425645837,0.16087688662149646,0.16260546083217745,3,1,2,6,0.33771691087242028,1,0.21428571428571427
D095,478,D095-R03,95,R03,3,train,fc13a33a0a1af435189990e54b6c68efa56bbc207c0cae6e27e12bf031605930,C:\Users\johns\satnet-stage-a-production-generate-v1-activation-20260730-production\run_478\result.json,949df9146c0dfedf35757df6cb339a92b252202ddb55a8dac6dba4da14682541,C:\Users\johns\satnet-stage-a-production-generate-v1-activation-20260730-production\run_478\scientific_inventory.json,1cc5e58a3f9f7ed80f750b9fdc8cd36fda1db9d37c2b7c2b6f505b89c2f8c0ef,4f41bd1889d46e08356fd02018596c1a1156f055b51631215a01fee1255526bc,a12ea90b37cecef8f6d6d750573a86bcbb1c298a109b3ae4d47b53dc66504641,a6fea68fc55e505a3ec92c17f464df2ec80f6bffcdfb1bf3c4b4e66375e05b15,4,7,28,812.98451573644456,70.612679425645837,0.16087688662149646,0.16260546083217745,3,1,2,6,0.33771691087242028,1,0.4642857142857143
D095,479,D095-R04,95,R04,4,train,fc13a33a0a1af435189990e54b6c68efa56bbc207c0cae6e27e12bf031605930,C:\Users\johns\satnet-stage-a-production-generate-v1-activation-20260730-production\run_479\result.json,5ad6fa90b5533e01301f20f027696ebd695202a8a11cadf4e3389c9af05e3421,C:\Users\johns\satnet-stage-a-production-generate-v1-activation-20260730-production\run_479\scientific_inventory.json,2fa6b18a69738e49f95c9d43c84a9bb1dda085b39834f5dfa8a5632e62763ab2,4f41bd1889d46e08356fd02018596c1a1156f055b51631215a01fee1255526bc,e8abfc66788ab57a24dbc4ff9b4e50e292c9c14f80503c8bc47cf9429567cfbd,4bb6f3a05b574c7e5bcfb974d679cd48edc3c56c61f04a58acdf17e9ad3c955a,4,7,28,812.98451573644456,70.612679425645837,0.16087688662149646,0.16260546083217745,3,1,2,6,0.33771691087242028,1,0.6071428571428571
D096,480,D096-R00,96,R00,0,train,fc13a33a0a1af435189990e54b6c68efa56bbc207c0cae6e27e12bf031605930,C:\Users\johns\satnet-stage-a-production-generate-v1-activation-20260730-production\run_480\result.json,28065924d0489799097f928bed121eb0eb8c675fa12d324df3eb566b9a806038,C:\Users\johns\satnet-stage-a-production-generate-v1-activation-20260730-production\run_480\scientific_inventory.json,fb821aecfab8b8d5d7e8a72c79b2ad155b070238e841eaf96a1605de81d3019a,57669fa41aa415df09f15902590100baba6cfe94a804fb2bff9d1a413d0d313a,712259fee99119c9d314e873cda643356d692a9af74eb567e07d481ad68a3c48,dc3395faa23dc03911778b97354eb722d88846e045f2f2e9d920a61885f37e06,4,6,24,397.85026858257754,49.191023382491522,0.13257554064634397,0.2400108189044359,11,11,3,25,0.12438344957211465,1,0.083333333333333329
D096,481,D096-R01,96,R01,1,train,fc13a33a0a1af435189990e54b6c68efa56bbc207c0cae6e27e12bf031605930,C:\Users\johns\satnet-stage-a-production-generate-v1-activation-20260730-production\run_481\result.json,cb2b68117dd3b05cb8b5839af393826e7c2f6bf2d1212f552418896a4ec2d7f0,C:\Users\johns\satnet-stage-a-production-generate-v1-activation-20260730-production\run_481\scientific_inventory.json,810bd77111e82736105a52cb9dbda4923bf97568c14e69b461e1ef8fd50cb2f7,57669fa41aa415df09f15902590100baba6cfe94a804fb2bff9d1a413d0d313a,8e425b07cc2902789081fead07fc310d28bdbe01ad7dd69ca9f8f12871d779a4,882e21d6485117a1eaaf15da0450836a060c2a719ff6e0b719df4a1cf5bb54f4,4,6,24,397.85026858257754,49.191023382491522,0.13257554064634397,0.2400108189044359,11,11,3,25,0.12438344957211465,1,0.041666666666666664
D096,482,D096-R02,96,R02,2,train,fc13a33a0a1af435189990e54b6c68efa56bbc207c0cae6e27e12bf031605930,C:\Users\johns\satnet-stage-a-production-generate-v1-activation-20260730-production\run_482\result.json,2e08cf7fef4d8523660c890569b4d31ad906e56b64c4066590cfc817a4511552,C:\Users\johns\satnet-stage-a-production-generate-v1-activation-20260730-production\run_482\scientific_inventory.json,ab4f46fc99ba242eba17f380b5a075e0a2a25d8dde1a04872f2d18c6cffcafe7,57669fa41aa415df09f15902590100baba6cfe94a804fb2bff9d1a413d0d313a,4d87ab9bc8c926735aa1e5216e2071cb4a15e8ae1bf090432f6db300ac6d60d9,10828f5578f4e58a36c2f9c1a2299b8ecd9b04780cf7bf3fca9e28d59d0eeffe,4,6,24,397.85026858257754,49.191023382491522,0.13257554064634397,0.2400108189044359,11,11,3,25,0.12438344957211465,1,0.083333333333333329
D096,483,D096-R03,96,R03,3,train,fc13a33a0a1af435189990e54b6c68efa56bbc207c0cae6e27e12bf031605930,C:\Users\johns\satnet-stage-a-production-generate-v1-activation-20260730-production\run_483\result.json,cbe0ac223aaac9dcbaeea130c0e180e77cf12d3cfecb45cd5c037b66f270aa67,C:\Users\johns\satnet-stage-a-production-generate-v1-activation-20260730-production\run_483\scientific_inventory.json,cc3ed59df5e206ae4b4b0cdc98b768f2c74ce6b897221150170101e96ea06bdd,57669fa41aa415df09f15902590100baba6cfe94a804fb2bff9d1a413d0d313a,75657d76a46df559c23b6590b722355f0acbe59e81ed2f6ae3ff28b5023496b3,f33070ffe185dbc82b2302cda06dc777153a89ca698135b0da839e76a3893d63,4,6,24,397.85026858257754,49.191023382491522,0.13257554064634397,0.2400108189044359,11,11,3,25,0.12438344957211465,1,0.083333333333333329
D096,484,D096-R04,96,R04,4,train,fc13a33a0a1af435189990e54b6c68efa56bbc207c0cae6e27e12bf031605930,C:\Users\johns\satnet-stage-a-production-generate-v1-activation-20260730-production\run_484\result.json,3d06a615ac01dc26528d541ee35fb182808c7aa96caa21f826bd989b1d4e649c,C:\Users\johns\satnet-stage-a-production-generate-v1-activation-20260730-production\run_484\scientific_inventory.json,1ccf36f9385ba0701c755cc603cda743487a21df3b7303744fa265084ef55e53,57669fa41aa415df09f15902590100baba6cfe94a804fb2bff9d1a413d0d313a,4bcec4962550c6de842555a9f4e6795135e549f6880ac7c365831aaa612fdd49,bbfd78468ac17a3ccf1fa93f235b6f3c2f30a61a923ca7e8b6cbde9b5eebd220,4,6,24,397.85026858257754,49.191023382491522,0.13257554064634397,0.2400108189044359,11,11,3,25,0.12438344957211465,1,0.083333333333333329
D097,485,D097-R00,97,R00,0,train,fc13a33a0a1af435189990e54b6c68efa56bbc207c0cae6e27e12bf031605930,C:\Users\johns\satnet-stage-a-production-generate-v1-activation-20260730-production\run_485\result.json,966e0a5701b9dbb2929e2b84bc8058e4f66c1a4a8a7214b14be7cc68aa058cf9,C:\Users\johns\satnet-stage-a-production-generate-v1-activation-20260730-production\run_485\scientific_inventory.json,4a41153c00c24c2f3aa39832dc6a794b31da6d5e43c5b4663c794a3fd27f94c5,469bf902b2dac96c9e0a377002c0b6b1e980c1b5997edacd72e851daa7805868,1a5fa1c10b5e0cff7ce727a0842783b393f0f7cda21c814b648254d745d6baa8,3d05b866f6baa24553941f1ccb5d4c09d32d888b4b3ad583521bdabaec0cab29,4,8,32,1036.8742348654928,85.715513002965423,0.060031677369103413,0.049979711815595088,11,2,2,15,0.36486180342554914,1,0.96875
D097,486,D097-R01,97,R01,1,train,fc13a33a0a1af435189990e54b6c68efa56bbc207c0cae6e27e12bf031605930,C:\Users\johns\satnet-stage-a-production-generate-v1-activation-20260730-production\run_486\result.json,8080b283e62f342ba3777b6a11392ea00822b18ead1534a2e5025d34e63fc3b9,C:\Users\johns\satnet-stage-a-production-generate-v1-activation-20260730-production\run_486\scientific_inventory.json,106f827c6271a705259ab62e2924f76f1faee55f4a75a7b2a8e9f66d0f9f985d,469bf902b2dac96c9e0a377002c0b6b1e980c1b5997edacd72e851daa7805868,56f5b09a7881e8aa1d52b442e599eb5a6fdf03d4f3c62fc99f7e76f302a9fc79,aaea6310568ab6f39a98f2613a4c96c212818f77cca0322dc6d46a6c819577b6,4,8,32,1036.8742348654928,85.715513002965423,0.060031677369103413,0.049979711815595088,11,2,2,15,0.36486180342554914,1,0.96875
D097,487,D097-R02,97,R02,2,train,fc13a33a0a1af435189990e54b6c68efa56bbc207c0cae6e27e12bf031605930,C:\Users\johns\satnet-stage-a-production-generate-v1-activation-20260730-production\run_487\result.json,12118ee0bd41c72679b48b10269750efe3c9794ca7be2b3857a0644ba661bb93,C:\Users\johns\satnet-stage-a-production-generate-v1-activation-20260730-production\run_487\scientific_inventory.json,d118993643c3a8074c7112f0b334df2e436aa4fad1ea2735c960e30701cf9a8e,469bf902b2dac96c9e0a377002c0b6b1e980c1b5997edacd72e851daa7805868,d9819f07a67dd6aab530db2169bd28e980c8082d05ccfecc789c11029470254f,9587fab821075e813e2a9944fe17eee7273a6b0b964016c234e6e6dcc3477d7f,4,8,32,1036.8742348654928,85.715513002965423,0.060031677369103413,0.049979711815595088,11,2,2,15,0.36486180342554914,1,1
D097,488,D097-R03,97,R03,3,train,fc13a33a0a1af435189990e54b6c68efa56bbc207c0cae6e27e12bf031605930,C:\Users\johns\satnet-stage-a-production-generate-v1-activation-20260730-production\run_488\result.json,53dbe45e620dd07586cadd50058bb2523aea58b5b6ab8507134144a37700e6b4,C:\Users\johns\satnet-stage-a-production-generate-v1-activation-20260730-production\run_488\scientific_inventory.json,3712298f1d60b9f3403731b74f1712dd216abe72b46449fa0c1a67adf2fe7155,469bf902b2dac96c9e0a377002c0b6b1e980c1b5997edacd72e851daa7805868,95f59c427d0e0bf2cb0fe75d011295125942e543098600376cfdd0b28c647b97,d4addb6392b4663e2fa888a1f0e0f9e15bd9024818101f469ad11463a8076881,4,8,32,1036.8742348654928,85.715513002965423,0.060031677369103413,0.049979711815595088,11,2,2,15,0.36486180342554914,1,0.96875
D097,489,D097-R04,97,R04,4,train,fc13a33a0a1af435189990e54b6c68efa56bbc207c0cae6e27e12bf031605930,C:\Users\johns\satnet-stage-a-production-generate-v1-activation-20260730-production\run_489\result.json,5b16d7e4c8d94523b5c00c16706a378815045954e8b7171494cd8b894db52b79,C:\Users\johns\satnet-stage-a-production-generate-v1-activation-20260730-production\run_489\scientific_inventory.json,b7b728ba11140de30e6d63a525056ed9a31bd64dc720c856f674d3f891920558,469bf902b2dac96c9e0a377002c0b6b1e980c1b5997edacd72e851daa7805868,38e3449839c7bb9c5e1ae109d5b8aed11547b4c4ae8333f441f7910399011a6b,33f0963aa75c604176ea9b01bab00380e83d90192af137586429a5507d8861ea,4,8,32,1036.8742348654928,85.715513002965423,0.060031677369103413,0.049979711815595088,11,2,2,15,0.36486180342554914,1,0.9375
D098,490,D098-R00,98,R00,0,train,fc13a33a0a1af435189990e54b6c68efa56bbc207c0cae6e27e12bf031605930,C:\Users\johns\satnet-stage-a-production-generate-v1-activation-20260730-production\run_490\result.json,40c141381c19f22256007f83bad49d09a17412b4a212b849994d658f53107c94,C:\Users\johns\satnet-stage-a-production-generate-v1-activation-20260730-production\run_490\scientific_inventory.json,e307e9705a869b0b50dc561171af9eac986d92bf8cb06f1ff79f6dd72e14ef19,29c69178917217389e3a3fc6abbca26273535efc7d703b4b2ddcd94c827ad054,40d965ec8ee16fd0d4fec3ccc230dffb2c3e951c21bec562a19d1e2b1802f484,9c38e7249de291e96c3f1b18bb8754d6079783fff22c46ce5274b6d64b7290b3,5,5,25,434.56334999695065,96.197692692689586,0.011809703057592364,0.10479448936834204,10,9,26,45,0.13585810393838504,1,0.16
D098,491,D098-R01,98,R01,1,train,fc13a33a0a1af435189990e54b6c68efa56bbc207c0cae6e27e12bf031605930,C:\Users\johns\satnet-stage-a-production-generate-v1-activation-20260730-production\run_491\result.json,37f6ac1479e9c6b76802dbd0cb4540940ba7c6dc50be0a9b144fd974dfefa285,C:\Users\johns\satnet-stage-a-production-generate-v1-activation-20260730-production\run_491\scientific_inventory.json,47ffff0f6987cc5c3755e0d42a0ccef08f24d7dd0fc402e3af05dd279da6d273,29c69178917217389e3a3fc6abbca26273535efc7d703b4b2ddcd94c827ad054,6ca9375bae1c6c939fcfdc8c63a04e70613bf888e00af42cd0e120dbed098b5e,c054afd5996cc4d42647eb088cd3a183241c314cb9eda33a479df135b4cf37a3,5,5,25,434.56334999695065,96.197692692689586,0.011809703057592364,0.10479448936834204,10,9,26,45,0.13585810393838504,1,0.16
D098,492,D098-R02,98,R02,2,train,fc13a33a0a1af435189990e54b6c68efa56bbc207c0cae6e27e12bf031605930,C:\Users\johns\satnet-stage-a-production-generate-v1-activation-20260730-production\run_492\result.json,a63a7e1a79a5351dcb0357b81f8f2d186d76ccd1b63c01c1f779d1fc87f9c150,C:\Users\johns\satnet-stage-a-production-generate-v1-activation-20260730-production\run_492\scientific_inventory.json,5afd14dfd12390ff74ff88c453a641b030754b77288c9d90960d3a46cc77f7c5,29c69178917217389e3a3fc6abbca26273535efc7d703b4b2ddcd94c827ad054,510771720cd8a661422911d79a62b395c1e670e65dfd5f903c9b25411b186467,b7d7449c8488ea34e7035b4b038f767ada6451a84948d3fa2e31247b46caa42d,5,5,25,434.56334999695065,96.197692692689586,0.011809703057592364,0.10479448936834204,10,9,26,45,0.13585810393838504,1,0.16
D098,493,D098-R03,98,R03,3,train,fc13a33a0a1af435189990e54b6c68efa56bbc207c0cae6e27e12bf031605930,C:\Users\johns\satnet-stage-a-production-generate-v1-activation-20260730-production\run_493\result.json,99513632bdc3bbd62f1428ee63cc6a83492ce8484b60737309197405fb8bfb87,C:\Users\johns\satnet-stage-a-production-generate-v1-activation-20260730-production\run_493\scientific_inventory.json,dec5c25e10744ab6bfd2e27e1c88a1a18be2ce2b7818df36f5dcf016390f48dd,29c69178917217389e3a3fc6abbca26273535efc7d703b4b2ddcd94c827ad054,0bd9353d511436aa5186aa384c67d347a8c8fd41e625b3371b88e861460c625f,1788aabb9861df85e03b3b06d096095d481e24e6af5f4db9d256b9417049be22,5,5,25,434.56334999695065,96.197692692689586,0.011809703057592364,0.10479448936834204,10,9,26,45,0.13585810393838504,1,0.16
D098,494,D098-R04,98,R04,4,train,fc13a33a0a1af435189990e54b6c68efa56bbc207c0cae6e27e12bf031605930,C:\Users\johns\satnet-stage-a-production-generate-v1-activation-20260730-production\run_494\result.json,519130394c9cb66a540d1d014d8a1f68de4ebde99ab9a2343b7d2aa4a6550d8e,C:\Users\johns\satnet-stage-a-production-generate-v1-activation-20260730-production\run_494\scientific_inventory.json,d697172857134cacd01b6ee4089fb2a1f7fe8499b9cef0f0d3e5e5af4f4086c9,29c69178917217389e3a3fc6abbca26273535efc7d703b4b2ddcd94c827ad054,4815709adc3614864060edcef0171b4715c4cb412c8b1bdacf5078d9e367db74,b399b5d28fe436604e22a8b41b2b642fac9ef44120354b4cdb52714a7d661ef2,5,5,25,434.56334999695065,96.197692692689586,0.011809703057592364,0.10479448936834204,10,9,26,45,0.13585810393838504,1,0.16
