scope,first_design_id,first_partition,second_design_id,second_partition,normalized_distance
stage_a_pair,SA-D000,development,SA-D001,development,0.21454334672563719
stage_a_pair,SA-D000,development,SA-D002,development,0.43843046523923151
stage_a_pair,SA-D000,development,SA-D003,development,0.6634922150385828
stage_a_pair,SA-D000,development,SA-D004,development,0.39923618816427159
stage_a_pair,SA-D000,development,SA-D005,development,0.31267632261149703
stage_a_pair,SA-D000,development,SA-D006,development,0.59127260158237671
stage_a_pair,SA-D000,development,SA-D007,development,0.73779736277928765
stage_a_pair,SA-D000,development,SA-D008,validation,0.24929197876825193
stage_a_pair,SA-D000,development,SA-D009,validation,0.64128277253974564
stage_a_pair,SA-D000,development,SA-D010,sealed_holdout,0.35847665784640609
stage_a_pair,SA-D000,development,SA-D011,sealed_holdout,0.79544825584076018
stage_a_pair,SA-D000,development,SA-D012,development,0.79876917430152805
stage_a_pair,SA-D000,development,SA-D013,development,0.86882266985150725
stage_a_pair,SA-D000,development,SA-D014,development,0.95589543969670221
stage_a_pair,SA-D000,development,SA-D015,development,1.0489303950160038
stage_a_pair,SA-D000,development,SA-D016,development,0.8554209189189097
stage_a_pair,SA-D000,development,SA-D017,development,0.99009090742078443
stage_a_pair,SA-D000,development,SA-D018,development,0.83157924386748527
stage_a_pair,SA-D000,development,SA-D019,development,1.0694495667185264
stage_a_pair,SA-D000,development,SA-D020,validation,0.90178177453041197
stage_a_pair,SA-D000,development,SA-D021,validation,1.1758388085591389
stage_a_pair,SA-D000,development,SA-D022,sealed_holdout,0.8614364365694458
stage_a_pair,SA-D000,development,SA-D023,sealed_holdout,1.3320160031192365
stage_a_pair,SA-D000,development,SA-D024,development,2.6665323170472268
stage_a_pair,SA-D000,development,SA-D025,development,1.8796208181013669
stage_a_pair,SA-D000,development,SA-D026,development,1.1884545316646802
stage_a_pair,SA-D000,development,SA-D027,development,1.4338003968287285
stage_a_pair,SA-D000,development,SA-D028,validation,1.7812994719990487
stage_a_pair,SA-D000,development,SA-D029,sealed_holdout,1.8296828484017473
stage_a_pair,SA-D001,development,SA-D002,development,0.22981365223211739
stage_a_pair,SA-D001,development,SA-D003,development,0.45620452116513216
stage_a_pair,SA-D001,development,SA-D004,development,0.29645898108393293
stage_a_pair,SA-D001,development,SA-D005,development,0.27557756466655636
stage_a_pair,SA-D001,development,SA-D006,development,0.40422974944244977
stage_a_pair,SA-D001,development,SA-D007,development,0.56838999978079874
stage_a_pair,SA-D001,development,SA-D008,validation,0.15162699742314573
stage_a_pair,SA-D001,development,SA-D009,validation,0.4701600303643953
stage_a_pair,SA-D001,development,SA-D010,sealed_holdout,0.20895034099864518
stage_a_pair,SA-D001,development,SA-D011,sealed_holdout,0.63526113426157993
stage_a_pair,SA-D001,development,SA-D012,development,0.65022479802580169
stage_a_pair,SA-D001,development,SA-D013,development,0.71055105436490296
stage_a_pair,SA-D001,development,SA-D014,development,0.80242181700234427
stage_a_pair,SA-D001,development,SA-D015,development,0.9046958458656128
stage_a_pair,SA-D001,development,SA-D016,development,0.72675112098352923
stage_a_pair,SA-D001,development,SA-D017,development,0.8513439740979587
stage_a_pair,SA-D001,development,SA-D018,development,0.6926707874700796
stage_a_pair,SA-D001,development,SA-D019,development,0.92417202446403823
stage_a_pair,SA-D001,development,SA-D020,validation,0.73905829878052154
stage_a_pair,SA-D001,development,SA-D021,validation,1.0439021329053859
stage_a_pair,SA-D001,development,SA-D022,sealed_holdout,0.71463582250463298
stage_a_pair,SA-D001,development,SA-D023,sealed_holdout,1.2009022039673352
stage_a_pair,SA-D001,development,SA-D024,development,2.5523095814026493
stage_a_pair,SA-D001,development,SA-D025,development,1.7484728863083261
stage_a_pair,SA-D001,development,SA-D026,development,1.1465796804033201
stage_a_pair,SA-D001,development,SA-D027,development,1.3453193761191504
stage_a_pair,SA-D001,development,SA-D028,validation,1.645617035088853
stage_a_pair,SA-D001,development,SA-D029,sealed_holdout,1.7467419412684331
stage_a_pair,SA-D002,development,SA-D003,development,0.22895955541879173
stage_a_pair,SA-D002,development,SA-D004,development,0.32226340906236717
stage_a_pair,SA-D002,development,SA-D005,development,0.35396034730647963
stage_a_pair,SA-D002,development,SA-D006,development,0.3067865612238419
stage_a_pair,SA-D002,development,SA-D007,development,0.42285493963794246
stage_a_pair,SA-D002,development,SA-D008,validation,0.2900828512463291
stage_a_pair,SA-D002,development,SA-D009,validation,0.3041866894995266
stage_a_pair,SA-D002,development,SA-D010,sealed_holdout,0.26867869652970411
stage_a_pair,SA-D002,development,SA-D011,sealed_holdout,0.47958023184428161
stage_a_pair,SA-D002,development,SA-D012,development,0.50184059959724292
stage_a_pair,SA-D002,development,SA-D013,development,0.55696283976620065
stage_a_pair,SA-D002,development,SA-D014,development,0.65928510588390732
stage_a_pair,SA-D002,development,SA-D015,development,0.76672062658576512
stage_a_pair,SA-D002,development,SA-D016,development,0.62785850314876523
stage_a_pair,SA-D002,development,SA-D017,development,0.73578850547665908
stage_a_pair,SA-D002,development,SA-D018,development,0.565051599313661
stage_a_pair,SA-D002,development,SA-D019,development,0.79671948352177735
stage_a_pair,SA-D002,development,SA-D020,validation,0.57899095199964956
stage_a_pair,SA-D002,development,SA-D021,validation,0.91638840909269692
stage_a_pair,SA-D002,development,SA-D022,sealed_holdout,0.57075045132705204
stage_a_pair,SA-D002,development,SA-D023,sealed_holdout,1.0811275431139578
stage_a_pair,SA-D002,development,SA-D024,development,2.4362910025224682
stage_a_pair,SA-D002,development,SA-D025,development,1.6185352251980962
stage_a_pair,SA-D002,development,SA-D026,development,1.1502301207995991
stage_a_pair,SA-D002,development,SA-D027,development,1.2650107720516888
stage_a_pair,SA-D002,development,SA-D028,validation,1.5449356639619873
stage_a_pair,SA-D002,development,SA-D029,sealed_holdout,1.6718076446595513
stage_a_pair,SA-D003,development,SA-D004,development,0.4597194679706561
stage_a_pair,SA-D003,development,SA-D005,development,0.52902708206001392
stage_a_pair,SA-D003,development,SA-D006,development,0.36065369917779833
stage_a_pair,SA-D003,development,SA-D007,development,0.36926092325463206
stage_a_pair,SA-D003,development,SA-D008,validation,0.48664965003829075
stage_a_pair,SA-D003,development,SA-D009,validation,0.26830631729015658
stage_a_pair,SA-D003,development,SA-D010,sealed_holdout,0.44620162353698822
stage_a_pair,SA-D003,development,SA-D011,sealed_holdout,0.40632874996328711
stage_a_pair,SA-D003,development,SA-D012,development,0.4274387771152845
stage_a_pair,SA-D003,development,SA-D013,development,0.4698608322382497
stage_a_pair,SA-D003,development,SA-D014,development,0.57105016721630752
stage_a_pair,SA-D003,development,SA-D015,development,0.68424962069537243
stage_a_pair,SA-D003,development,SA-D016,development,0.60455123924398235
stage_a_pair,SA-D003,development,SA-D017,development,0.68060243910823648
stage_a_pair,SA-D003,development,SA-D018,development,0.51381961107889529
stage_a_pair,SA-D003,development,SA-D019,development,0.71520897342765111
stage_a_pair,SA-D003,development,SA-D020,validation,0.4754598798424805
stage_a_pair,SA-D003,development,SA-D021,validation,0.83369092733716932
stage_a_pair,SA-D003,development,SA-D022,sealed_holdout,0.49985409186336854
stage_a_pair,SA-D003,development,SA-D023,sealed_holdout,1.0003720399108911
stage_a_pair,SA-D003,development,SA-D024,development,2.337087993934746
stage_a_pair,SA-D003,development,SA-D025,development,1.5124126120303838
stage_a_pair,SA-D003,development,SA-D026,development,1.1986035586654062
stage_a_pair,SA-D003,development,SA-D027,development,1.223052360212691
stage_a_pair,SA-D003,development,SA-D028,validation,1.46462264506741
stage_a_pair,SA-D003,development,SA-D029,sealed_holdout,1.630253130830345
stage_a_pair,SA-D004,development,SA-D005,development,0.44932528026567642
stage_a_pair,SA-D004,development,SA-D006,development,0.47518771688196504
stage_a_pair,SA-D004,development,SA-D007,development,0.45236866457455444
stage_a_pair,SA-D004,development,SA-D008,validation,0.23402699845725125
stage_a_pair,SA-D004,development,SA-D009,validation,0.43250335544933688
stage_a_pair,SA-D004,development,SA-D010,sealed_holdout,0.36448210873310194
stage_a_pair,SA-D004,development,SA-D011,sealed_holdout,0.52706705216174876
stage_a_pair,SA-D004,development,SA-D012,development,0.53631018449645118
stage_a_pair,SA-D004,development,SA-D013,development,0.59357358538468008
stage_a_pair,SA-D004,development,SA-D014,development,0.66811463186118636
stage_a_pair,SA-D004,development,SA-D015,development,0.78560493052837999
stage_a_pair,SA-D004,development,SA-D016,development,0.65699117854729661
stage_a_pair,SA-D004,development,SA-D017,development,0.75628878177180514
stage_a_pair,SA-D004,development,SA-D018,development,0.59681302648784973
stage_a_pair,SA-D004,development,SA-D019,development,0.79032369464309593
stage_a_pair,SA-D004,development,SA-D020,validation,0.62135509087783436
stage_a_pair,SA-D004,development,SA-D021,validation,0.93045975725074714
stage_a_pair,SA-D004,development,SA-D022,sealed_holdout,0.61019920904308489
stage_a_pair,SA-D004,development,SA-D023,sealed_holdout,1.0848760553341064
stage_a_pair,SA-D004,development,SA-D024,development,2.4356113056994095
stage_a_pair,SA-D004,development,SA-D025,development,1.6360608380330701
stage_a_pair,SA-D004,development,SA-D026,development,1.2537199479047352
stage_a_pair,SA-D004,development,SA-D027,development,1.3074134183476236
stage_a_pair,SA-D004,development,SA-D028,validation,1.6563716780055002
stage_a_pair,SA-D004,development,SA-D029,sealed_holdout,1.6095590195301077
stage_a_pair,SA-D005,development,SA-D006,development,0.56226267415885312
stage_a_pair,SA-D005,development,SA-D007,development,0.63903187120216398
stage_a_pair,SA-D005,development,SA-D008,validation,0.3360703189362888
stage_a_pair,SA-D005,development,SA-D009,validation,0.46676332992444886
stage_a_pair,SA-D005,development,SA-D010,sealed_holdout,0.40913249612871827
stage_a_pair,SA-D005,development,SA-D011,sealed_holdout,0.6499636288169528
stage_a_pair,SA-D005,development,SA-D012,development,0.62943976817674063
stage_a_pair,SA-D005,development,SA-D013,development,0.72839096922318025
stage_a_pair,SA-D005,development,SA-D014,development,0.83017295121612078
stage_a_pair,SA-D005,development,SA-D015,development,0.91223391753850569
stage_a_pair,SA-D005,development,SA-D016,development,0.77010501388585895
stage_a_pair,SA-D005,development,SA-D017,development,0.90376157935812729
stage_a_pair,SA-D005,development,SA-D018,development,0.69356962872952621
stage_a_pair,SA-D005,development,SA-D019,development,0.96330385872806512
stage_a_pair,SA-D005,development,SA-D020,validation,0.74799424418839089
stage_a_pair,SA-D005,development,SA-D021,validation,1.0366340688544691
stage_a_pair,SA-D005,development,SA-D022,sealed_holdout,0.69454494267994304
stage_a_pair,SA-D005,development,SA-D023,sealed_holdout,1.2212890948208615
stage_a_pair,SA-D005,development,SA-D024,development,2.5357384618362517
stage_a_pair,SA-D005,development,SA-D025,development,1.7405012764514689
stage_a_pair,SA-D005,development,SA-D026,development,1.1808397853271171
stage_a_pair,SA-D005,development,SA-D027,development,1.2893119507129611
stage_a_pair,SA-D005,development,SA-D028,validation,1.6430394600361118
stage_a_pair,SA-D005,development,SA-D029,sealed_holdout,1.8160044605412706
stage_a_pair,SA-D006,development,SA-D007,development,0.42877175976505438
stage_a_pair,SA-D006,development,SA-D008,validation,0.43982377714724707
stage_a_pair,SA-D006,development,SA-D009,validation,0.41760205400965539
stage_a_pair,SA-D006,development,SA-D010,sealed_holdout,0.29310710975419452
stage_a_pair,SA-D006,development,SA-D011,sealed_holdout,0.53449751196043793
stage_a_pair,SA-D006,development,SA-D012,development,0.62760696509304748
stage_a_pair,SA-D006,development,SA-D013,development,0.6080344750382688
stage_a_pair,SA-D006,development,SA-D014,development,0.66718882045319017
stage_a_pair,SA-D006,development,SA-D015,development,0.76081165920419835
stage_a_pair,SA-D006,development,SA-D016,development,0.67434799767777287
stage_a_pair,SA-D006,development,SA-D017,development,0.72541542326935493
stage_a_pair,SA-D006,development,SA-D018,development,0.65324092140879364
stage_a_pair,SA-D006,development,SA-D019,development,0.75304938547401157
stage_a_pair,SA-D006,development,SA-D020,validation,0.61140258772314238
stage_a_pair,SA-D006,development,SA-D021,validation,0.91936969026572368
stage_a_pair,SA-D006,development,SA-D022,sealed_holdout,0.61531374106398651
stage_a_pair,SA-D006,development,SA-D023,sealed_holdout,1.0291803027404234
stage_a_pair,SA-D006,development,SA-D024,development,2.347092579751028
stage_a_pair,SA-D006,development,SA-D025,development,1.5269210574929422
stage_a_pair,SA-D006,development,SA-D026,development,1.2043302484479759
stage_a_pair,SA-D006,development,SA-D027,development,1.2591019487440012
stage_a_pair,SA-D006,development,SA-D028,validation,1.3843748871881809
stage_a_pair,SA-D006,development,SA-D029,sealed_holdout,1.6390698500967507
stage_a_pair,SA-D007,development,SA-D008,validation,0.58309770786448534
stage_a_pair,SA-D007,development,SA-D009,validation,0.23079661807202612
stage_a_pair,SA-D007,development,SA-D010,sealed_holdout,0.58433338901835985
stage_a_pair,SA-D007,development,SA-D011,sealed_holdout,0.15610243982807739
stage_a_pair,SA-D007,development,SA-D012,development,0.26482366660565609
stage_a_pair,SA-D007,development,SA-D013,development,0.20001992041057906
stage_a_pair,SA-D007,development,SA-D014,development,0.2590391975489294
stage_a_pair,SA-D007,development,SA-D015,development,0.37674521214964041
stage_a_pair,SA-D007,development,SA-D016,development,0.51146847410177687
stage_a_pair,SA-D007,development,SA-D017,development,0.5177387947715576
stage_a_pair,SA-D007,development,SA-D018,development,0.38710991053109151
stage_a_pair,SA-D007,development,SA-D019,development,0.4587602275586552
stage_a_pair,SA-D007,development,SA-D020,validation,0.2304356538923997
stage_a_pair,SA-D007,development,SA-D021,validation,0.63072217883410742
stage_a_pair,SA-D007,development,SA-D022,sealed_holdout,0.25192510416353886
stage_a_pair,SA-D007,development,SA-D023,sealed_holdout,0.77551505877012916
stage_a_pair,SA-D007,development,SA-D024,development,2.1427490598083172
stage_a_pair,SA-D007,development,SA-D025,development,1.3169636318007527
stage_a_pair,SA-D007,development,SA-D026,development,1.3934737609149253
stage_a_pair,SA-D007,development,SA-D027,development,1.1906225556317998
stage_a_pair,SA-D007,development,SA-D028,validation,1.4162725308236868
stage_a_pair,SA-D007,development,SA-D029,sealed_holdout,1.4969412785218985
stage_a_pair,SA-D008,validation,SA-D009,validation,0.50692645710242723
stage_a_pair,SA-D008,validation,SA-D010,sealed_holdout,0.20667357239765191
stage_a_pair,SA-D008,validation,SA-D011,sealed_holdout,0.65958466301877905
stage_a_pair,SA-D008,validation,SA-D012,development,0.66900007985908139
stage_a_pair,SA-D008,validation,SA-D013,development,0.7355485715585306
stage_a_pair,SA-D008,validation,SA-D014,development,0.81926318204251514
stage_a_pair,SA-D008,validation,SA-D015,development,0.93339711266519632
stage_a_pair,SA-D008,validation,SA-D016,development,0.74836684648427387
stage_a_pair,SA-D008,validation,SA-D017,development,0.86917255862816112
stage_a_pair,SA-D008,validation,SA-D018,development,0.71387186441315031
stage_a_pair,SA-D008,validation,SA-D019,development,0.9281453038654508
stage_a_pair,SA-D008,validation,SA-D020,validation,0.75878241333851559
stage_a_pair,SA-D008,validation,SA-D021,validation,1.0568747535179208
stage_a_pair,SA-D008,validation,SA-D022,sealed_holdout,0.73885910554342016
stage_a_pair,SA-D008,validation,SA-D023,sealed_holdout,1.2115167520450494
stage_a_pair,SA-D008,validation,SA-D024,development,2.5477921774800669
stage_a_pair,SA-D008,validation,SA-D025,development,1.7458327399765137
stage_a_pair,SA-D008,validation,SA-D026,development,1.1570490942772191
stage_a_pair,SA-D008,validation,SA-D027,development,1.3387162614234216
stage_a_pair,SA-D008,validation,SA-D028,validation,1.65243027149463
stage_a_pair,SA-D008,validation,SA-D029,sealed_holdout,1.7317201160469755
stage_a_pair,SA-D009,validation,SA-D010,sealed_holdout,0.5109139088933119
stage_a_pair,SA-D009,validation,SA-D011,sealed_holdout,0.20721077552339157
stage_a_pair,SA-D009,validation,SA-D012,development,0.2471635883179891
stage_a_pair,SA-D009,validation,SA-D013,development,0.29935296190839261
stage_a_pair,SA-D009,validation,SA-D014,development,0.40848678719361614
stage_a_pair,SA-D009,validation,SA-D015,development,0.49673132730995545
stage_a_pair,SA-D009,validation,SA-D016,development,0.53433798191171544
stage_a_pair,SA-D009,validation,SA-D017,development,0.5952877010225972
stage_a_pair,SA-D009,validation,SA-D018,development,0.38561303998194424
stage_a_pair,SA-D009,validation,SA-D019,development,0.58833953986940135
stage_a_pair,SA-D009,validation,SA-D020,validation,0.31272960980120906
stage_a_pair,SA-D009,validation,SA-D021,validation,0.69483392945117162
stage_a_pair,SA-D009,validation,SA-D022,sealed_holdout,0.27576656886282452
stage_a_pair,SA-D009,validation,SA-D023,sealed_holdout,0.87630184177137938
stage_a_pair,SA-D009,validation,SA-D024,development,2.2224057193379227
stage_a_pair,SA-D009,validation,SA-D025,development,1.3977583962234101
stage_a_pair,SA-D009,validation,SA-D026,development,1.2991765508374162
stage_a_pair,SA-D009,validation,SA-D027,development,1.1497245582670412
stage_a_pair,SA-D009,validation,SA-D028,validation,1.4445300244155495
stage_a_pair,SA-D009,validation,SA-D029,sealed_holdout,1.5730398576384397
stage_a_pair,SA-D010,sealed_holdout,SA-D011,sealed_holdout,0.6735713710959369
stage_a_pair,SA-D010,sealed_holdout,SA-D012,development,0.71982542531638094
stage_a_pair,SA-D010,sealed_holdout,SA-D013,development,0.75721630015531083
stage_a_pair,SA-D010,sealed_holdout,SA-D014,development,0.83617491757623563
stage_a_pair,SA-D010,sealed_holdout,SA-D015,development,0.94263703054752468
stage_a_pair,SA-D010,sealed_holdout,SA-D016,development,0.76242737983474984
stage_a_pair,SA-D010,sealed_holdout,SA-D017,development,0.86562037844462925
stage_a_pair,SA-D010,sealed_holdout,SA-D018,development,0.74619669194601179
stage_a_pair,SA-D010,sealed_holdout,SA-D019,development,0.92657250082285814
stage_a_pair,SA-D010,sealed_holdout,SA-D020,validation,0.77038422067733536
stage_a_pair,SA-D010,sealed_holdout,SA-D021,validation,1.0673273617543337
stage_a_pair,SA-D010,sealed_holdout,SA-D022,sealed_holdout,0.75445650224289362
stage_a_pair,SA-D010,sealed_holdout,SA-D023,sealed_holdout,1.2030770826977164
stage_a_pair,SA-D010,sealed_holdout,SA-D024,development,2.5233939535060985
stage_a_pair,SA-D010,sealed_holdout,SA-D025,development,1.7138994732726458
stage_a_pair,SA-D010,sealed_holdout,SA-D026,development,1.1177269667344976
stage_a_pair,SA-D010,sealed_holdout,SA-D027,development,1.3213652977129375
stage_a_pair,SA-D010,sealed_holdout,SA-D028,validation,1.5632247179305034
stage_a_pair,SA-D010,sealed_holdout,SA-D029,sealed_holdout,1.7256479820016641
stage_a_pair,SA-D011,sealed_holdout,SA-D012,development,0.16758245452196963
stage_a_pair,SA-D011,sealed_holdout,SA-D013,development,0.1205683310788027
stage_a_pair,SA-D011,sealed_holdout,SA-D014,development,0.22494106851003814
stage_a_pair,SA-D011,sealed_holdout,SA-D015,development,0.30732740799603964
stage_a_pair,SA-D011,sealed_holdout,SA-D016,development,0.52208042648645481
stage_a_pair,SA-D011,sealed_holdout,SA-D017,development,0.52768732449131051
stage_a_pair,SA-D011,sealed_holdout,SA-D018,development,0.34761488908145338
stage_a_pair,SA-D011,sealed_holdout,SA-D019,development,0.46094725223896443
stage_a_pair,SA-D011,sealed_holdout,SA-D020,validation,0.1578513408063188
stage_a_pair,SA-D011,sealed_holdout,SA-D021,validation,0.58223930909578392
stage_a_pair,SA-D011,sealed_holdout,SA-D022,sealed_holdout,0.1249155271916213
stage_a_pair,SA-D011,sealed_holdout,SA-D023,sealed_holdout,0.75384625561177909
stage_a_pair,SA-D011,sealed_holdout,SA-D024,development,2.1038002906246263
stage_a_pair,SA-D011,sealed_holdout,SA-D025,development,1.2806461977615349
stage_a_pair,SA-D011,sealed_holdout,SA-D026,development,1.4283424314758777
stage_a_pair,SA-D011,sealed_holdout,SA-D027,development,1.156551875187307
stage_a_pair,SA-D011,sealed_holdout,SA-D028,validation,1.4379525450705994
stage_a_pair,SA-D011,sealed_holdout,SA-D029,sealed_holdout,1.4951653776205702
stage_a_pair,SA-D012,development,SA-D013,development,0.16499502075287611
stage_a_pair,SA-D012,development,SA-D014,development,0.27713272230922326
stage_a_pair,SA-D012,development,SA-D015,development,0.37365760994801683
stage_a_pair,SA-D012,development,SA-D016,development,0.5440878370212513
stage_a_pair,SA-D012,development,SA-D017,development,0.57748467675229975
stage_a_pair,SA-D012,development,SA-D018,development,0.34513763946390885
stage_a_pair,SA-D012,development,SA-D019,development,0.52318717114927649
stage_a_pair,SA-D012,development,SA-D020,validation,0.20728602833688475
stage_a_pair,SA-D012,development,SA-D021,validation,0.6100480878485095
stage_a_pair,SA-D012,development,SA-D022,sealed_holdout,0.20270480915205072
stage_a_pair,SA-D012,development,SA-D023,sealed_holdout,0.80897527398709135
stage_a_pair,SA-D012,development,SA-D024,development,2.1536020883789764
stage_a_pair,SA-D012,development,SA-D025,development,1.3419885609928626
stage_a_pair,SA-D012,development,SA-D026,development,1.4371695681612031
stage_a_pair,SA-D012,development,SA-D027,development,1.184565531115553
stage_a_pair,SA-D012,development,SA-D028,validation,1.4993582626926867
stage_a_pair,SA-D012,development,SA-D029,sealed_holdout,1.5538687509651188
stage_a_pair,SA-D013,development,SA-D014,development,0.13392497369695069
stage_a_pair,SA-D013,development,SA-D015,development,0.23925643643871905
stage_a_pair,SA-D013,development,SA-D016,development,0.53613552567833789
stage_a_pair,SA-D013,development,SA-D017,development,0.52249897163526005
stage_a_pair,SA-D013,development,SA-D018,development,0.36174046898788126
stage_a_pair,SA-D013,development,SA-D019,development,0.43045957183657402
stage_a_pair,SA-D013,development,SA-D020,validation,0.12039492645571381
stage_a_pair,SA-D013,development,SA-D021,validation,0.55717558680902834
stage_a_pair,SA-D013,development,SA-D022,sealed_holdout,0.15811710482711264
stage_a_pair,SA-D013,development,SA-D023,sealed_holdout,0.72491529654699682
stage_a_pair,SA-D013,development,SA-D024,development,2.080620474604244
stage_a_pair,SA-D013,development,SA-D025,development,1.2631690866368768
stage_a_pair,SA-D013,development,SA-D026,development,1.4893847371739752
stage_a_pair,SA-D013,development,SA-D027,development,1.1968654652414217
stage_a_pair,SA-D013,development,SA-D028,validation,1.4471116966760968
stage_a_pair,SA-D013,development,SA-D029,sealed_holdout,1.5029257084323633
stage_a_pair,SA-D014,development,SA-D015,development,0.1601361643535737
stage_a_pair,SA-D014,development,SA-D016,development,0.57899450705522815
stage_a_pair,SA-D014,development,SA-D017,development,0.52582581021107477
stage_a_pair,SA-D014,development,SA-D018,development,0.42243492052648229
stage_a_pair,SA-D014,development,SA-D019,development,0.37046087914350495
stage_a_pair,SA-D014,development,SA-D020,validation,0.14645544978331024
stage_a_pair,SA-D014,development,SA-D021,validation,0.53082534390350522
stage_a_pair,SA-D014,development,SA-D022,sealed_holdout,0.21519690471381209
stage_a_pair,SA-D014,development,SA-D023,sealed_holdout,0.66948031621194393
stage_a_pair,SA-D014,development,SA-D024,development,2.0093983428772417
stage_a_pair,SA-D014,development,SA-D025,development,1.1968328494204696
stage_a_pair,SA-D014,development,SA-D026,development,1.5669402211780037
stage_a_pair,SA-D014,development,SA-D027,development,1.2124074875990494
stage_a_pair,SA-D014,development,SA-D028,validation,1.4100187582071564
stage_a_pair,SA-D014,development,SA-D029,sealed_holdout,1.4833825799104015
stage_a_pair,SA-D015,development,SA-D016,development,0.64286101780323479
stage_a_pair,SA-D015,development,SA-D017,development,0.56754519969207329
stage_a_pair,SA-D015,development,SA-D018,development,0.48785542272618232
stage_a_pair,SA-D015,development,SA-D019,development,0.3971784402438579
stage_a_pair,SA-D015,development,SA-D020,validation,0.24322334038356866
stage_a_pair,SA-D015,development,SA-D021,validation,0.51685039602830474
stage_a_pair,SA-D015,development,SA-D022,sealed_holdout,0.25170496617228699
stage_a_pair,SA-D015,development,SA-D023,sealed_holdout,0.63854754851951212
stage_a_pair,SA-D015,development,SA-D024,development,1.9400991684976023
stage_a_pair,SA-D015,development,SA-D025,development,1.137029749139093
stage_a_pair,SA-D015,development,SA-D026,development,1.648728411069486
stage_a_pair,SA-D015,development,SA-D027,development,1.2172211284757675
stage_a_pair,SA-D015,development,SA-D028,validation,1.4136015576951717
stage_a_pair,SA-D015,development,SA-D029,sealed_holdout,1.4777054832684171
stage_a_pair,SA-D016,development,SA-D017,development,0.18802515685807866
stage_a_pair,SA-D016,development,SA-D018,development,0.61834786555092891
stage_a_pair,SA-D016,development,SA-D019,development,0.71472205300825564
stage_a_pair,SA-D016,development,SA-D020,validation,0.56017907010599555
stage_a_pair,SA-D016,development,SA-D021,validation,0.41905902552414226
stage_a_pair,SA-D016,development,SA-D022,sealed_holdout,0.5623063936414312
stage_a_pair,SA-D016,development,SA-D023,sealed_holdout,0.64538640083227417
stage_a_pair,SA-D016,development,SA-D024,development,2.0183591190146086
stage_a_pair,SA-D016,development,SA-D025,development,1.2799582834943601
stage_a_pair,SA-D016,development,SA-D026,development,1.0649737660423313
stage_a_pair,SA-D016,development,SA-D027,development,1.3114808690862396
stage_a_pair,SA-D016,development,SA-D028,validation,1.3970425482302717
stage_a_pair,SA-D016,development,SA-D029,sealed_holdout,1.2484523184097887
stage_a_pair,SA-D017,development,SA-D018,development,0.64295413797557033
stage_a_pair,SA-D017,development,SA-D019,development,0.64079251943573323
stage_a_pair,SA-D017,development,SA-D020,validation,0.53238155819061006
stage_a_pair,SA-D017,development,SA-D021,validation,0.29410381593135299
stage_a_pair,SA-D017,development,SA-D022,sealed_holdout,0.54932344144885792
stage_a_pair,SA-D017,development,SA-D023,sealed_holdout,0.50584255089117247
stage_a_pair,SA-D017,development,SA-D024,development,1.8841175464206663
stage_a_pair,SA-D017,development,SA-D025,development,1.1460549957414019
stage_a_pair,SA-D017,development,SA-D026,development,1.1945825220425481
stage_a_pair,SA-D017,development,SA-D027,development,1.3062652209590209
stage_a_pair,SA-D017,development,SA-D028,validation,1.3239256904778096
stage_a_pair,SA-D017,development,SA-D029,sealed_holdout,1.1775980019507724
stage_a_pair,SA-D018,development,SA-D019,development,0.37238366179099969
stage_a_pair,SA-D018,development,SA-D020,validation,0.38013570853770601
stage_a_pair,SA-D018,development,SA-D021,validation,0.69241513860360304
stage_a_pair,SA-D018,development,SA-D022,sealed_holdout,0.37285087880069373
stage_a_pair,SA-D018,development,SA-D023,sealed_holdout,0.72114358208943985
stage_a_pair,SA-D018,development,SA-D024,development,2.0169519347958458
stage_a_pair,SA-D018,development,SA-D025,development,1.2019344202192328
stage_a_pair,SA-D018,development,SA-D026,development,1.452221819373863
stage_a_pair,SA-D018,development,SA-D027,development,0.9081473913653666
stage_a_pair,SA-D018,development,SA-D028,validation,1.4444796332118714
stage_a_pair,SA-D018,development,SA-D029,sealed_holdout,1.4116519305770558
stage_a_pair,SA-D019,development,SA-D020,validation,0.40367560615356746
stage_a_pair,SA-D019,development,SA-D021,validation,0.63475163519832323
stage_a_pair,SA-D019,development,SA-D022,sealed_holdout,0.44415249325139738
stage_a_pair,SA-D019,development,SA-D023,sealed_holdout,0.54241510807327276
stage_a_pair,SA-D019,development,SA-D024,development,1.7889698383479002
stage_a_pair,SA-D019,development,SA-D025,development,0.964559269594924
stage_a_pair,SA-D019,development,SA-D026,development,1.6366494047902242
stage_a_pair,SA-D019,development,SA-D027,development,0.93355929841666219
stage_a_pair,SA-D019,development,SA-D028,validation,1.2886855711697522
stage_a_pair,SA-D019,development,SA-D029,sealed_holdout,1.3356951447367953
stage_a_pair,SA-D020,validation,SA-D021,validation,0.54451997114548623
stage_a_pair,SA-D020,validation,SA-D022,sealed_holdout,0.1500946005884104
stage_a_pair,SA-D020,validation,SA-D023,sealed_holdout,0.70681873793650718
stage_a_pair,SA-D020,validation,SA-D024,development,2.0373979944153042
stage_a_pair,SA-D020,validation,SA-D025,development,1.2207235528676306
stage_a_pair,SA-D020,validation,SA-D026,development,1.4918560730544796
stage_a_pair,SA-D020,validation,SA-D027,development,1.1593818682482806
stage_a_pair,SA-D020,validation,SA-D028,validation,1.3698607505857026
stage_a_pair,SA-D020,validation,SA-D029,sealed_holdout,1.5115248941744379
stage_a_pair,SA-D021,validation,SA-D022,sealed_holdout,0.54669195927136238
stage_a_pair,SA-D021,validation,SA-D023,sealed_holdout,0.39689859053960064
stage_a_pair,SA-D021,validation,SA-D024,development,1.7065062049319684
stage_a_pair,SA-D021,validation,SA-D025,development,0.98283368589221753
stage_a_pair,SA-D021,validation,SA-D026,development,1.3895427792957153
stage_a_pair,SA-D021,validation,SA-D027,development,1.2716307177964774
stage_a_pair,SA-D021,validation,SA-D028,validation,1.296582911336273
stage_a_pair,SA-D021,validation,SA-D029,sealed_holdout,1.1875859946295857
stage_a_pair,SA-D022,sealed_holdout,SA-D023,sealed_holdout,0.72125831187909062
stage_a_pair,SA-D022,sealed_holdout,SA-D024,development,2.043399742511383
stage_a_pair,SA-D022,sealed_holdout,SA-D025,development,1.2239534159473191
stage_a_pair,SA-D022,sealed_holdout,SA-D026,development,1.4869574148185651
stage_a_pair,SA-D022,sealed_holdout,SA-D027,development,1.1314539626776401
stage_a_pair,SA-D022,sealed_holdout,SA-D028,validation,1.4184527280076076
stage_a_pair,SA-D022,sealed_holdout,SA-D029,sealed_holdout,1.4953221390208886
stage_a_pair,SA-D023,sealed_holdout,SA-D024,development,1.4186398155425268
stage_a_pair,SA-D023,sealed_holdout,SA-D025,development,0.67522023230898021
stage_a_pair,SA-D023,sealed_holdout,SA-D026,development,1.5440154465262628
stage_a_pair,SA-D023,sealed_holdout,SA-D027,development,1.0896220103362355
stage_a_pair,SA-D023,sealed_holdout,SA-D028,validation,1.193298842894446
stage_a_pair,SA-D023,sealed_holdout,SA-D029,sealed_holdout,1.0021513753142295
stage_a_pair,SA-D024,development,SA-D025,development,0.85961978359956048
stage_a_pair,SA-D024,development,SA-D026,development,2.6235627177441221
stage_a_pair,SA-D024,development,SA-D027,development,1.7319916594246723
stage_a_pair,SA-D024,development,SA-D028,validation,1.6762136556955016
stage_a_pair,SA-D024,development,SA-D029,sealed_holdout,1.5005905147775682
stage_a_pair,SA-D025,development,SA-D026,development,2.0152435712883783
stage_a_pair,SA-D025,development,SA-D027,development,1.0629799450763779
stage_a_pair,SA-D025,development,SA-D028,validation,1.1936244957243829
stage_a_pair,SA-D025,development,SA-D029,sealed_holdout,1.1280922358256182
stage_a_pair,SA-D026,development,SA-D027,development,1.7934858895154404
stage_a_pair,SA-D026,development,SA-D028,validation,1.7348543889904184
stage_a_pair,SA-D026,development,SA-D029,sealed_holdout,1.726783025009045
stage_a_pair,SA-D027,development,SA-D028,validation,1.3770947469043358
stage_a_pair,SA-D027,development,SA-D029,sealed_holdout,1.5142282062911099
stage_a_pair,SA-D028,validation,SA-D029,sealed_holdout,1.9002922735587633
stage_a_to_original,SA-D000,development,D000,,0.070710678118654738
stage_a_to_original,SA-D000,development,D001,,0.81421102990671423
stage_a_to_original,SA-D000,development,D002,,1.4627554422225468
stage_a_to_original,SA-D000,development,D003,,2.2239189111150464
stage_a_to_original,SA-D000,development,D004,,2.6744149071937455
stage_a_to_original,SA-D000,development,D005,,1.0365376793832488
stage_a_to_original,SA-D000,development,D006,,1.1841004965114141
stage_a_to_original,SA-D000,development,D007,,1.3250186100281265
stage_a_to_original,SA-D000,development,D008,,0.99973309523268883
stage_a_to_original,SA-D000,development,D009,,1.0963663216169706
stage_a_to_original,SA-D000,development,D010,,1.1348882335292285
stage_a_to_original,SA-D000,development,D011,,1.2835256529850188
stage_a_to_original,SA-D000,development,D012,,1.190126682127526
stage_a_to_original,SA-D000,development,D013,,1.142244438006953
stage_a_to_original,SA-D000,development,D014,,1.0782415769933891
stage_a_to_original,SA-D000,development,D015,,1.1274364144775477
stage_a_to_original,SA-D000,development,D016,,1.3027406742737309
stage_a_to_original,SA-D000,development,D017,,1.1869624869307682
stage_a_to_original,SA-D000,development,D018,,1.1112419152131439
stage_a_to_original,SA-D000,development,D019,,1.2660616744201845
stage_a_to_original,SA-D000,development,D020,,1.4007831397438948
stage_a_to_original,SA-D000,development,D021,,1.19974196008953
stage_a_to_original,SA-D000,development,D022,,0.99647105275346404
stage_a_to_original,SA-D000,development,D023,,1.0610468456171052
stage_a_to_original,SA-D000,development,D024,,1.2886446528784961
stage_a_to_original,SA-D000,development,D025,,1.3445852652040544
stage_a_to_original,SA-D000,development,D026,,1.107495358528475
stage_a_to_original,SA-D000,development,D027,,1.2280447178704468
stage_a_to_original,SA-D000,development,D028,,1.0314067260585176
stage_a_to_original,SA-D000,development,D029,,1.054442290573729
stage_a_to_original,SA-D000,development,D030,,1.2930886436424678
stage_a_to_original,SA-D000,development,D031,,1.1296790939264254
stage_a_to_original,SA-D000,development,D032,,1.1121493243185603
stage_a_to_original,SA-D000,development,D033,,1.2255853412538216
stage_a_to_original,SA-D000,development,D034,,1.1714148523662267
stage_a_to_original,SA-D000,development,D035,,1.231901176724951
stage_a_to_original,SA-D000,development,D036,,1.1391200664855925
stage_a_to_original,SA-D000,development,D037,,1.0445675047677718
stage_a_to_original,SA-D000,development,D038,,1.0771557457681553
stage_a_to_original,SA-D000,development,D039,,1.1117450338932227
stage_a_to_original,SA-D000,development,D040,,1.6542929300496525
stage_a_to_original,SA-D000,development,D041,,1.4709724292089144
stage_a_to_original,SA-D000,development,D042,,1.7166138291231132
stage_a_to_original,SA-D000,development,D043,,1.8745856067306828
stage_a_to_original,SA-D000,development,D044,,1.2625908598334445
stage_a_to_original,SA-D000,development,D045,,1.9897775290698685
stage_a_to_original,SA-D000,development,D046,,1.4267401197909009
stage_a_to_original,SA-D000,development,D047,,1.8923129172539475
stage_a_to_original,SA-D000,development,D048,,2.0068532261833765
stage_a_to_original,SA-D000,development,D049,,1.800428436200681
stage_a_to_original,SA-D000,development,D050,,1.6659191610541417
stage_a_to_original,SA-D000,development,D051,,1.2767324208784276
stage_a_to_original,SA-D000,development,D052,,1.4936434810129169
stage_a_to_original,SA-D000,development,D053,,1.6692268930587777
stage_a_to_original,SA-D000,development,D054,,1.4548102178456199
stage_a_to_original,SA-D000,development,D055,,1.6349923891768348
stage_a_to_original,SA-D000,development,D056,,1.4482736452924425
stage_a_to_original,SA-D000,development,D057,,1.4410431629247982
stage_a_to_original,SA-D000,development,D058,,2.1417793398150726
stage_a_to_original,SA-D000,development,D059,,1.5305428674101396
stage_a_to_original,SA-D000,development,D060,,1.5381842181680383
stage_a_to_original,SA-D000,development,D061,,1.1351088306451484
stage_a_to_original,SA-D000,development,D062,,1.9768809301720938
stage_a_to_original,SA-D000,development,D063,,1.2999050567673209
stage_a_to_original,SA-D000,development,D064,,1.7565678888008431
stage_a_to_original,SA-D000,development,D065,,1.2880764977400441
stage_a_to_original,SA-D000,development,D066,,1.3965283441046872
stage_a_to_original,SA-D000,development,D067,,1.3500735952550207
stage_a_to_original,SA-D000,development,D068,,1.3272519805069312
stage_a_to_original,SA-D000,development,D069,,2.0238084222895592
stage_a_to_original,SA-D000,development,D070,,1.3160858631128547
stage_a_to_original,SA-D000,development,D071,,1.966503938428773
stage_a_to_original,SA-D000,development,D072,,1.8273876931704129
stage_a_to_original,SA-D000,development,D073,,1.9224018679328458
stage_a_to_original,SA-D000,development,D074,,1.9442012280745928
stage_a_to_original,SA-D000,development,D075,,1.7931406523611979
stage_a_to_original,SA-D000,development,D076,,1.2993410717529688
stage_a_to_original,SA-D000,development,D077,,2.0329031165119558
stage_a_to_original,SA-D000,development,D078,,1.3922816137090146
stage_a_to_original,SA-D000,development,D079,,1.4969173484963754
stage_a_to_original,SA-D000,development,D080,,1.5816013539631784
stage_a_to_original,SA-D000,development,D081,,1.6368585528438553
stage_a_to_original,SA-D000,development,D082,,1.7769095777091741
stage_a_to_original,SA-D000,development,D083,,1.4512732912448683
stage_a_to_original,SA-D000,development,D084,,1.264185659607634
stage_a_to_original,SA-D000,development,D085,,1.3600725845945887
stage_a_to_original,SA-D000,development,D086,,1.7814076913750256
stage_a_to_original,SA-D000,development,D087,,2.2275418432610619
stage_a_to_original,SA-D000,development,D088,,1.8142564600756645
stage_a_to_original,SA-D000,development,D089,,1.8859030040604532
stage_a_to_original,SA-D000,development,D090,,1.5335606726564288
stage_a_to_original,SA-D000,development,D091,,1.503241353088975
stage_a_to_original,SA-D000,development,D092,,1.395320300289894
stage_a_to_original,SA-D000,development,D093,,1.6196161849078092
stage_a_to_original,SA-D000,development,D094,,1.4888443887249816
stage_a_to_original,SA-D000,development,D095,,1.8322390020464947
stage_a_to_original,SA-D000,development,D096,,2.0639111716415814
stage_a_to_original,SA-D000,development,D097,,1.469884442086193
stage_a_to_original,SA-D000,development,D098,,1.6494962078453421
stage_a_to_original,SA-D000,development,D099,,1.5057555885849054
stage_a_to_original,SA-D001,development,D000,,0.20743395966966682
stage_a_to_original,SA-D001,development,D001,,0.67339819384511823
stage_a_to_original,SA-D001,development,D002,,1.3510235410755744
stage_a_to_original,SA-D001,development,D003,,2.1148600459261084
stage_a_to_original,SA-D001,development,D004,,2.5631943943207123
stage_a_to_original,SA-D001,development,D005,,0.91507507371715391
stage_a_to_original,SA-D001,development,D006,,1.050365406447584
stage_a_to_original,SA-D001,development,D007,,1.2030218743438199
stage_a_to_original,SA-D001,development,D008,,0.82704034880789346
stage_a_to_original,SA-D001,development,D009,,0.98162159979247066
stage_a_to_original,SA-D001,development,D010,,1.0195185058781344
stage_a_to_original,SA-D001,development,D011,,1.1670435499561789
stage_a_to_original,SA-D001,development,D012,,1.0494805348196219
stage_a_to_original,SA-D001,development,D013,,1.0303832318572961
stage_a_to_original,SA-D001,development,D014,,0.93804759335175225
stage_a_to_original,SA-D001,development,D015,,0.99723435569637853
stage_a_to_original,SA-D001,development,D016,,1.1790908179208555
stage_a_to_original,SA-D001,development,D017,,1.0688485653204627
stage_a_to_original,SA-D001,development,D018,,0.96206336675157489
stage_a_to_original,SA-D001,development,D019,,1.1602220086292594
stage_a_to_original,SA-D001,development,D020,,1.2882912434554545
stage_a_to_original,SA-D001,development,D021,,1.0775099605620897
stage_a_to_original,SA-D001,development,D022,,0.85512988910992371
stage_a_to_original,SA-D001,development,D023,,0.89669943995464585
stage_a_to_original,SA-D001,development,D024,,1.162235761371595
stage_a_to_original,SA-D001,development,D025,,1.2222022613744916
stage_a_to_original,SA-D001,development,D026,,0.98274235190015446
stage_a_to_original,SA-D001,development,D027,,1.1085099095175874
stage_a_to_original,SA-D001,development,D028,,0.89242762904317752
stage_a_to_original,SA-D001,development,D029,,0.91058308376197949
stage_a_to_original,SA-D001,development,D030,,1.1859106812120828
stage_a_to_original,SA-D001,development,D031,,0.99108178834676575
stage_a_to_original,SA-D001,development,D032,,0.95054099193899733
stage_a_to_original,SA-D001,development,D033,,1.0908034861941451
stage_a_to_original,SA-D001,development,D034,,1.0211743506134803
stage_a_to_original,SA-D001,development,D035,,1.1203721073881197
stage_a_to_original,SA-D001,development,D036,,1.009506075521716
stage_a_to_original,SA-D001,development,D037,,0.91666752819862274
stage_a_to_original,SA-D001,development,D038,,0.92145305636731589
stage_a_to_original,SA-D001,development,D039,,0.97969297374828046
stage_a_to_original,SA-D001,development,D040,,1.5213066240425139
stage_a_to_original,SA-D001,development,D041,,1.3937281078713126
stage_a_to_original,SA-D001,development,D042,,1.682365231276677
stage_a_to_original,SA-D001,development,D043,,1.8028280529775376
stage_a_to_original,SA-D001,development,D044,,1.1094399581876304
stage_a_to_original,SA-D001,development,D045,,1.9012911206004937
stage_a_to_original,SA-D001,development,D046,,1.2948188233068247
stage_a_to_original,SA-D001,development,D047,,1.7914229507105606
stage_a_to_original,SA-D001,development,D048,,1.9023661440494692
stage_a_to_original,SA-D001,development,D049,,1.7281095619197202
stage_a_to_original,SA-D001,development,D050,,1.574977114155546
stage_a_to_original,SA-D001,development,D051,,1.1837720806374932
stage_a_to_original,SA-D001,development,D052,,1.3926711251728607
stage_a_to_original,SA-D001,development,D053,,1.5385040121106215
stage_a_to_original,SA-D001,development,D054,,1.4037869504677929
stage_a_to_original,SA-D001,development,D055,,1.5410777557109381
stage_a_to_original,SA-D001,development,D056,,1.3202296865542933
stage_a_to_original,SA-D001,development,D057,,1.3539465664338772
stage_a_to_original,SA-D001,development,D058,,2.0003280517056075
stage_a_to_original,SA-D001,development,D059,,1.3588765148785724
stage_a_to_original,SA-D001,development,D060,,1.3610279886383456
stage_a_to_original,SA-D001,development,D061,,1.0084125692595025
stage_a_to_original,SA-D001,development,D062,,1.8290403299474838
stage_a_to_original,SA-D001,development,D063,,1.1755487290504232
stage_a_to_original,SA-D001,development,D064,,1.6301336429133868
stage_a_to_original,SA-D001,development,D065,,1.1772259024703315
stage_a_to_original,SA-D001,development,D066,,1.286822122675559
stage_a_to_original,SA-D001,development,D067,,1.2482414040146526
stage_a_to_original,SA-D001,development,D068,,1.1728333667594069
stage_a_to_original,SA-D001,development,D069,,1.8648584788653551
stage_a_to_original,SA-D001,development,D070,,1.1825564738809564
stage_a_to_original,SA-D001,development,D071,,1.8174337246580705
stage_a_to_original,SA-D001,development,D072,,1.6392207645469157
stage_a_to_original,SA-D001,development,D073,,1.7949684587880017
stage_a_to_original,SA-D001,development,D074,,1.8361859575424193
stage_a_to_original,SA-D001,development,D075,,1.6722677572884337
stage_a_to_original,SA-D001,development,D076,,1.2046281433735739
stage_a_to_original,SA-D001,development,D077,,1.9345680719159311
stage_a_to_original,SA-D001,development,D078,,1.2707565148808364
stage_a_to_original,SA-D001,development,D079,,1.3636276888064263
stage_a_to_original,SA-D001,development,D080,,1.5246335228061931
stage_a_to_original,SA-D001,development,D081,,1.5503039187071512
stage_a_to_original,SA-D001,development,D082,,1.6921731104955329
stage_a_to_original,SA-D001,development,D083,,1.3169181788292095
stage_a_to_original,SA-D001,development,D084,,1.2121691415682811
stage_a_to_original,SA-D001,development,D085,,1.348458763209327
stage_a_to_original,SA-D001,development,D086,,1.6558261634828009
stage_a_to_original,SA-D001,development,D087,,2.1288001160181147
stage_a_to_original,SA-D001,development,D088,,1.6608071343257522
stage_a_to_original,SA-D001,development,D089,,1.7432314537082214
stage_a_to_original,SA-D001,development,D090,,1.5036505927622121
stage_a_to_original,SA-D001,development,D091,,1.3922664675805487
stage_a_to_original,SA-D001,development,D092,,1.283412141026739
stage_a_to_original,SA-D001,development,D093,,1.4639719686272323
stage_a_to_original,SA-D001,development,D094,,1.3459185009061752
stage_a_to_original,SA-D001,development,D095,,1.7626193680663689
stage_a_to_original,SA-D001,development,D096,,1.9387453359405988
stage_a_to_original,SA-D001,development,D097,,1.4480407048904134
stage_a_to_original,SA-D001,development,D098,,1.537398565423798
stage_a_to_original,SA-D001,development,D099,,1.386808190388189
stage_a_to_original,SA-D002,development,D000,,0.43269073580317036
stage_a_to_original,SA-D002,development,D001,,0.52847162554772853
stage_a_to_original,SA-D002,development,D002,,1.2505367164128354
stage_a_to_original,SA-D002,development,D003,,2.014389865748532
stage_a_to_original,SA-D002,development,D004,,2.4504644373105613
stage_a_to_original,SA-D002,development,D005,,0.80450829529170309
stage_a_to_original,SA-D002,development,D006,,0.93659075983085549
stage_a_to_original,SA-D002,development,D007,,1.0917519819792896
stage_a_to_original,SA-D002,development,D008,,0.67692185735357868
stage_a_to_original,SA-D002,development,D009,,0.89899496454176175
stage_a_to_original,SA-D002,development,D010,,0.91318098697168915
stage_a_to_original,SA-D002,development,D011,,1.066093592560202
stage_a_to_original,SA-D002,development,D012,,0.9311157575946627
stage_a_to_original,SA-D002,development,D013,,0.93683939113764958
stage_a_to_original,SA-D002,development,D014,,0.80958481296697016
stage_a_to_original,SA-D002,development,D015,,0.88971206458516072
stage_a_to_original,SA-D002,development,D016,,1.0710832437717781
stage_a_to_original,SA-D002,development,D017,,0.95481160701686896
stage_a_to_original,SA-D002,development,D018,,0.82605951643901354
stage_a_to_original,SA-D002,development,D019,,1.0851753120910279
stage_a_to_original,SA-D002,development,D020,,1.1907484349653727
stage_a_to_original,SA-D002,development,D021,,0.97264443487408014
stage_a_to_original,SA-D002,development,D022,,0.72679964283947962
stage_a_to_original,SA-D002,development,D023,,0.75762962247754539
stage_a_to_original,SA-D002,development,D024,,1.0444273479260784
stage_a_to_original,SA-D002,development,D025,,1.125635093633631
stage_a_to_original,SA-D002,development,D026,,0.87897086782722367
stage_a_to_original,SA-D002,development,D027,,1.0192635884511392
stage_a_to_original,SA-D002,development,D028,,0.75034789770601595
stage_a_to_original,SA-D002,development,D029,,0.78240574952119701
stage_a_to_original,SA-D002,development,D030,,1.0970239834523958
stage_a_to_original,SA-D002,development,D031,,0.88041407555453688
stage_a_to_original,SA-D002,development,D032,,0.81152420764820077
stage_a_to_original,SA-D002,development,D033,,0.97151897471065563
stage_a_to_original,SA-D002,development,D034,,0.88706960423656878
stage_a_to_original,SA-D002,development,D035,,1.0207771229821418
stage_a_to_original,SA-D002,development,D036,,0.89760994652441239
stage_a_to_original,SA-D002,development,D037,,0.80184857230086592
stage_a_to_original,SA-D002,development,D038,,0.78972214061979329
stage_a_to_original,SA-D002,development,D039,,0.88463183472457463
stage_a_to_original,SA-D002,development,D040,,1.4036017843661655
stage_a_to_original,SA-D002,development,D041,,1.3279548725815939
stage_a_to_original,SA-D002,development,D042,,1.6722064777049153
stage_a_to_original,SA-D002,development,D043,,1.7359605169413552
stage_a_to_original,SA-D002,development,D044,,0.95307218865009302
stage_a_to_original,SA-D002,development,D045,,1.8174182091893856
stage_a_to_original,SA-D002,development,D046,,1.1798479849427397
stage_a_to_original,SA-D002,development,D047,,1.7053973027810612
stage_a_to_original,SA-D002,development,D048,,1.8071335733748097
stage_a_to_original,SA-D002,development,D049,,1.678304699108669
stage_a_to_original,SA-D002,development,D050,,1.4815265665949615
stage_a_to_original,SA-D002,development,D051,,1.103862412656653
stage_a_to_original,SA-D002,development,D052,,1.30070371796179
stage_a_to_original,SA-D002,development,D053,,1.4400600200858908
stage_a_to_original,SA-D002,development,D054,,1.3715676263893664
stage_a_to_original,SA-D002,development,D055,,1.4768770134220683
stage_a_to_original,SA-D002,development,D056,,1.2008973587680254
stage_a_to_original,SA-D002,development,D057,,1.3217281052636494
stage_a_to_original,SA-D002,development,D058,,1.8717541422884327
stage_a_to_original,SA-D002,development,D059,,1.2025924748594836
stage_a_to_original,SA-D002,development,D060,,1.1860069492410614
stage_a_to_original,SA-D002,development,D061,,0.90234295116399121
stage_a_to_original,SA-D002,development,D062,,1.6608744878957178
stage_a_to_original,SA-D002,development,D063,,1.0643726812813419
stage_a_to_original,SA-D002,development,D064,,1.5153347427689021
stage_a_to_original,SA-D002,development,D065,,1.1110662783907161
stage_a_to_original,SA-D002,development,D066,,1.1996224781371201
stage_a_to_original,SA-D002,development,D067,,1.1698304610304311
stage_a_to_original,SA-D002,development,D068,,1.0177651122451643
stage_a_to_original,SA-D002,development,D069,,1.7163644536082152
stage_a_to_original,SA-D002,development,D070,,1.0360905401203346
stage_a_to_original,SA-D002,development,D071,,1.6684488242886906
stage_a_to_original,SA-D002,development,D072,,1.4395750535907088
stage_a_to_original,SA-D002,development,D073,,1.6693926301821975
stage_a_to_original,SA-D002,development,D074,,1.7343037258125671
stage_a_to_original,SA-D002,development,D075,,1.5622495994978549
stage_a_to_original,SA-D002,development,D076,,1.1079704630650882
stage_a_to_original,SA-D002,development,D077,,1.8382584588599546
stage_a_to_original,SA-D002,development,D078,,1.1747104596073292
stage_a_to_original,SA-D002,development,D079,,1.237451053542757
stage_a_to_original,SA-D002,development,D080,,1.4698429677573821
stage_a_to_original,SA-D002,development,D081,,1.4688522493748699
stage_a_to_original,SA-D002,development,D082,,1.616837079783547
stage_a_to_original,SA-D002,development,D083,,1.2056421954319536
stage_a_to_original,SA-D002,development,D084,,1.1861089356247003
stage_a_to_original,SA-D002,development,D085,,1.3817326662494593
stage_a_to_original,SA-D002,development,D086,,1.5483444152689856
stage_a_to_original,SA-D002,development,D087,,2.0560240612880949
stage_a_to_original,SA-D002,development,D088,,1.5139019941108565
stage_a_to_original,SA-D002,development,D089,,1.6090876051461169
stage_a_to_original,SA-D002,development,D090,,1.4984162201192137
stage_a_to_original,SA-D002,development,D091,,1.3013957885428449
stage_a_to_original,SA-D002,development,D092,,1.2141124018998941
stage_a_to_original,SA-D002,development,D093,,1.3304354965106051
stage_a_to_original,SA-D002,development,D094,,1.227258858912188
stage_a_to_original,SA-D002,development,D095,,1.7008849352114506
stage_a_to_original,SA-D002,development,D096,,1.8129746769606576
stage_a_to_original,SA-D002,development,D097,,1.438966155893656
stage_a_to_original,SA-D002,development,D098,,1.4524192444014803
stage_a_to_original,SA-D002,development,D099,,1.2888170729513075
stage_a_to_original,SA-D003,development,D000,,0.66079534717291732
stage_a_to_original,SA-D003,development,D001,,0.4586242288781579
stage_a_to_original,SA-D003,development,D002,,1.1864469404160649
stage_a_to_original,SA-D003,development,D003,,1.9360105478473086
stage_a_to_original,SA-D003,development,D004,,2.3547448283710586
stage_a_to_original,SA-D003,development,D005,,0.74989439030953231
stage_a_to_original,SA-D003,development,D006,,0.86772417108234556
stage_a_to_original,SA-D003,development,D007,,1.0273919547309189
stage_a_to_original,SA-D003,development,D008,,0.58110881609178
stage_a_to_original,SA-D003,development,D009,,0.85875974030118796
stage_a_to_original,SA-D003,development,D010,,0.853842146010373
stage_a_to_original,SA-D003,development,D011,,1.0081454465856359
stage_a_to_original,SA-D003,development,D012,,0.87214542981309251
stage_a_to_original,SA-D003,development,D013,,0.8906003548939263
stage_a_to_original,SA-D003,development,D014,,0.73999136182723124
stage_a_to_original,SA-D003,development,D015,,0.84325465042791181
stage_a_to_original,SA-D003,development,D016,,0.99785068037639124
stage_a_to_original,SA-D003,development,D017,,0.88470411751156874
stage_a_to_original,SA-D003,development,D018,,0.75317771035826375
stage_a_to_original,SA-D003,development,D019,,1.0529094518008451
stage_a_to_original,SA-D003,development,D020,,1.1409984943558127
stage_a_to_original,SA-D003,development,D021,,0.90695599966485185
stage_a_to_original,SA-D003,development,D022,,0.66043878815387658
stage_a_to_original,SA-D003,development,D023,,0.65205229611266247
stage_a_to_original,SA-D003,development,D024,,0.97458508282494916
stage_a_to_original,SA-D003,development,D025,,1.0703117083822358
stage_a_to_original,SA-D003,development,D026,,0.82742603024649497
stage_a_to_original,SA-D003,development,D027,,0.96803731416349581
stage_a_to_original,SA-D003,development,D028,,0.65943434462718387
stage_a_to_original,SA-D003,development,D029,,0.70738444576058601
stage_a_to_original,SA-D003,development,D030,,1.0450175136246129
stage_a_to_original,SA-D003,development,D031,,0.82051908597320944
stage_a_to_original,SA-D003,development,D032,,0.72031360851475124
stage_a_to_original,SA-D003,development,D033,,0.89614886247889725
stage_a_to_original,SA-D003,development,D034,,0.81254212440944695
stage_a_to_original,SA-D003,development,D035,,0.96286959683375273
stage_a_to_original,SA-D003,development,D036,,0.82831934483333414
stage_a_to_original,SA-D003,development,D037,,0.7513946945728468
stage_a_to_original,SA-D003,development,D038,,0.69327197663993434
stage_a_to_original,SA-D003,development,D039,,0.82929385209181272
stage_a_to_original,SA-D003,development,D040,,1.3143935160892266
stage_a_to_original,SA-D003,development,D041,,1.2954761556652095
stage_a_to_original,SA-D003,development,D042,,1.6913237084191257
stage_a_to_original,SA-D003,development,D043,,1.7017285102624149
stage_a_to_original,SA-D003,development,D044,,0.8313079847463396
stage_a_to_original,SA-D003,development,D045,,1.7592108890516942
stage_a_to_original,SA-D003,development,D046,,1.0908283090706381
stage_a_to_original,SA-D003,development,D047,,1.6408013580356742
stage_a_to_original,SA-D003,development,D048,,1.7430647662529453
stage_a_to_original,SA-D003,development,D049,,1.6658765271559262
stage_a_to_original,SA-D003,development,D050,,1.4193399232422845
stage_a_to_original,SA-D003,development,D051,,1.0777366721963104
stage_a_to_original,SA-D003,development,D052,,1.2535178941130825
stage_a_to_original,SA-D003,development,D053,,1.363845165212908
stage_a_to_original,SA-D003,development,D054,,1.3731663870617861
stage_a_to_original,SA-D003,development,D055,,1.460749953385112
stage_a_to_original,SA-D003,development,D056,,1.1158709027173344
stage_a_to_original,SA-D003,development,D057,,1.3115950483228951
stage_a_to_original,SA-D003,development,D058,,1.7564016780829306
stage_a_to_original,SA-D003,development,D059,,1.0517069490921982
stage_a_to_original,SA-D003,development,D060,,1.0325040310861131
stage_a_to_original,SA-D003,development,D061,,0.84547460179859757
stage_a_to_original,SA-D003,development,D062,,1.5089255757926434
stage_a_to_original,SA-D003,development,D063,,0.98761637390210888
stage_a_to_original,SA-D003,development,D064,,1.4443317312899557
stage_a_to_original,SA-D003,development,D065,,1.1095808488496384
stage_a_to_original,SA-D003,development,D066,,1.1426158323441162
stage_a_to_original,SA-D003,development,D067,,1.1331976020018339
stage_a_to_original,SA-D003,development,D068,,0.89410913781203749
stage_a_to_original,SA-D003,development,D069,,1.5866298680284618
stage_a_to_original,SA-D003,development,D070,,0.92399361118233203
stage_a_to_original,SA-D003,development,D071,,1.5393551922106725
stage_a_to_original,SA-D003,development,D072,,1.260556183018666
stage_a_to_original,SA-D003,development,D073,,1.5620261441462733
stage_a_to_original,SA-D003,development,D074,,1.66531581053822
stage_a_to_original,SA-D003,development,D075,,1.4783211878324467
stage_a_to_original,SA-D003,development,D076,,1.0532354546878413
stage_a_to_original,SA-D003,development,D077,,1.7715005922032656
stage_a_to_original,SA-D003,development,D078,,1.1181699336323931
stage_a_to_original,SA-D003,development,D079,,1.1633519516501585
stage_a_to_original,SA-D003,development,D080,,1.4496917305541446
stage_a_to_original,SA-D003,development,D081,,1.4195542003333406
stage_a_to_original,SA-D003,development,D082,,1.5716587549502223
stage_a_to_original,SA-D003,development,D083,,1.1121900254489328
stage_a_to_original,SA-D003,development,D084,,1.2115598596943882
stage_a_to_original,SA-D003,development,D085,,1.4430554167454359
stage_a_to_original,SA-D003,development,D086,,1.4601918445286002
stage_a_to_original,SA-D003,development,D087,,1.9962614050131655
stage_a_to_original,SA-D003,development,D088,,1.4052190808460752
stage_a_to_original,SA-D003,development,D089,,1.4977767874654953
stage_a_to_original,SA-D003,development,D090,,1.5220014161631632
stage_a_to_original,SA-D003,development,D091,,1.2557667043491254
stage_a_to_original,SA-D003,development,D092,,1.1698348739095497
stage_a_to_original,SA-D003,development,D093,,1.20758203626448
stage_a_to_original,SA-D003,development,D094,,1.1618754277162915
stage_a_to_original,SA-D003,development,D095,,1.6720817722749812
stage_a_to_original,SA-D003,development,D096,,1.702443777807876
stage_a_to_original,SA-D003,development,D097,,1.4661726042199263
stage_a_to_original,SA-D003,development,D098,,1.4094646248568923
stage_a_to_original,SA-D003,development,D099,,1.2264170297674539
stage_a_to_original,SA-D004,development,D000,,0.40544979213206861
stage_a_to_original,SA-D004,development,D001,,0.57176808012638092
stage_a_to_original,SA-D004,development,D002,,1.2554683498709067
stage_a_to_original,SA-D004,development,D003,,2.0173090911212772
stage_a_to_original,SA-D004,development,D004,,2.4442387220592146
stage_a_to_original,SA-D004,development,D005,,0.80044725009739581
stage_a_to_original,SA-D004,development,D006,,0.97207139025308442
stage_a_to_original,SA-D004,development,D007,,1.1439250541990107
stage_a_to_original,SA-D004,development,D008,,0.70400432584473926
stage_a_to_original,SA-D004,development,D009,,0.83391951071694947
stage_a_to_original,SA-D004,development,D010,,0.93081664878608761
stage_a_to_original,SA-D004,development,D011,,1.0834361369125103
stage_a_to_original,SA-D004,development,D012,,1.0115402009220986
stage_a_to_original,SA-D004,development,D013,,0.91444105790894348
stage_a_to_original,SA-D004,development,D014,,0.8590986797462965
stage_a_to_original,SA-D004,development,D015,,0.91440833173541658
stage_a_to_original,SA-D004,development,D016,,1.0920246673172909
stage_a_to_original,SA-D004,development,D017,,0.98173684518087601
stage_a_to_original,SA-D004,development,D018,,0.86665239252225357
stage_a_to_original,SA-D004,development,D019,,1.0695580807384815
stage_a_to_original,SA-D004,development,D020,,1.2181011478819677
stage_a_to_original,SA-D004,development,D021,,0.95576223870300625
stage_a_to_original,SA-D004,development,D022,,0.75322584495348532
stage_a_to_original,SA-D004,development,D023,,0.75016742816409099
stage_a_to_original,SA-D004,development,D024,,1.0842162779231352
stage_a_to_original,SA-D004,development,D025,,1.1446944534969523
stage_a_to_original,SA-D004,development,D026,,0.86878746795143869
stage_a_to_original,SA-D004,development,D027,,1.0009625825330892
stage_a_to_original,SA-D004,development,D028,,0.79175867659335819
stage_a_to_original,SA-D004,development,D029,,0.7840897278957244
stage_a_to_original,SA-D004,development,D030,,1.0805931944808711
stage_a_to_original,SA-D004,development,D031,,0.86266458987479588
stage_a_to_original,SA-D004,development,D032,,0.87292679076633917
stage_a_to_original,SA-D004,development,D033,,1.0032605654892341
stage_a_to_original,SA-D004,development,D034,,0.97055873633591994
stage_a_to_original,SA-D004,development,D035,,1.0168131702489243
stage_a_to_original,SA-D004,development,D036,,0.89477597772670558
stage_a_to_original,SA-D004,development,D037,,0.82416253130499639
stage_a_to_original,SA-D004,development,D038,,0.78441917794803107
stage_a_to_original,SA-D004,development,D039,,0.86180076695250918
stage_a_to_original,SA-D004,development,D040,,1.4189485875382417
stage_a_to_original,SA-D004,development,D041,,1.2765693588361731
stage_a_to_original,SA-D004,development,D042,,1.658847910741142
stage_a_to_original,SA-D004,development,D043,,1.677166215690131
stage_a_to_original,SA-D004,development,D044,,0.97765404369277231
stage_a_to_original,SA-D004,development,D045,,1.8763671284827439
stage_a_to_original,SA-D004,development,D046,,1.184387584996502
stage_a_to_original,SA-D004,development,D047,,1.660885437034799
stage_a_to_original,SA-D004,development,D048,,1.8684329442998688
stage_a_to_original,SA-D004,development,D049,,1.7602782442189107
stage_a_to_original,SA-D004,development,D050,,1.5408366699241782
stage_a_to_original,SA-D004,development,D051,,1.1458212147743001
stage_a_to_original,SA-D004,development,D052,,1.3804948476945107
stage_a_to_original,SA-D004,development,D053,,1.5692552491228087
stage_a_to_original,SA-D004,development,D054,,1.3154850463214942
stage_a_to_original,SA-D004,development,D055,,1.5621439511256245
stage_a_to_original,SA-D004,development,D056,,1.3707099938740352
stage_a_to_original,SA-D004,development,D057,,1.3437722900974272
stage_a_to_original,SA-D004,development,D058,,1.9590058267857731
stage_a_to_original,SA-D004,development,D059,,1.1950213234038543
stage_a_to_original,SA-D004,development,D060,,1.2679102315844553
stage_a_to_original,SA-D004,development,D061,,1.0874303913054779
stage_a_to_original,SA-D004,development,D062,,1.7260341165933908
stage_a_to_original,SA-D004,development,D063,,1.0519910981846801
stage_a_to_original,SA-D004,development,D064,,1.6351009241059162
stage_a_to_original,SA-D004,development,D065,,1.2831833825562571
stage_a_to_original,SA-D004,development,D066,,1.2906478478540941
stage_a_to_original,SA-D004,development,D067,,1.1973788922877397
stage_a_to_original,SA-D004,development,D068,,1.0654588965811012
stage_a_to_original,SA-D004,development,D069,,1.7969359887779226
stage_a_to_original,SA-D004,development,D070,,1.1341838672017102
stage_a_to_original,SA-D004,development,D071,,1.7236612435449681
stage_a_to_original,SA-D004,development,D072,,1.5641085902904923
stage_a_to_original,SA-D004,development,D073,,1.7021008129629112
stage_a_to_original,SA-D004,development,D074,,1.7658311474661927
stage_a_to_original,SA-D004,development,D075,,1.5152869168801122
stage_a_to_original,SA-D004,development,D076,,1.1523482954559905
stage_a_to_original,SA-D004,development,D077,,1.8951149431069869
stage_a_to_original,SA-D004,development,D078,,1.2095837506460752
stage_a_to_original,SA-D004,development,D079,,1.2596535568424272
stage_a_to_original,SA-D004,development,D080,,1.4469041364492317
stage_a_to_original,SA-D004,development,D081,,1.5294014658038348
stage_a_to_original,SA-D004,development,D082,,1.5553730467253695
stage_a_to_original,SA-D004,development,D083,,1.1518372273958515
stage_a_to_original,SA-D004,development,D084,,1.2000589922133853
stage_a_to_original,SA-D004,development,D085,,1.3138857752376683
stage_a_to_original,SA-D004,development,D086,,1.5740104060546372
stage_a_to_original,SA-D004,development,D087,,2.0990033014269325
stage_a_to_original,SA-D004,development,D088,,1.6577225523668577
stage_a_to_original,SA-D004,development,D089,,1.7110704614242598
stage_a_to_original,SA-D004,development,D090,,1.4598220311996171
stage_a_to_original,SA-D004,development,D091,,1.3572288211704946
stage_a_to_original,SA-D004,development,D092,,1.1891577483932336
stage_a_to_original,SA-D004,development,D093,,1.3186929073798106
stage_a_to_original,SA-D004,development,D094,,1.3534695495865334
stage_a_to_original,SA-D004,development,D095,,1.6825158975423296
stage_a_to_original,SA-D004,development,D096,,1.8530088283064989
stage_a_to_original,SA-D004,development,D097,,1.4025606201151266
stage_a_to_original,SA-D004,development,D098,,1.6196798389747102
stage_a_to_original,SA-D004,development,D099,,1.2770007272281512
stage_a_to_original,SA-D005,development,D000,,0.35038048279241946
stage_a_to_original,SA-D005,development,D001,,0.62789328497599373
stage_a_to_original,SA-D005,development,D002,,1.3469117451224106
stage_a_to_original,SA-D005,development,D003,,2.1271624933296476
stage_a_to_original,SA-D005,development,D004,,2.5466941022810405
stage_a_to_original,SA-D005,development,D005,,0.89229638108703691
stage_a_to_original,SA-D005,development,D006,,1.071952317685462
stage_a_to_original,SA-D005,development,D007,,1.2069208293962803
stage_a_to_original,SA-D005,development,D008,,0.92145303025513614
stage_a_to_original,SA-D005,development,D009,,1.0344123230999462
stage_a_to_original,SA-D005,development,D010,,0.99240606335384873
stage_a_to_original,SA-D005,development,D011,,1.1664434884609112
stage_a_to_original,SA-D005,development,D012,,1.1054579637603057
stage_a_to_original,SA-D005,development,D013,,1.0377923680451904
stage_a_to_original,SA-D005,development,D014,,0.95902874059539545
stage_a_to_original,SA-D005,development,D015,,1.05487555022006
stage_a_to_original,SA-D005,development,D016,,1.1960894177851857
stage_a_to_original,SA-D005,development,D017,,1.0360690937059867
stage_a_to_original,SA-D005,development,D018,,1.0015708074447998
stage_a_to_original,SA-D005,development,D019,,1.2132011972602799
stage_a_to_original,SA-D005,development,D020,,1.3143848031633087
stage_a_to_original,SA-D005,development,D021,,1.0837293090462505
stage_a_to_original,SA-D005,development,D022,,0.86651043984710818
stage_a_to_original,SA-D005,development,D023,,0.96320686895942298
stage_a_to_original,SA-D005,development,D024,,1.1633663866837609
stage_a_to_original,SA-D005,development,D025,,1.2777752313315662
stage_a_to_original,SA-D005,development,D026,,1.0182617102880713
stage_a_to_original,SA-D005,development,D027,,1.1596491853064508
stage_a_to_original,SA-D005,development,D028,,0.86327725960977442
stage_a_to_original,SA-D005,development,D029,,0.94872475866392014
stage_a_to_original,SA-D005,development,D030,,1.2027744323258396
stage_a_to_original,SA-D005,development,D031,,1.0665134810395092
stage_a_to_original,SA-D005,development,D032,,1.013449908829595
stage_a_to_original,SA-D005,development,D033,,1.1177556628883376
stage_a_to_original,SA-D005,development,D034,,1.0668569887934303
stage_a_to_original,SA-D005,development,D035,,1.100839202977087
stage_a_to_original,SA-D005,development,D036,,1.030886172116142
stage_a_to_original,SA-D005,development,D037,,0.93458192258521766
stage_a_to_original,SA-D005,development,D038,,0.98054790843169126
stage_a_to_original,SA-D005,development,D039,,1.060223041350024
stage_a_to_original,SA-D005,development,D040,,1.5920057487882475
stage_a_to_original,SA-D005,development,D041,,1.3410886167426532
stage_a_to_original,SA-D005,development,D042,,1.6564096566300723
stage_a_to_original,SA-D005,development,D043,,1.7993901996405819
stage_a_to_original,SA-D005,development,D044,,1.1821210543201379
stage_a_to_original,SA-D005,development,D045,,1.8432603731084152
stage_a_to_original,SA-D005,development,D046,,1.3377233943259976
stage_a_to_original,SA-D005,development,D047,,1.8186888030589348
stage_a_to_original,SA-D005,development,D048,,1.8819696552902125
stage_a_to_original,SA-D005,development,D049,,1.696194638784162
stage_a_to_original,SA-D005,development,D050,,1.5176353518195103
stage_a_to_original,SA-D005,development,D051,,1.2286966861395434
stage_a_to_original,SA-D005,development,D052,,1.3599107610617913
stage_a_to_original,SA-D005,development,D053,,1.5468784355077909
stage_a_to_original,SA-D005,development,D054,,1.3728496107669796
stage_a_to_original,SA-D005,development,D055,,1.5672824214727439
stage_a_to_original,SA-D005,development,D056,,1.245976600635688
stage_a_to_original,SA-D005,development,D057,,1.4328050039455309
stage_a_to_original,SA-D005,development,D058,,2.0162354212512659
stage_a_to_original,SA-D005,development,D059,,1.4404546184086575
stage_a_to_original,SA-D005,development,D060,,1.4143099561700465
stage_a_to_original,SA-D005,development,D061,,0.93046659371238538
stage_a_to_original,SA-D005,development,D062,,1.7463342445414096
stage_a_to_original,SA-D005,development,D063,,1.2069404080120663
stage_a_to_original,SA-D005,development,D064,,1.6781238994393683
stage_a_to_original,SA-D005,development,D065,,1.2008389074296335
stage_a_to_original,SA-D005,development,D066,,1.2705486381543776
stage_a_to_original,SA-D005,development,D067,,1.246463817279255
stage_a_to_original,SA-D005,development,D068,,1.2253805753323486
stage_a_to_original,SA-D005,development,D069,,1.8957576126445417
stage_a_to_original,SA-D005,development,D070,,1.090875974523964
stage_a_to_original,SA-D005,development,D071,,1.8318092735730962
stage_a_to_original,SA-D005,development,D072,,1.6813504971553721
stage_a_to_original,SA-D005,development,D073,,1.7654120132020759
stage_a_to_original,SA-D005,development,D074,,1.8588050320153668
stage_a_to_original,SA-D005,development,D075,,1.7429079993461789
stage_a_to_original,SA-D005,development,D076,,1.0969618886908588
stage_a_to_original,SA-D005,development,D077,,1.9055437004841269
stage_a_to_original,SA-D005,development,D078,,1.2807840074547985
stage_a_to_original,SA-D005,development,D079,,1.4648331768318372
stage_a_to_original,SA-D005,development,D080,,1.4345124173269537
stage_a_to_original,SA-D005,development,D081,,1.4980214508649232
stage_a_to_original,SA-D005,development,D082,,1.71046922973657
stage_a_to_original,SA-D005,development,D083,,1.3946048493270384
stage_a_to_original,SA-D005,development,D084,,1.1569149046771279
stage_a_to_original,SA-D005,development,D085,,1.342518110825659
stage_a_to_original,SA-D005,development,D086,,1.6976947577332413
stage_a_to_original,SA-D005,development,D087,,2.1338155751489642
stage_a_to_original,SA-D005,development,D088,,1.6870213464793375
stage_a_to_original,SA-D005,development,D089,,1.7412604191171257
stage_a_to_original,SA-D005,development,D090,,1.5078611929637948
stage_a_to_original,SA-D005,development,D091,,1.3719334180348113
stage_a_to_original,SA-D005,development,D092,,1.3588921346091114
stage_a_to_original,SA-D005,development,D093,,1.5428554082823813
stage_a_to_original,SA-D005,development,D094,,1.3669611885603155
stage_a_to_original,SA-D005,development,D095,,1.7153593785560397
stage_a_to_original,SA-D005,development,D096,,1.9184406973539598
stage_a_to_original,SA-D005,development,D097,,1.3727195979371014
stage_a_to_original,SA-D005,development,D098,,1.5497355427940367
stage_a_to_original,SA-D005,development,D099,,1.4653497878508754
stage_a_to_original,SA-D006,development,D000,,0.56089507876428368
stage_a_to_original,SA-D006,development,D001,,0.67135049734667407
stage_a_to_original,SA-D006,development,D002,,1.2140399915733417
stage_a_to_original,SA-D006,development,D003,,1.9208326766896442
stage_a_to_original,SA-D006,development,D004,,2.3618013649488327
stage_a_to_original,SA-D006,development,D005,,0.82814521953126952
stage_a_to_original,SA-D006,development,D006,,0.90502488358805655
stage_a_to_original,SA-D006,development,D007,,1.0809519012879019
stage_a_to_original,SA-D006,development,D008,,0.58395902147876955
stage_a_to_original,SA-D006,development,D009,,0.85338496117234597
stage_a_to_original,SA-D006,development,D010,,0.94886433461304165
stage_a_to_original,SA-D006,development,D011,,1.0454505420209022
stage_a_to_original,SA-D006,development,D012,,0.87480065380868444
stage_a_to_original,SA-D006,development,D013,,0.92507259628531591
stage_a_to_original,SA-D006,development,D014,,0.81142790416755162
stage_a_to_original,SA-D006,development,D015,,0.84266002909161852
stage_a_to_original,SA-D006,development,D016,,1.0694886913628432
stage_a_to_original,SA-D006,development,D017,,0.98191153837160605
stage_a_to_original,SA-D006,development,D018,,0.73742330050911375
stage_a_to_original,SA-D006,development,D019,,1.0439440916500158
stage_a_to_original,SA-D006,development,D020,,1.1512640853012914
stage_a_to_original,SA-D006,development,D021,,0.94590821612948006
stage_a_to_original,SA-D006,development,D022,,0.73761203679710174
stage_a_to_original,SA-D006,development,D023,,0.66665432173847894
stage_a_to_original,SA-D006,development,D024,,1.0182142868661113
stage_a_to_original,SA-D006,development,D025,,1.0544715384254559
stage_a_to_original,SA-D006,development,D026,,0.8512542888684087
stage_a_to_original,SA-D006,development,D027,,0.96015676016286389
stage_a_to_original,SA-D006,development,D028,,0.81616517660240506
stage_a_to_original,SA-D006,development,D029,,0.73647242534535395
stage_a_to_original,SA-D006,development,D030,,1.0834043375678282
stage_a_to_original,SA-D006,development,D031,,0.80021751677978614
stage_a_to_original,SA-D006,development,D032,,0.73998356761257933
stage_a_to_original,SA-D006,development,D033,,0.93429313092758903
stage_a_to_original,SA-D006,development,D034,,0.82246185352645695
stage_a_to_original,SA-D006,development,D035,,1.0355519227878367
stage_a_to_original,SA-D006,development,D036,,0.88009487746309523
stage_a_to_original,SA-D006,development,D037,,0.80964012142823405
stage_a_to_original,SA-D006,development,D038,,0.71971918026238912
stage_a_to_original,SA-D006,development,D039,,0.82823644495458626
stage_a_to_original,SA-D006,development,D040,,1.3591731646262404
stage_a_to_original,SA-D006,development,D041,,1.246350902622934
stage_a_to_original,SA-D006,development,D042,,1.6662351586398485
stage_a_to_original,SA-D006,development,D043,,1.6727146674551212
stage_a_to_original,SA-D006,development,D044,,0.97011846887315156
stage_a_to_original,SA-D006,development,D045,,1.7496223656977301
stage_a_to_original,SA-D006,development,D046,,1.117665643385432
stage_a_to_original,SA-D006,development,D047,,1.6646361230975411
stage_a_to_original,SA-D006,development,D048,,1.7177195850405809
stage_a_to_original,SA-D006,development,D049,,1.6110026925263377
stage_a_to_original,SA-D006,development,D050,,1.5340386255159741
stage_a_to_original,SA-D006,development,D051,,1.1803420296894191
stage_a_to_original,SA-D006,development,D052,,1.2312303923125125
stage_a_to_original,SA-D006,development,D053,,1.3601675555786279
stage_a_to_original,SA-D006,development,D054,,1.3434384869759184
stage_a_to_original,SA-D006,development,D055,,1.3785174846398189
stage_a_to_original,SA-D006,development,D056,,1.1928560615984449
stage_a_to_original,SA-D006,development,D057,,1.2537455041276244
stage_a_to_original,SA-D006,development,D058,,1.8060087377943501
stage_a_to_original,SA-D006,development,D059,,1.0981426118582556
stage_a_to_original,SA-D006,development,D060,,1.0444651936572305
stage_a_to_original,SA-D006,development,D061,,0.92540140841501761
stage_a_to_original,SA-D006,development,D062,,1.6310887019376756
stage_a_to_original,SA-D006,development,D063,,1.0943167527905073
stage_a_to_original,SA-D006,development,D064,,1.4232660647667343
stage_a_to_original,SA-D006,development,D065,,0.97937296162476717
stage_a_to_original,SA-D006,development,D066,,1.1357786178922518
stage_a_to_original,SA-D006,development,D067,,1.0858240070273675
stage_a_to_original,SA-D006,development,D068,,1.0072575280911256
stage_a_to_original,SA-D006,development,D069,,1.6105586528395353
stage_a_to_original,SA-D006,development,D070,,1.1166723326429588
stage_a_to_original,SA-D006,development,D071,,1.6197510915822455
stage_a_to_original,SA-D006,development,D072,,1.3697929951356438
stage_a_to_original,SA-D006,development,D073,,1.6035943085324516
stage_a_to_original,SA-D006,development,D074,,1.6601027564487378
stage_a_to_original,SA-D006,development,D075,,1.4835928676025989
stage_a_to_original,SA-D006,development,D076,,1.1560269229944875
stage_a_to_original,SA-D006,development,D077,,1.7926591657176423
stage_a_to_original,SA-D006,development,D078,,1.033386412493343
stage_a_to_original,SA-D006,development,D079,,1.179961452370937
stage_a_to_original,SA-D006,development,D080,,1.4318774071985534
stage_a_to_original,SA-D006,development,D081,,1.4263129177389005
stage_a_to_original,SA-D006,development,D082,,1.5637370662801411
stage_a_to_original,SA-D006,development,D083,,1.0801479872208422
stage_a_to_original,SA-D006,development,D084,,1.1088103370021998
stage_a_to_original,SA-D006,development,D085,,1.3242549034162676
stage_a_to_original,SA-D006,development,D086,,1.4683907747607119
stage_a_to_original,SA-D006,development,D087,,1.9173856487400724
stage_a_to_original,SA-D006,development,D088,,1.3720769696374122
stage_a_to_original,SA-D006,development,D089,,1.5413440114517081
stage_a_to_original,SA-D006,development,D090,,1.516355054800173
stage_a_to_original,SA-D006,development,D091,,1.1645210175440857
stage_a_to_original,SA-D006,development,D092,,1.147921925817798
stage_a_to_original,SA-D006,development,D093,,1.2642760836847424
stage_a_to_original,SA-D006,development,D094,,1.07499756455175
stage_a_to_original,SA-D006,development,D095,,1.6353089700548402
stage_a_to_original,SA-D006,development,D096,,1.7531560457398419
stage_a_to_original,SA-D006,development,D097,,1.472275383555089
stage_a_to_original,SA-D006,development,D098,,1.3758794639819574
stage_a_to_original,SA-D006,development,D099,,1.2128416518776204
stage_a_to_original,SA-D007,development,D000,,0.73098902079584749
stage_a_to_original,SA-D007,development,D001,,0.32514303644327075
stage_a_to_original,SA-D007,development,D002,,0.99107294812123536
stage_a_to_original,SA-D007,development,D003,,1.7627348384997983
stage_a_to_original,SA-D007,development,D004,,2.1525505873898307
stage_a_to_original,SA-D007,development,D005,,0.50460631072278761
stage_a_to_original,SA-D007,development,D006,,0.72833946526894922
stage_a_to_original,SA-D007,development,D007,,0.91293408752985072
stage_a_to_original,SA-D007,development,D008,,0.33098638836166583
stage_a_to_original,SA-D007,development,D009,,0.61663297400396644
stage_a_to_original,SA-D007,development,D010,,0.69396890745646977
stage_a_to_original,SA-D007,development,D011,,0.80227691304247883
stage_a_to_original,SA-D007,development,D012,,0.7288090252108137
stage_a_to_original,SA-D007,development,D013,,0.68340522109568269
stage_a_to_original,SA-D007,development,D014,,0.5777733829514895
stage_a_to_original,SA-D007,development,D015,,0.62617493218170983
stage_a_to_original,SA-D007,development,D016,,0.88616569393131595
stage_a_to_original,SA-D007,development,D017,,0.76381759430522156
stage_a_to_original,SA-D007,development,D018,,0.48253770547391117
stage_a_to_original,SA-D007,development,D019,,0.88642969269956318
stage_a_to_original,SA-D007,development,D020,,0.96167775624762331
stage_a_to_original,SA-D007,development,D021,,0.66262087480729837
stage_a_to_original,SA-D007,development,D022,,0.38011855851504861
stage_a_to_original,SA-D007,development,D023,,0.40678561966833204
stage_a_to_original,SA-D007,development,D024,,0.80005527471036864
stage_a_to_original,SA-D007,development,D025,,0.91095366647157916
stage_a_to_original,SA-D007,development,D026,,0.59732714106800133
stage_a_to_original,SA-D007,development,D027,,0.76599279575845214
stage_a_to_original,SA-D007,development,D028,,0.49118495424094327
stage_a_to_original,SA-D007,development,D029,,0.45068017574732594
stage_a_to_original,SA-D007,development,D030,,0.89906075130741203
stage_a_to_original,SA-D007,development,D031,,0.53828054308781537
stage_a_to_original,SA-D007,development,D032,,0.5082454088776317
stage_a_to_original,SA-D007,development,D033,,0.73419359677445484
stage_a_to_original,SA-D007,development,D034,,0.65665611968994364
stage_a_to_original,SA-D007,development,D035,,0.75914509075056391
stage_a_to_original,SA-D007,development,D036,,0.66395952178868745
stage_a_to_original,SA-D007,development,D037,,0.5012510577520175
stage_a_to_original,SA-D007,development,D038,,0.40760224835294312
stage_a_to_original,SA-D007,development,D039,,0.67238904008338429
stage_a_to_original,SA-D007,development,D040,,1.1959918758934247
stage_a_to_original,SA-D007,development,D041,,1.0581680812309766
stage_a_to_original,SA-D007,development,D042,,1.6068673316970283
stage_a_to_original,SA-D007,development,D043,,1.53822642325894
stage_a_to_original,SA-D007,development,D044,,0.87218277076916928
stage_a_to_original,SA-D007,development,D045,,1.7557487389342143
stage_a_to_original,SA-D007,development,D046,,0.91818607958125564
stage_a_to_original,SA-D007,development,D047,,1.4807697633538326
stage_a_to_original,SA-D007,development,D048,,1.5798052737985528
stage_a_to_original,SA-D007,development,D049,,1.5334909074293213
stage_a_to_original,SA-D007,development,D050,,1.4595817481465905
stage_a_to_original,SA-D007,development,D051,,1.1158931562652796
stage_a_to_original,SA-D007,development,D052,,1.1801470259792739
stage_a_to_original,SA-D007,development,D053,,1.3725454664790016
stage_a_to_original,SA-D007,development,D054,,1.2059993505002753
stage_a_to_original,SA-D007,development,D055,,1.418869878975801
stage_a_to_original,SA-D007,development,D056,,1.2044941843918198
stage_a_to_original,SA-D007,development,D057,,1.3823955742418101
stage_a_to_original,SA-D007,development,D058,,1.7368819300274791
stage_a_to_original,SA-D007,development,D059,,0.94711836419929807
stage_a_to_original,SA-D007,development,D060,,0.89628071501716977
stage_a_to_original,SA-D007,development,D061,,0.90702724895016484
stage_a_to_original,SA-D007,development,D062,,1.3813564497697191
stage_a_to_original,SA-D007,development,D063,,0.79939019929450505
stage_a_to_original,SA-D007,development,D064,,1.4668677543482418
stage_a_to_original,SA-D007,development,D065,,1.1453910616950189
stage_a_to_original,SA-D007,development,D066,,1.2350864241579669
stage_a_to_original,SA-D007,development,D067,,1.0644953525139484
stage_a_to_original,SA-D007,development,D068,,0.87937887438222029
stage_a_to_original,SA-D007,development,D069,,1.497069372259721
stage_a_to_original,SA-D007,development,D070,,0.93808468534106171
stage_a_to_original,SA-D007,development,D071,,1.5093496846880481
stage_a_to_original,SA-D007,development,D072,,1.2616373091108168
stage_a_to_original,SA-D007,development,D073,,1.411435131654502
stage_a_to_original,SA-D007,development,D074,,1.5575274512940631
stage_a_to_original,SA-D007,development,D075,,1.3146898400778773
stage_a_to_original,SA-D007,development,D076,,0.98602392901426417
stage_a_to_original,SA-D007,development,D077,,1.669479105428558
stage_a_to_original,SA-D007,development,D078,,0.86998689975830379
stage_a_to_original,SA-D007,development,D079,,1.137599141730588
stage_a_to_original,SA-D007,development,D080,,1.3363188759549751
stage_a_to_original,SA-D007,development,D081,,1.4269255079995717
stage_a_to_original,SA-D007,development,D082,,1.3849315536363149
stage_a_to_original,SA-D007,development,D083,,0.99845994028145724
stage_a_to_original,SA-D007,development,D084,,1.0896341333457822
stage_a_to_original,SA-D007,development,D085,,1.309485817360496
stage_a_to_original,SA-D007,development,D086,,1.4799782693091161
stage_a_to_original,SA-D007,development,D087,,1.9487868953417571
stage_a_to_original,SA-D007,development,D088,,1.4116286727751761
stage_a_to_original,SA-D007,development,D089,,1.514361994733509
stage_a_to_original,SA-D007,development,D090,,1.4692834963441521
stage_a_to_original,SA-D007,development,D091,,1.0636633916717668
stage_a_to_original,SA-D007,development,D092,,1.0643845076546323
stage_a_to_original,SA-D007,development,D093,,1.0768105226050924
stage_a_to_original,SA-D007,development,D094,,1.0409645493244024
stage_a_to_original,SA-D007,development,D095,,1.4911054661877798
stage_a_to_original,SA-D007,development,D096,,1.5892272731540633
stage_a_to_original,SA-D007,development,D097,,1.3978214780031213
stage_a_to_original,SA-D007,development,D098,,1.4754703189811234
stage_a_to_original,SA-D007,development,D099,,1.1249955533790557
stage_a_to_original,SA-D008,validation,D000,,0.25912639903759432
stage_a_to_original,SA-D008,validation,D001,,0.69796838917214288
stage_a_to_original,SA-D008,validation,D002,,1.3626889340093502
stage_a_to_original,SA-D008,validation,D003,,2.1126778116109213
stage_a_to_original,SA-D008,validation,D004,,2.5586962077171211
stage_a_to_original,SA-D008,validation,D005,,0.92713940529074279
stage_a_to_original,SA-D008,validation,D006,,1.0628898668651718
stage_a_to_original,SA-D008,validation,D007,,1.2257398408362212
stage_a_to_original,SA-D008,validation,D008,,0.84476375354713962
stage_a_to_original,SA-D008,validation,D009,,0.96601210944573479
stage_a_to_original,SA-D008,validation,D010,,1.0331997382994551
stage_a_to_original,SA-D008,validation,D011,,1.1872642556548243
stage_a_to_original,SA-D008,validation,D012,,1.1007685979691015
stage_a_to_original,SA-D008,validation,D013,,1.0293967555333552
stage_a_to_original,SA-D008,validation,D014,,0.97341174389433194
stage_a_to_original,SA-D008,validation,D015,,1.0297852702804029
stage_a_to_original,SA-D008,validation,D016,,1.1826828086485066
stage_a_to_original,SA-D008,validation,D017,,1.0707080644851354
stage_a_to_original,SA-D008,validation,D018,,0.99347726802978986
stage_a_to_original,SA-D008,validation,D019,,1.1646223926673833
stage_a_to_original,SA-D008,validation,D020,,1.3223089807304471
stage_a_to_original,SA-D008,validation,D021,,1.0793962158247716
stage_a_to_original,SA-D008,validation,D022,,0.89793381663762029
stage_a_to_original,SA-D008,validation,D023,,0.88066001413999717
stage_a_to_original,SA-D008,validation,D024,,1.1929064105855103
stage_a_to_original,SA-D008,validation,D025,,1.2376427741740783
stage_a_to_original,SA-D008,validation,D026,,0.98811029852347898
stage_a_to_original,SA-D008,validation,D027,,1.1021855731902268
stage_a_to_original,SA-D008,validation,D028,,0.91582366750449939
stage_a_to_original,SA-D008,validation,D029,,0.92174339496098001
stage_a_to_original,SA-D008,validation,D030,,1.1838927319422623
stage_a_to_original,SA-D008,validation,D031,,1.0087646348649735
stage_a_to_original,SA-D008,validation,D032,,0.97684470786233712
stage_a_to_original,SA-D008,validation,D033,,1.1030783053161048
stage_a_to_original,SA-D008,validation,D034,,1.0671947664835597
stage_a_to_original,SA-D008,validation,D035,,1.1360593285059413
stage_a_to_original,SA-D008,validation,D036,,1.0072022191694674
stage_a_to_original,SA-D008,validation,D037,,0.95943626931936909
stage_a_to_original,SA-D008,validation,D038,,0.91261499658126433
stage_a_to_original,SA-D008,validation,D039,,0.96660130793068488
stage_a_to_original,SA-D008,validation,D040,,1.5257430023178788
stage_a_to_original,SA-D008,validation,D041,,1.3602379614858897
stage_a_to_original,SA-D008,validation,D042,,1.6951007697094269
stage_a_to_original,SA-D008,validation,D043,,1.7783182724105959
stage_a_to_original,SA-D008,validation,D044,,1.0832214627367791
stage_a_to_original,SA-D008,validation,D045,,1.8860623934754217
stage_a_to_original,SA-D008,validation,D046,,1.2955438891286879
stage_a_to_original,SA-D008,validation,D047,,1.7858661804961911
stage_a_to_original,SA-D008,validation,D048,,1.9255491289699633
stage_a_to_original,SA-D008,validation,D049,,1.7756392475726324
stage_a_to_original,SA-D008,validation,D050,,1.581393339794394
stage_a_to_original,SA-D008,validation,D051,,1.2057936896426515
stage_a_to_original,SA-D008,validation,D052,,1.420510261567258
stage_a_to_original,SA-D008,validation,D053,,1.5595842754629512
stage_a_to_original,SA-D008,validation,D054,,1.3815965884785242
stage_a_to_original,SA-D008,validation,D055,,1.5688828040638099
stage_a_to_original,SA-D008,validation,D056,,1.325770009586813
stage_a_to_original,SA-D008,validation,D057,,1.3131960871331023
stage_a_to_original,SA-D008,validation,D058,,1.9966749803349266
stage_a_to_original,SA-D008,validation,D059,,1.3000639510131244
stage_a_to_original,SA-D008,validation,D060,,1.3653648889239687
stage_a_to_original,SA-D008,validation,D061,,1.0710714277238058
stage_a_to_original,SA-D008,validation,D062,,1.8326508219951214
stage_a_to_original,SA-D008,validation,D063,,1.1904549858176745
stage_a_to_original,SA-D008,validation,D064,,1.6483545210389057
stage_a_to_original,SA-D008,validation,D065,,1.2179750693107658
stage_a_to_original,SA-D008,validation,D066,,1.2738157326982718
stage_a_to_original,SA-D008,validation,D067,,1.212946346392427
stage_a_to_original,SA-D008,validation,D068,,1.1655669349252415
stage_a_to_original,SA-D008,validation,D069,,1.8798915510217105
stage_a_to_original,SA-D008,validation,D070,,1.2116487384075385
stage_a_to_original,SA-D008,validation,D071,,1.8091649869997743
stage_a_to_original,SA-D008,validation,D072,,1.6656901919092255
stage_a_to_original,SA-D008,validation,D073,,1.7926068670869453
stage_a_to_original,SA-D008,validation,D074,,1.8557085495785386
stage_a_to_original,SA-D008,validation,D075,,1.6615583060500319
stage_a_to_original,SA-D008,validation,D076,,1.2022559521078089
stage_a_to_original,SA-D008,validation,D077,,1.9438338678508098
stage_a_to_original,SA-D008,validation,D078,,1.2705942242708641
stage_a_to_original,SA-D008,validation,D079,,1.3699351661447392
stage_a_to_original,SA-D008,validation,D080,,1.4881030288526094
stage_a_to_original,SA-D008,validation,D081,,1.5291798544268307
stage_a_to_original,SA-D008,validation,D082,,1.6746306428154369
stage_a_to_original,SA-D008,validation,D083,,1.2403279962090259
stage_a_to_original,SA-D008,validation,D084,,1.2259537574016695
stage_a_to_original,SA-D008,validation,D085,,1.3148189199939511
stage_a_to_original,SA-D008,validation,D086,,1.6166348641110493
stage_a_to_original,SA-D008,validation,D087,,2.1020904057304692
stage_a_to_original,SA-D008,validation,D088,,1.6896601498868893
stage_a_to_original,SA-D008,validation,D089,,1.7551320953084861
stage_a_to_original,SA-D008,validation,D090,,1.4849246800089253
stage_a_to_original,SA-D008,validation,D091,,1.4074422555497765
stage_a_to_original,SA-D008,validation,D092,,1.2709340832987712
stage_a_to_original,SA-D008,validation,D093,,1.4413548645482179
stage_a_to_original,SA-D008,validation,D094,,1.4104395822241393
stage_a_to_original,SA-D008,validation,D095,,1.7584735285727067
stage_a_to_original,SA-D008,validation,D096,,1.9287959343390548
stage_a_to_original,SA-D008,validation,D097,,1.4445469851844412
stage_a_to_original,SA-D008,validation,D098,,1.5947937424693173
stage_a_to_original,SA-D008,validation,D099,,1.3542870420981732
stage_a_to_original,SA-D009,validation,D000,,0.64516943073603783
stage_a_to_original,SA-D009,validation,D001,,0.27015717854356464
stage_a_to_original,SA-D009,validation,D002,,1.0616006478115427
stage_a_to_original,SA-D009,validation,D003,,1.8442353737829265
stage_a_to_original,SA-D009,validation,D004,,2.2348978690542589
stage_a_to_original,SA-D009,validation,D005,,0.56692716349346095
stage_a_to_original,SA-D009,validation,D006,,0.78779445887379107
stage_a_to_original,SA-D009,validation,D007,,0.94639233923177357
stage_a_to_original,SA-D009,validation,D008,,0.50733876268933231
stage_a_to_original,SA-D009,validation,D009,,0.74277870263933365
stage_a_to_original,SA-D009,validation,D010,,0.72350712246813198
stage_a_to_original,SA-D009,validation,D011,,0.87796108589593647
stage_a_to_original,SA-D009,validation,D012,,0.80168494529951051
stage_a_to_original,SA-D009,validation,D013,,0.75634295429966236
stage_a_to_original,SA-D009,validation,D014,,0.63235673743641851
stage_a_to_original,SA-D009,validation,D015,,0.73224699453311004
stage_a_to_original,SA-D009,validation,D016,,0.93867361806030303
stage_a_to_original,SA-D009,validation,D017,,0.77402721202049385
stage_a_to_original,SA-D009,validation,D018,,0.59953953699639684
stage_a_to_original,SA-D009,validation,D019,,0.97477108926147493
stage_a_to_original,SA-D009,validation,D020,,1.0333318999630385
stage_a_to_original,SA-D009,validation,D021,,0.76448237306127309
stage_a_to_original,SA-D009,validation,D022,,0.48255107353761328
stage_a_to_original,SA-D009,validation,D023,,0.57389367575532135
stage_a_to_original,SA-D009,validation,D024,,0.85327084129668973
stage_a_to_original,SA-D009,validation,D025,,1.0008254951273605
stage_a_to_original,SA-D009,validation,D026,,0.70257817291572444
stage_a_to_original,SA-D009,validation,D027,,0.87984089418014166
stage_a_to_original,SA-D009,validation,D028,,0.51235867139973945
stage_a_to_original,SA-D009,validation,D029,,0.56943029060839234
stage_a_to_original,SA-D009,validation,D030,,0.95682729601139405
stage_a_to_original,SA-D009,validation,D031,,0.70154813107757286
stage_a_to_original,SA-D009,validation,D032,,0.64394070779954948
stage_a_to_original,SA-D009,validation,D033,,0.808467764122344
stage_a_to_original,SA-D009,validation,D034,,0.72841195005606962
stage_a_to_original,SA-D009,validation,D035,,0.81933279611519871
stage_a_to_original,SA-D009,validation,D036,,0.73321621731139675
stage_a_to_original,SA-D009,validation,D037,,0.58825574714490303
stage_a_to_original,SA-D009,validation,D038,,0.5915957132874029
stage_a_to_original,SA-D009,validation,D039,,0.78474785225954613
stage_a_to_original,SA-D009,validation,D040,,1.2934921152206558
stage_a_to_original,SA-D009,validation,D041,,1.107392630827811
stage_a_to_original,SA-D009,validation,D042,,1.6045047259425178
stage_a_to_original,SA-D009,validation,D043,,1.5808534843285893
stage_a_to_original,SA-D009,validation,D044,,0.88868639952672779
stage_a_to_original,SA-D009,validation,D045,,1.7098504932804846
stage_a_to_original,SA-D009,validation,D046,,1.0208869521216253
stage_a_to_original,SA-D009,validation,D047,,1.5632167730342457
stage_a_to_original,SA-D009,validation,D048,,1.6320665678308468
stage_a_to_original,SA-D009,validation,D049,,1.5559360466974739
stage_a_to_original,SA-D009,validation,D050,,1.3961713980740798
stage_a_to_original,SA-D009,validation,D051,,1.0955552089283425
stage_a_to_original,SA-D009,validation,D052,,1.160061394310747
stage_a_to_original,SA-D009,validation,D053,,1.3847014325513887
stage_a_to_original,SA-D009,validation,D054,,1.2349595599989796
stage_a_to_original,SA-D009,validation,D055,,1.4255707096920058
stage_a_to_original,SA-D009,validation,D056,,1.1264889405933038
stage_a_to_original,SA-D009,validation,D057,,1.3894711584986066
stage_a_to_original,SA-D009,validation,D058,,1.7754083648835461
stage_a_to_original,SA-D009,validation,D059,,1.0763817591253195
stage_a_to_original,SA-D009,validation,D060,,0.99846366962298383
stage_a_to_original,SA-D009,validation,D061,,0.81759185401251866
stage_a_to_original,SA-D009,validation,D062,,1.392952402619261
stage_a_to_original,SA-D009,validation,D063,,0.90125530499307749
stage_a_to_original,SA-D009,validation,D064,,1.4673635836962993
stage_a_to_original,SA-D009,validation,D065,,1.1121929313311614
stage_a_to_original,SA-D009,validation,D066,,1.1691688389628545
stage_a_to_original,SA-D009,validation,D067,,1.0736075986367553
stage_a_to_original,SA-D009,validation,D068,,0.91175302729791463
stage_a_to_original,SA-D009,validation,D069,,1.5681694539148392
stage_a_to_original,SA-D009,validation,D070,,0.85877922842380516
stage_a_to_original,SA-D009,validation,D071,,1.5393058432965356
stage_a_to_original,SA-D009,validation,D072,,1.2951881132537533
stage_a_to_original,SA-D009,validation,D073,,1.4654400790850988
stage_a_to_original,SA-D009,validation,D074,,1.5992898536739708
stage_a_to_original,SA-D009,validation,D075,,1.4192572169863857
stage_a_to_original,SA-D009,validation,D076,,0.92889580412548034
stage_a_to_original,SA-D009,validation,D077,,1.6903793822134934
stage_a_to_original,SA-D009,validation,D078,,0.9781510161295538
stage_a_to_original,SA-D009,validation,D079,,1.1779370688875657
stage_a_to_original,SA-D009,validation,D080,,1.3038760027506839
stage_a_to_original,SA-D009,validation,D081,,1.3748554260329333
stage_a_to_original,SA-D009,validation,D082,,1.4593378077632255
stage_a_to_original,SA-D009,validation,D083,,1.0999271431236473
stage_a_to_original,SA-D009,validation,D084,,1.0601052252312104
stage_a_to_original,SA-D009,validation,D085,,1.3356024066210261
stage_a_to_original,SA-D009,validation,D086,,1.4959882713217187
stage_a_to_original,SA-D009,validation,D087,,1.9744034405037261
stage_a_to_original,SA-D009,validation,D088,,1.409594323185813
stage_a_to_original,SA-D009,validation,D089,,1.5083462630709525
stage_a_to_original,SA-D009,validation,D090,,1.4706174833843986
stage_a_to_original,SA-D009,validation,D091,,1.1124583976162068
stage_a_to_original,SA-D009,validation,D092,,1.1529204449138646
stage_a_to_original,SA-D009,validation,D093,,1.2091029231393726
stage_a_to_original,SA-D009,validation,D094,,1.0798840092527153
stage_a_to_original,SA-D009,validation,D095,,1.5194816833725424
stage_a_to_original,SA-D009,validation,D096,,1.6354572253474005
stage_a_to_original,SA-D009,validation,D097,,1.3496331909594805
stage_a_to_original,SA-D009,validation,D098,,1.4359623685899239
stage_a_to_original,SA-D009,validation,D099,,1.2078005973793975
stage_a_to_original,SA-D010,sealed_holdout,D000,,0.33690579428191686
stage_a_to_original,SA-D010,sealed_holdout,D001,,0.75308042360254612
stage_a_to_original,SA-D010,sealed_holdout,D002,,1.3627618635169101
stage_a_to_original,SA-D010,sealed_holdout,D003,,2.082201157551208
stage_a_to_original,SA-D010,sealed_holdout,D004,,2.537080833190573
stage_a_to_original,SA-D010,sealed_holdout,D005,,0.95985635823945714
stage_a_to_original,SA-D010,sealed_holdout,D006,,1.0521495402078169
stage_a_to_original,SA-D010,sealed_holdout,D007,,1.2153922839856799
stage_a_to_original,SA-D010,sealed_holdout,D008,,0.80877154965857911
stage_a_to_original,SA-D010,sealed_holdout,D009,,0.98275147090071935
stage_a_to_original,SA-D010,sealed_holdout,D010,,1.0599314182539679
stage_a_to_original,SA-D010,sealed_holdout,D011,,1.1954806375154285
stage_a_to_original,SA-D010,sealed_holdout,D012,,1.0609394371428573
stage_a_to_original,SA-D010,sealed_holdout,D013,,1.0478318539511047
stage_a_to_original,SA-D010,sealed_holdout,D014,,0.96798219906794702
stage_a_to_original,SA-D010,sealed_holdout,D015,,1.015428117923987
stage_a_to_original,SA-D010,sealed_holdout,D016,,1.1879732083550893
stage_a_to_original,SA-D010,sealed_holdout,D017,,1.0854621149931438
stage_a_to_original,SA-D010,sealed_holdout,D018,,0.95684488930793632
stage_a_to_original,SA-D010,sealed_holdout,D019,,1.1668153849795486
stage_a_to_original,SA-D010,sealed_holdout,D020,,1.3073997226096379
stage_a_to_original,SA-D010,sealed_holdout,D021,,1.0961342894845829
stage_a_to_original,SA-D010,sealed_holdout,D022,,0.91121617587821924
stage_a_to_original,SA-D010,sealed_holdout,D023,,0.86319846068302419
stage_a_to_original,SA-D010,sealed_holdout,D024,,1.1794300707279097
stage_a_to_original,SA-D010,sealed_holdout,D025,,1.2109909607594467
stage_a_to_original,SA-D010,sealed_holdout,D026,,0.9977708752233182
stage_a_to_original,SA-D010,sealed_holdout,D027,,1.1031099170267136
stage_a_to_original,SA-D010,sealed_holdout,D028,,0.94281201517619717
stage_a_to_original,SA-D010,sealed_holdout,D029,,0.91309433493003589
stage_a_to_original,SA-D010,sealed_holdout,D030,,1.1919971287783313
stage_a_to_original,SA-D010,sealed_holdout,D031,,0.99549696198052851
stage_a_to_original,SA-D010,sealed_holdout,D032,,0.95100279919983322
stage_a_to_original,SA-D010,sealed_holdout,D033,,1.0902003947479117
stage_a_to_original,SA-D010,sealed_holdout,D034,,1.0230693806456717
stage_a_to_original,SA-D010,sealed_holdout,D035,,1.1647793595240143
stage_a_to_original,SA-D010,sealed_holdout,D036,,1.0115799778390449
stage_a_to_original,SA-D010,sealed_holdout,D037,,0.96944096312356987
stage_a_to_original,SA-D010,sealed_holdout,D038,,0.90989930984005885
stage_a_to_original,SA-D010,sealed_holdout,D039,,0.96163801727138898
stage_a_to_original,SA-D010,sealed_holdout,D040,,1.5091685746689181
stage_a_to_original,SA-D010,sealed_holdout,D041,,1.3597049772879251
stage_a_to_original,SA-D010,sealed_holdout,D042,,1.706653245067963
stage_a_to_original,SA-D010,sealed_holdout,D043,,1.7661821625067662
stage_a_to_original,SA-D010,sealed_holdout,D044,,1.0540598276496322
stage_a_to_original,SA-D010,sealed_holdout,D045,,1.8235587105922841
stage_a_to_original,SA-D010,sealed_holdout,D046,,1.2773059796119381
stage_a_to_original,SA-D010,sealed_holdout,D047,,1.792027652344284
stage_a_to_original,SA-D010,sealed_holdout,D048,,1.8853053341028096
stage_a_to_original,SA-D010,sealed_holdout,D049,,1.7425487939551614
stage_a_to_original,SA-D010,sealed_holdout,D050,,1.575194915466851
stage_a_to_original,SA-D010,sealed_holdout,D051,,1.2102553438947961
stage_a_to_original,SA-D010,sealed_holdout,D052,,1.3558102779731191
stage_a_to_original,SA-D010,sealed_holdout,D053,,1.4971052022861777
stage_a_to_original,SA-D010,sealed_holdout,D054,,1.4031127601341495
stage_a_to_original,SA-D010,sealed_holdout,D055,,1.4975493738461609
stage_a_to_original,SA-D010,sealed_holdout,D056,,1.2752054312057093
stage_a_to_original,SA-D010,sealed_holdout,D057,,1.2675734858848562
stage_a_to_original,SA-D010,sealed_holdout,D058,,1.9502972019511404
stage_a_to_original,SA-D010,sealed_holdout,D059,,1.2681159665073465
stage_a_to_original,SA-D010,sealed_holdout,D060,,1.2808955139580722
stage_a_to_original,SA-D010,sealed_holdout,D061,,1.0282549908425045
stage_a_to_original,SA-D010,sealed_holdout,D062,,1.8110880017183002
stage_a_to_original,SA-D010,sealed_holdout,D063,,1.2275633897911573
stage_a_to_original,SA-D010,sealed_holdout,D064,,1.5493264937338027
stage_a_to_original,SA-D010,sealed_holdout,D065,,1.1040740423103894
stage_a_to_original,SA-D010,sealed_holdout,D066,,1.1866264106644029
stage_a_to_original,SA-D010,sealed_holdout,D067,,1.1734686792647127
stage_a_to_original,SA-D010,sealed_holdout,D068,,1.130345824448113
stage_a_to_original,SA-D010,sealed_holdout,D069,,1.8163757650215513
stage_a_to_original,SA-D010,sealed_holdout,D070,,1.2140029606820639
stage_a_to_original,SA-D010,sealed_holdout,D071,,1.7673547795686693
stage_a_to_original,SA-D010,sealed_holdout,D072,,1.5801959809476678
stage_a_to_original,SA-D010,sealed_holdout,D073,,1.7692318228331718
stage_a_to_original,SA-D010,sealed_holdout,D074,,1.8032081538793654
stage_a_to_original,SA-D010,sealed_holdout,D075,,1.6339775511873427
stage_a_to_original,SA-D010,sealed_holdout,D076,,1.2234987956915582
stage_a_to_original,SA-D010,sealed_holdout,D077,,1.9159288532021692
stage_a_to_original,SA-D010,sealed_holdout,D078,,1.2304042280755791
stage_a_to_original,SA-D010,sealed_holdout,D079,,1.3036532749222534
stage_a_to_original,SA-D010,sealed_holdout,D080,,1.481462767922147
stage_a_to_original,SA-D010,sealed_holdout,D081,,1.4774094968333493
stage_a_to_original,SA-D010,sealed_holdout,D082,,1.6753630147036644
stage_a_to_original,SA-D010,sealed_holdout,D083,,1.1989919084797871
stage_a_to_original,SA-D010,sealed_holdout,D084,,1.1861881552377107
stage_a_to_original,SA-D010,sealed_holdout,D085,,1.3372771128290959
stage_a_to_original,SA-D010,sealed_holdout,D086,,1.5572112371749736
stage_a_to_original,SA-D010,sealed_holdout,D087,,2.0274783918795571
stage_a_to_original,SA-D010,sealed_holdout,D088,,1.5604016178720548
stage_a_to_original,SA-D010,sealed_holdout,D089,,1.6846056242165452
stage_a_to_original,SA-D010,sealed_holdout,D090,,1.5113911296103146
stage_a_to_original,SA-D010,sealed_holdout,D091,,1.3497987998505911
stage_a_to_original,SA-D010,sealed_holdout,D092,,1.2612870299713932
stage_a_to_original,SA-D010,sealed_holdout,D093,,1.433393781211427
stage_a_to_original,SA-D010,sealed_holdout,D094,,1.3123439081741124
stage_a_to_original,SA-D010,sealed_holdout,D095,,1.7476891493378734
stage_a_to_original,SA-D010,sealed_holdout,D096,,1.8998670635846928
stage_a_to_original,SA-D010,sealed_holdout,D097,,1.4738447137305082
stage_a_to_original,SA-D010,sealed_holdout,D098,,1.4912496085688398
stage_a_to_original,SA-D010,sealed_holdout,D099,,1.3261764786856711
stage_a_to_original,SA-D011,sealed_holdout,D000,,0.79544825584076018
stage_a_to_original,SA-D011,sealed_holdout,D001,,0.2082346196994769
stage_a_to_original,SA-D011,sealed_holdout,D002,,0.96334608677559397
stage_a_to_original,SA-D011,sealed_holdout,D003,,1.747253727200534
stage_a_to_original,SA-D011,sealed_holdout,D004,,2.113782429862435
stage_a_to_original,SA-D011,sealed_holdout,D005,,0.44498244116483199
stage_a_to_original,SA-D011,sealed_holdout,D006,,0.72316435391930545
stage_a_to_original,SA-D011,sealed_holdout,D007,,0.88399116916868203
stage_a_to_original,SA-D011,sealed_holdout,D008,,0.37904901757742215
stage_a_to_original,SA-D011,sealed_holdout,D009,,0.64710030018674014
stage_a_to_original,SA-D011,sealed_holdout,D010,,0.65228094151987548
stage_a_to_original,SA-D011,sealed_holdout,D011,,0.77898372564586504
stage_a_to_original,SA-D011,sealed_holdout,D012,,0.72834044690113797
stage_a_to_original,SA-D011,sealed_holdout,D013,,0.6663585657378186
stage_a_to_original,SA-D011,sealed_holdout,D014,,0.54553376837914935
stage_a_to_original,SA-D011,sealed_holdout,D015,,0.62455738716560372
stage_a_to_original,SA-D011,sealed_holdout,D016,,0.88117768648444483
stage_a_to_original,SA-D011,sealed_holdout,D017,,0.71892114891738046
stage_a_to_original,SA-D011,sealed_holdout,D018,,0.44779160025514425
stage_a_to_original,SA-D011,sealed_holdout,D019,,0.90550225857488553
stage_a_to_original,SA-D011,sealed_holdout,D020,,0.94204984475826947
stage_a_to_original,SA-D011,sealed_holdout,D021,,0.6485797024157941
stage_a_to_original,SA-D011,sealed_holdout,D022,,0.32639522706618995
stage_a_to_original,SA-D011,sealed_holdout,D023,,0.46023585329976274
stage_a_to_original,SA-D011,sealed_holdout,D024,,0.76102287051820239
stage_a_to_original,SA-D011,sealed_holdout,D025,,0.92741732774369834
stage_a_to_original,SA-D011,sealed_holdout,D026,,0.59332309450091558
stage_a_to_original,SA-D011,sealed_holdout,D027,,0.7941563247963046
stage_a_to_original,SA-D011,sealed_holdout,D028,,0.41342743016595185
stage_a_to_original,SA-D011,sealed_holdout,D029,,0.43977742560002564
stage_a_to_original,SA-D011,sealed_holdout,D030,,0.89491505919804692
stage_a_to_original,SA-D011,sealed_holdout,D031,,0.56266008020066716
stage_a_to_original,SA-D011,sealed_holdout,D032,,0.5320578623014971
stage_a_to_original,SA-D011,sealed_holdout,D033,,0.72565405593559373
stage_a_to_original,SA-D011,sealed_holdout,D034,,0.64148866586096176
stage_a_to_original,SA-D011,sealed_holdout,D035,,0.72100223001921115
stage_a_to_original,SA-D011,sealed_holdout,D036,,0.65838948425662691
stage_a_to_original,SA-D011,sealed_holdout,D037,,0.45842751495650641
stage_a_to_original,SA-D011,sealed_holdout,D038,,0.45679823390923557
stage_a_to_original,SA-D011,sealed_holdout,D039,,0.72378082541370992
stage_a_to_original,SA-D011,sealed_holdout,D040,,1.2056771080008926
stage_a_to_original,SA-D011,sealed_holdout,D041,,1.0245772873823669
stage_a_to_original,SA-D011,sealed_holdout,D042,,1.6018169430571485
stage_a_to_original,SA-D011,sealed_holdout,D043,,1.5079594307971069
stage_a_to_original,SA-D011,sealed_holdout,D044,,0.86594163066017937
stage_a_to_original,SA-D011,sealed_holdout,D045,,1.7267569015895743
stage_a_to_original,SA-D011,sealed_holdout,D046,,0.93299461462307931
stage_a_to_original,SA-D011,sealed_holdout,D047,,1.4722189137371107
stage_a_to_original,SA-D011,sealed_holdout,D048,,1.5549377063411047
stage_a_to_original,SA-D011,sealed_holdout,D049,,1.5237826449437923
stage_a_to_original,SA-D011,sealed_holdout,D050,,1.414739625038409
stage_a_to_original,SA-D011,sealed_holdout,D051,,1.105715283705742
stage_a_to_original,SA-D011,sealed_holdout,D052,,1.1502559943878856
stage_a_to_original,SA-D011,sealed_holdout,D053,,1.3973108484947838
stage_a_to_original,SA-D011,sealed_holdout,D054,,1.1920295064408672
stage_a_to_original,SA-D011,sealed_holdout,D055,,1.4215775002333875
stage_a_to_original,SA-D011,sealed_holdout,D056,,1.1780602696388645
stage_a_to_original,SA-D011,sealed_holdout,D057,,1.4477397818660149
stage_a_to_original,SA-D011,sealed_holdout,D058,,1.7384806804250246
stage_a_to_original,SA-D011,sealed_holdout,D059,,0.98496538039709092
stage_a_to_original,SA-D011,sealed_holdout,D060,,0.89794508424532349
stage_a_to_original,SA-D011,sealed_holdout,D061,,0.88536470254983701
stage_a_to_original,SA-D011,sealed_holdout,D062,,1.2884249723800421
stage_a_to_original,SA-D011,sealed_holdout,D063,,0.78803915188820084
stage_a_to_original,SA-D011,sealed_holdout,D064,,1.4661523135690788
stage_a_to_original,SA-D011,sealed_holdout,D065,,1.1630295679363303
stage_a_to_original,SA-D011,sealed_holdout,D066,,1.2446244264901924
stage_a_to_original,SA-D011,sealed_holdout,D067,,1.0643717151156213
stage_a_to_original,SA-D011,sealed_holdout,D068,,0.8705165758026927
stage_a_to_original,SA-D011,sealed_holdout,D069,,1.4881801214260331
stage_a_to_original,SA-D011,sealed_holdout,D070,,0.85270954783594166
stage_a_to_original,SA-D011,sealed_holdout,D071,,1.480246689058063
stage_a_to_original,SA-D011,sealed_holdout,D072,,1.225426159803549
stage_a_to_original,SA-D011,sealed_holdout,D073,,1.3764918473036836
stage_a_to_original,SA-D011,sealed_holdout,D074,,1.5386085420222106
stage_a_to_original,SA-D011,sealed_holdout,D075,,1.3153874126742737
stage_a_to_original,SA-D011,sealed_holdout,D076,,0.91322145196733406
stage_a_to_original,SA-D011,sealed_holdout,D077,,1.6374230346565639
stage_a_to_original,SA-D011,sealed_holdout,D078,,0.87720692659022481
stage_a_to_original,SA-D011,sealed_holdout,D079,,1.1295171158581163
stage_a_to_original,SA-D011,sealed_holdout,D080,,1.28671775628031
stage_a_to_original,SA-D011,sealed_holdout,D081,,1.4033881030295638
stage_a_to_original,SA-D011,sealed_holdout,D082,,1.3667056017673447
stage_a_to_original,SA-D011,sealed_holdout,D083,,1.0424652010305497
stage_a_to_original,SA-D011,sealed_holdout,D084,,1.0671450800930078
stage_a_to_original,SA-D011,sealed_holdout,D085,,1.3391445787981726
stage_a_to_original,SA-D011,sealed_holdout,D086,,1.4937690964478834
stage_a_to_original,SA-D011,sealed_holdout,D087,,1.9709201785107584
stage_a_to_original,SA-D011,sealed_holdout,D088,,1.3957576387279247
stage_a_to_original,SA-D011,sealed_holdout,D089,,1.4964080342641288
stage_a_to_original,SA-D011,sealed_holdout,D090,,1.4814156904415656
stage_a_to_original,SA-D011,sealed_holdout,D091,,1.0404811702671797
stage_a_to_original,SA-D011,sealed_holdout,D092,,1.1137529864997735
stage_a_to_original,SA-D011,sealed_holdout,D093,,1.1083987375115654
stage_a_to_original,SA-D011,sealed_holdout,D094,,1.0246654600912279
stage_a_to_original,SA-D011,sealed_holdout,D095,,1.4516349710561465
stage_a_to_original,SA-D011,sealed_holdout,D096,,1.5633598097886114
stage_a_to_original,SA-D011,sealed_holdout,D097,,1.3629658451126287
stage_a_to_original,SA-D011,sealed_holdout,D098,,1.4848136515788188
stage_a_to_original,SA-D011,sealed_holdout,D099,,1.1461180728666733
stage_a_to_original,SA-D012,development,D000,,0.81119183539674811
stage_a_to_original,SA-D012,development,D001,,0.070928585193353849
stage_a_to_original,SA-D012,development,D002,,0.99850041939728207
stage_a_to_original,SA-D012,development,D003,,1.803822109081374
stage_a_to_original,SA-D012,development,D004,,2.1633544446144666
stage_a_to_original,SA-D012,development,D005,,0.46380487373509938
stage_a_to_original,SA-D012,development,D006,,0.76236883949077738
stage_a_to_original,SA-D012,development,D007,,0.91921768932032299
stage_a_to_original,SA-D012,development,D008,,0.49986035644559279
stage_a_to_original,SA-D012,development,D009,,0.6915026592402409
stage_a_to_original,SA-D012,development,D010,,0.64627338825126512
stage_a_to_original,SA-D012,development,D011,,0.80395127103877828
stage_a_to_original,SA-D012,development,D012,,0.80140182967494977
stage_a_to_original,SA-D012,development,D013,,0.70007822824883081
stage_a_to_original,SA-D012,development,D014,,0.59282990238504074
stage_a_to_original,SA-D012,development,D015,,0.70223864388536428
stage_a_to_original,SA-D012,development,D016,,0.88914697230675688
stage_a_to_original,SA-D012,development,D017,,0.72488804250110184
stage_a_to_original,SA-D012,development,D018,,0.5869705134384483
stage_a_to_original,SA-D012,development,D019,,0.94672480156850769
stage_a_to_original,SA-D012,development,D020,,0.99640083930916379
stage_a_to_original,SA-D012,development,D021,,0.67378234945233584
stage_a_to_original,SA-D012,development,D022,,0.3722883577907633
stage_a_to_original,SA-D012,development,D023,,0.53126015929181802
stage_a_to_original,SA-D012,development,D024,,0.81099527930977422
stage_a_to_original,SA-D012,development,D025,,0.98565599067744081
stage_a_to_original,SA-D012,development,D026,,0.64462364014400941
stage_a_to_original,SA-D012,development,D027,,0.83442126917654924
stage_a_to_original,SA-D012,development,D028,,0.39322819219415883
stage_a_to_original,SA-D012,development,D029,,0.52307862927800508
stage_a_to_original,SA-D012,development,D030,,0.91786788965692634
stage_a_to_original,SA-D012,development,D031,,0.65158686488005901
stage_a_to_original,SA-D012,development,D032,,0.59837275066475315
stage_a_to_original,SA-D012,development,D033,,0.77147153220434506
stage_a_to_original,SA-D012,development,D034,,0.73057075779965652
stage_a_to_original,SA-D012,development,D035,,0.7216900443850649
stage_a_to_original,SA-D012,development,D036,,0.69120736844834652
stage_a_to_original,SA-D012,development,D037,,0.50837035116679741
stage_a_to_original,SA-D012,development,D038,,0.50546170074767305
stage_a_to_original,SA-D012,development,D039,,0.76558670231006021
stage_a_to_original,SA-D012,development,D040,,1.2423270137877405
stage_a_to_original,SA-D012,development,D041,,1.0896352745796789
stage_a_to_original,SA-D012,development,D042,,1.6169569640626711
stage_a_to_original,SA-D012,development,D043,,1.5814415705907769
stage_a_to_original,SA-D012,development,D044,,0.9120448334326432
stage_a_to_original,SA-D012,development,D045,,1.7810155408045192
stage_a_to_original,SA-D012,development,D046,,0.96727309979746134
stage_a_to_original,SA-D012,development,D047,,1.5016593651722323
stage_a_to_original,SA-D012,development,D048,,1.6072308368328623
stage_a_to_original,SA-D012,development,D049,,1.5588761596102958
stage_a_to_original,SA-D012,development,D050,,1.4100470118182817
stage_a_to_original,SA-D012,development,D051,,1.1159544900996314
stage_a_to_original,SA-D012,development,D052,,1.2194530696910257
stage_a_to_original,SA-D012,development,D053,,1.4160770619522653
stage_a_to_original,SA-D012,development,D054,,1.2247518689904551
stage_a_to_original,SA-D012,development,D055,,1.5046421605923344
stage_a_to_original,SA-D012,development,D056,,1.1839975422887916
stage_a_to_original,SA-D012,development,D057,,1.4811016131210093
stage_a_to_original,SA-D012,development,D058,,1.7591354679101667
stage_a_to_original,SA-D012,development,D059,,1.0359491589788838
stage_a_to_original,SA-D012,development,D060,,0.99500066669218323
stage_a_to_original,SA-D012,development,D061,,0.87326307438067663
stage_a_to_original,SA-D012,development,D062,,1.3083493390601562
stage_a_to_original,SA-D012,development,D063,,0.7687846557665865
stage_a_to_original,SA-D012,development,D064,,1.5522733281507397
stage_a_to_original,SA-D012,development,D065,,1.2574325539071345
stage_a_to_original,SA-D012,development,D066,,1.291801286872382
stage_a_to_original,SA-D012,development,D067,,1.1351166614699546
stage_a_to_original,SA-D012,development,D068,,0.91372356384458653
stage_a_to_original,SA-D012,development,D069,,1.5449490758783679
stage_a_to_original,SA-D012,development,D070,,0.8236457756865343
stage_a_to_original,SA-D012,development,D071,,1.5239447257691574
stage_a_to_original,SA-D012,development,D072,,1.2963922657788516
stage_a_to_original,SA-D012,development,D073,,1.4069505032078706
stage_a_to_original,SA-D012,development,D074,,1.6073036872804931
stage_a_to_original,SA-D012,development,D075,,1.387736040595458
stage_a_to_original,SA-D012,development,D076,,0.90466654520773115
stage_a_to_original,SA-D012,development,D077,,1.6715874767498524
stage_a_to_original,SA-D012,development,D078,,0.96281784514899327
stage_a_to_original,SA-D012,development,D079,,1.2372906441092624
stage_a_to_original,SA-D012,development,D080,,1.3384672410271057
stage_a_to_original,SA-D012,development,D081,,1.4486966208475112
stage_a_to_original,SA-D012,development,D082,,1.4232497095818588
stage_a_to_original,SA-D012,development,D083,,1.1201386648415033
stage_a_to_original,SA-D012,development,D084,,1.1488891656196876
stage_a_to_original,SA-D012,development,D085,,1.3766721301801432
stage_a_to_original,SA-D012,development,D086,,1.5508516376859145
stage_a_to_original,SA-D012,development,D087,,2.0316851129584168
stage_a_to_original,SA-D012,development,D088,,1.5052027821738612
stage_a_to_original,SA-D012,development,D089,,1.542876192375606
stage_a_to_original,SA-D012,development,D090,,1.4878517504925617
stage_a_to_original,SA-D012,development,D091,,1.1404949452366353
stage_a_to_original,SA-D012,development,D092,,1.1439229569935414
stage_a_to_original,SA-D012,development,D093,,1.1303607712064816
stage_a_to_original,SA-D012,development,D094,,1.1414380376818225
stage_a_to_original,SA-D012,development,D095,,1.5096690905549011
stage_a_to_original,SA-D012,development,D096,,1.5883949354796991
stage_a_to_original,SA-D012,development,D097,,1.3764089075243691
stage_a_to_original,SA-D012,development,D098,,1.5391350927254228
stage_a_to_original,SA-D012,development,D099,,1.2162688055820163
stage_a_to_original,SA-D013,development,D000,,0.86978129338044974
stage_a_to_original,SA-D013,development,D001,,0.21191635627866762
stage_a_to_original,SA-D013,development,D002,,0.9396562869805517
stage_a_to_original,SA-D013,development,D003,,1.7312310510322557
stage_a_to_original,SA-D013,development,D004,,2.089413729970079
stage_a_to_original,SA-D013,development,D005,,0.4249573593166458
stage_a_to_original,SA-D013,development,D006,,0.71505791982256317
stage_a_to_original,SA-D013,development,D007,,0.88105059311217604
stage_a_to_original,SA-D013,development,D008,,0.3671890275817663
stage_a_to_original,SA-D013,development,D009,,0.6270139717346912
stage_a_to_original,SA-D013,development,D010,,0.6312057866708517
stage_a_to_original,SA-D013,development,D011,,0.74404538152461197
stage_a_to_original,SA-D013,development,D012,,0.71487023725435905
stage_a_to_original,SA-D013,development,D013,,0.65741240769659337
stage_a_to_original,SA-D013,development,D014,,0.53379132294721476
stage_a_to_original,SA-D013,development,D015,,0.6089178953588682
stage_a_to_original,SA-D013,development,D016,,0.85990229346706326
stage_a_to_original,SA-D013,development,D017,,0.71987768400020558
stage_a_to_original,SA-D013,development,D018,,0.45713285773443213
stage_a_to_original,SA-D013,development,D019,,0.89275239566657971
stage_a_to_original,SA-D013,development,D020,,0.92306701682695691
stage_a_to_original,SA-D013,development,D021,,0.60847672253205931
stage_a_to_original,SA-D013,development,D022,,0.25780389586583974
stage_a_to_original,SA-D013,development,D023,,0.43209651225920526
stage_a_to_original,SA-D013,development,D024,,0.74667736012106778
stage_a_to_original,SA-D013,development,D025,,0.91154182557412589
stage_a_to_original,SA-D013,development,D026,,0.57611417229348527
stage_a_to_original,SA-D013,development,D027,,0.7678782151742346
stage_a_to_original,SA-D013,development,D028,,0.37864349433286593
stage_a_to_original,SA-D013,development,D029,,0.42608487863444405
stage_a_to_original,SA-D013,development,D030,,0.88386056597718965
stage_a_to_original,SA-D013,development,D031,,0.52721285896403403
stage_a_to_original,SA-D013,development,D032,,0.4872204744232394
stage_a_to_original,SA-D013,development,D033,,0.71054385806178033
stage_a_to_original,SA-D013,development,D034,,0.63857477104481231
stage_a_to_original,SA-D013,development,D035,,0.68388915132197925
stage_a_to_original,SA-D013,development,D036,,0.64966044403765999
stage_a_to_original,SA-D013,development,D037,,0.41903327033515786
stage_a_to_original,SA-D013,development,D038,,0.39079220875151199
stage_a_to_original,SA-D013,development,D039,,0.70879905660813103
stage_a_to_original,SA-D013,development,D040,,1.1761618351162122
stage_a_to_original,SA-D013,development,D041,,1.0505244259823154
stage_a_to_original,SA-D013,development,D042,,1.6146654435717653
stage_a_to_original,SA-D013,development,D043,,1.5420699365593931
stage_a_to_original,SA-D013,development,D044,,0.90466282836749412
stage_a_to_original,SA-D013,development,D045,,1.7789398650761155
stage_a_to_original,SA-D013,development,D046,,0.89208044329307123
stage_a_to_original,SA-D013,development,D047,,1.4507179002444481
stage_a_to_original,SA-D013,development,D048,,1.5379370395762018
stage_a_to_original,SA-D013,development,D049,,1.5085739419588571
stage_a_to_original,SA-D013,development,D050,,1.4416592166601379
stage_a_to_original,SA-D013,development,D051,,1.1289390345067534
stage_a_to_original,SA-D013,development,D052,,1.1817549098807403
stage_a_to_original,SA-D013,development,D053,,1.3868736600890592
stage_a_to_original,SA-D013,development,D054,,1.2122296168891749
stage_a_to_original,SA-D013,development,D055,,1.4623724091786268
stage_a_to_original,SA-D013,development,D056,,1.2126478563654512
stage_a_to_original,SA-D013,development,D057,,1.4871111642866379
stage_a_to_original,SA-D013,development,D058,,1.7236085520591815
stage_a_to_original,SA-D013,development,D059,,0.97440100871847901
stage_a_to_original,SA-D013,development,D060,,0.88295774614739375
stage_a_to_original,SA-D013,development,D061,,0.89184634017029618
stage_a_to_original,SA-D013,development,D062,,1.2724327002604083
stage_a_to_original,SA-D013,development,D063,,0.71778705314652591
stage_a_to_original,SA-D013,development,D064,,1.5069280596498216
stage_a_to_original,SA-D013,development,D065,,1.2275313011660265
stage_a_to_original,SA-D013,development,D066,,1.3029473179905298
stage_a_to_original,SA-D013,development,D067,,1.1211675167904365
stage_a_to_original,SA-D013,development,D068,,0.88391719176057715
stage_a_to_original,SA-D013,development,D069,,1.4671251397608314
stage_a_to_original,SA-D013,development,D070,,0.86057784887353328
stage_a_to_original,SA-D013,development,D071,,1.4898497003741538
stage_a_to_original,SA-D013,development,D072,,1.2253352902708463
stage_a_to_original,SA-D013,development,D073,,1.3536713702765135
stage_a_to_original,SA-D013,development,D074,,1.5430273646020518
stage_a_to_original,SA-D013,development,D075,,1.3080826688425606
stage_a_to_original,SA-D013,development,D076,,0.94174859559977731
stage_a_to_original,SA-D013,development,D077,,1.6351080695329747
stage_a_to_original,SA-D013,development,D078,,0.86644865373704116
stage_a_to_original,SA-D013,development,D079,,1.1815118038665684
stage_a_to_original,SA-D013,development,D080,,1.3479935114741872
stage_a_to_original,SA-D013,development,D081,,1.4579070897688429
stage_a_to_original,SA-D013,development,D082,,1.3717116774795739
stage_a_to_original,SA-D013,development,D083,,1.0709361473817793
stage_a_to_original,SA-D013,development,D084,,1.1292552521360855
stage_a_to_original,SA-D013,development,D085,,1.3753476947333165
stage_a_to_original,SA-D013,development,D086,,1.5339568760150704
stage_a_to_original,SA-D013,development,D087,,1.9942737993051034
stage_a_to_original,SA-D013,development,D088,,1.4383205632166025
stage_a_to_original,SA-D013,development,D089,,1.513813083318428
stage_a_to_original,SA-D013,development,D090,,1.5023555285552546
stage_a_to_original,SA-D013,development,D091,,1.0641193126365616
stage_a_to_original,SA-D013,development,D092,,1.0996710051894099
stage_a_to_original,SA-D013,development,D093,,1.0627851034661366
stage_a_to_original,SA-D013,development,D094,,1.0416990949189169
stage_a_to_original,SA-D013,development,D095,,1.4713442385131525
stage_a_to_original,SA-D013,development,D096,,1.5435526625585023
stage_a_to_original,SA-D013,development,D097,,1.4071608710970451
stage_a_to_original,SA-D013,development,D098,,1.5094807398122005
stage_a_to_original,SA-D013,development,D099,,1.1673467162184639
stage_a_to_original,SA-D014,development,D000,,0.95502325886141892
stage_a_to_original,SA-D014,development,D001,,0.32228938395344164
stage_a_to_original,SA-D014,development,D002,,0.89753604207121129
stage_a_to_original,SA-D014,development,D003,,1.6741012802404978
stage_a_to_original,SA-D014,development,D004,,2.0164824305027325
stage_a_to_original,SA-D014,development,D005,,0.41251599648341242
stage_a_to_original,SA-D014,development,D006,,0.70158702849310894
stage_a_to_original,SA-D014,development,D007,,0.88469201416005971
stage_a_to_original,SA-D014,development,D008,,0.31841638685198737
stage_a_to_original,SA-D014,development,D009,,0.57430951023853127
stage_a_to_original,SA-D014,development,D010,,0.62990337730449786
stage_a_to_original,SA-D014,development,D011,,0.71129370653104362
stage_a_to_original,SA-D014,development,D012,,0.71016284313935352
stage_a_to_original,SA-D014,development,D013,,0.63472435768027169
stage_a_to_original,SA-D014,development,D014,,0.53683334927781357
stage_a_to_original,SA-D014,development,D015,,0.59440673791502674
stage_a_to_original,SA-D014,development,D016,,0.84760867803634798
stage_a_to_original,SA-D014,development,D017,,0.7282821117459487
stage_a_to_original,SA-D014,development,D018,,0.42003080491008765
stage_a_to_original,SA-D014,development,D019,,0.87125954703164188
stage_a_to_original,SA-D014,development,D020,,0.89878193132732798
stage_a_to_original,SA-D014,development,D021,,0.55139743276541497
stage_a_to_original,SA-D014,development,D022,,0.20784383295302342
stage_a_to_original,SA-D014,development,D023,,0.34962033389325453
stage_a_to_original,SA-D014,development,D024,,0.72309757931367713
stage_a_to_original,SA-D014,development,D025,,0.87978501449670954
stage_a_to_original,SA-D014,development,D026,,0.55462601660133082
stage_a_to_original,SA-D014,development,D027,,0.72713973905305829
stage_a_to_original,SA-D014,development,D028,,0.39668046010264102
stage_a_to_original,SA-D014,development,D029,,0.3804171462453777
stage_a_to_original,SA-D014,development,D030,,0.8593188391878015
stage_a_to_original,SA-D014,development,D031,,0.45325544044893434
stage_a_to_original,SA-D014,development,D032,,0.45281420039620601
stage_a_to_original,SA-D014,development,D033,,0.69113126092524579
stage_a_to_original,SA-D014,development,D034,,0.63203953662082424
stage_a_to_original,SA-D014,development,D035,,0.65070491789131324
stage_a_to_original,SA-D014,development,D036,,0.62736249968457602
stage_a_to_original,SA-D014,development,D037,,0.402639853610748
stage_a_to_original,SA-D014,development,D038,,0.29674091833321065
stage_a_to_original,SA-D014,development,D039,,0.67862153878167142
stage_a_to_original,SA-D014,development,D040,,1.1484570936499752
stage_a_to_original,SA-D014,development,D041,,1.0006836584331082
stage_a_to_original,SA-D014,development,D042,,1.6080773695261814
stage_a_to_original,SA-D014,development,D043,,1.5110330302821622
stage_a_to_original,SA-D014,development,D044,,0.93736500627068287
stage_a_to_original,SA-D014,development,D045,,1.7767326511914785
stage_a_to_original,SA-D014,development,D046,,0.83201660264185473
stage_a_to_original,SA-D014,development,D047,,1.3946007465898165
stage_a_to_original,SA-D014,development,D048,,1.5000023168938459
stage_a_to_original,SA-D014,development,D049,,1.4925172378158076
stage_a_to_original,SA-D014,development,D050,,1.4676465811218278
stage_a_to_original,SA-D014,development,D051,,1.1829311752513396
stage_a_to_original,SA-D014,development,D052,,1.1755418398383577
stage_a_to_original,SA-D014,development,D053,,1.3788407820946489
stage_a_to_original,SA-D014,development,D054,,1.1941692980873255
stage_a_to_original,SA-D014,development,D055,,1.4752886244374888
stage_a_to_original,SA-D014,development,D056,,1.2611211027091638
stage_a_to_original,SA-D014,development,D057,,1.503395192352132
stage_a_to_original,SA-D014,development,D058,,1.7050281499994804
stage_a_to_original,SA-D014,development,D059,,0.92552038080534615
stage_a_to_original,SA-D014,development,D060,,0.82480841066714339
stage_a_to_original,SA-D014,development,D061,,0.92733434222165079
stage_a_to_original,SA-D014,development,D062,,1.2229074635365351
stage_a_to_original,SA-D014,development,D063,,0.68235592864698835
stage_a_to_original,SA-D014,development,D064,,1.5312627629842268
stage_a_to_original,SA-D014,development,D065,,1.2741580394818193
stage_a_to_original,SA-D014,development,D066,,1.3173155673157713
stage_a_to_original,SA-D014,development,D067,,1.1349241767710261
stage_a_to_original,SA-D014,development,D068,,0.89357328445317907
stage_a_to_original,SA-D014,development,D069,,1.417229394281849
stage_a_to_original,SA-D014,development,D070,,0.88308720029422749
stage_a_to_original,SA-D014,development,D071,,1.4725865314131135
stage_a_to_original,SA-D014,development,D072,,1.2069456500791538
stage_a_to_original,SA-D014,development,D073,,1.296921804622998
stage_a_to_original,SA-D014,development,D074,,1.5102973141705458
stage_a_to_original,SA-D014,development,D075,,1.2475803249212085
stage_a_to_original,SA-D014,development,D076,,0.96662607310849014
stage_a_to_original,SA-D014,development,D077,,1.6229320975107011
stage_a_to_original,SA-D014,development,D078,,0.81317470891053145
stage_a_to_original,SA-D014,development,D079,,1.1971654496128046
stage_a_to_original,SA-D014,development,D080,,1.3445027567832748
stage_a_to_original,SA-D014,development,D081,,1.4752848879068343
stage_a_to_original,SA-D014,development,D082,,1.3285000067210102
stage_a_to_original,SA-D014,development,D083,,1.0321329111784567
stage_a_to_original,SA-D014,development,D084,,1.1255064301468511
stage_a_to_original,SA-D014,development,D085,,1.3719519247308833
stage_a_to_original,SA-D014,development,D086,,1.5272167508346273
stage_a_to_original,SA-D014,development,D087,,1.9606809446322346
stage_a_to_original,SA-D014,development,D088,,1.4334938705444242
stage_a_to_original,SA-D014,development,D089,,1.501513424539221
stage_a_to_original,SA-D014,development,D090,,1.5178088582202363
stage_a_to_original,SA-D014,development,D091,,1.0291360529596341
stage_a_to_original,SA-D014,development,D092,,1.0609469000669094
stage_a_to_original,SA-D014,development,D093,,0.99985168763234988
stage_a_to_original,SA-D014,development,D094,,1.0106080661621057
stage_a_to_original,SA-D014,development,D095,,1.4348061343047012
stage_a_to_original,SA-D014,development,D096,,1.5011293134778163
stage_a_to_original,SA-D014,development,D097,,1.418990028951268
stage_a_to_original,SA-D014,development,D098,,1.5287115200077139
stage_a_to_original,SA-D014,development,D099,,1.1637765271136515
stage_a_to_original,SA-D015,development,D000,,1.0457477262331307
stage_a_to_original,SA-D015,development,D001,,0.39505775116559211
stage_a_to_original,SA-D015,development,D002,,0.86472858585359025
stage_a_to_original,SA-D015,development,D003,,1.6297633995002008
stage_a_to_original,SA-D015,development,D004,,1.9453421273125207
stage_a_to_original,SA-D015,development,D005,,0.40159246469377785
stage_a_to_original,SA-D015,development,D006,,0.71737929367714803
stage_a_to_original,SA-D015,development,D007,,0.87475228803164795
stage_a_to_original,SA-D015,development,D008,,0.36753494842101736
stage_a_to_original,SA-D015,development,D009,,0.61375727108779465
stage_a_to_original,SA-D015,development,D010,,0.63954784063725867
stage_a_to_original,SA-D015,development,D011,,0.69083389386926941
stage_a_to_original,SA-D015,development,D012,,0.69615364463522245
stage_a_to_original,SA-D015,development,D013,,0.64012237557496476
stage_a_to_original,SA-D015,development,D014,,0.53487473269289776
stage_a_to_original,SA-D015,development,D015,,0.57766591775916931
stage_a_to_original,SA-D015,development,D016,,0.87622599103900622
stage_a_to_original,SA-D015,development,D017,,0.73930573770881625
stage_a_to_original,SA-D015,development,D018,,0.34064415015268368
stage_a_to_original,SA-D015,development,D019,,0.88844708352059931
stage_a_to_original,SA-D015,development,D020,,0.86205797181073851
stage_a_to_original,SA-D015,development,D021,,0.55027299188832468
stage_a_to_original,SA-D015,development,D022,,0.17155742340949842
stage_a_to_original,SA-D015,development,D023,,0.43160613686741794
stage_a_to_original,SA-D015,development,D024,,0.68612568795911699
stage_a_to_original,SA-D015,development,D025,,0.88304555275677055
stage_a_to_original,SA-D015,development,D026,,0.56225966426201868
stage_a_to_original,SA-D015,development,D027,,0.75470674861115916
stage_a_to_original,SA-D015,development,D028,,0.41552263027367287
stage_a_to_original,SA-D015,development,D029,,0.38399581267353622
stage_a_to_original,SA-D015,development,D030,,0.87675178737289627
stage_a_to_original,SA-D015,development,D031,,0.44657842957201604
stage_a_to_original,SA-D015,development,D032,,0.47600380639976758
stage_a_to_original,SA-D015,development,D033,,0.69674236831796299
stage_a_to_original,SA-D015,development,D034,,0.605574817779853
stage_a_to_original,SA-D015,development,D035,,0.63803155927830923
stage_a_to_original,SA-D015,development,D036,,0.65553785598151137
stage_a_to_original,SA-D015,development,D037,,0.36817054479960148
stage_a_to_original,SA-D015,development,D038,,0.37897547246833424
stage_a_to_original,SA-D015,development,D039,,0.74280879479115736
stage_a_to_original,SA-D015,development,D040,,1.1597154880980951
stage_a_to_original,SA-D015,development,D041,,0.95427461810297931
stage_a_to_original,SA-D015,development,D042,,1.6078439119392962
stage_a_to_original,SA-D015,development,D043,,1.4698643423168896
stage_a_to_original,SA-D015,development,D044,,0.99685125876714298
stage_a_to_original,SA-D015,development,D045,,1.7674629647204361
stage_a_to_original,SA-D015,development,D046,,0.84868543339528746
stage_a_to_original,SA-D015,development,D047,,1.380118130173523
stage_a_to_original,SA-D015,development,D048,,1.4431200360324279
stage_a_to_original,SA-D015,development,D049,,1.4531608555226363
stage_a_to_original,SA-D015,development,D050,,1.4829753176755021
stage_a_to_original,SA-D015,development,D051,,1.2235837046680489
stage_a_to_original,SA-D015,development,D052,,1.1449000395498172
stage_a_to_original,SA-D015,development,D053,,1.4131175022839122
stage_a_to_original,SA-D015,development,D054,,1.185311390373996
stage_a_to_original,SA-D015,development,D055,,1.4593615585581206
stage_a_to_original,SA-D015,development,D056,,1.2920247530032973
stage_a_to_original,SA-D015,development,D057,,1.5876002641416185
stage_a_to_original,SA-D015,development,D058,,1.7217147774073502
stage_a_to_original,SA-D015,development,D059,,0.98789297543823429
stage_a_to_original,SA-D015,development,D060,,0.81012295513621002
stage_a_to_original,SA-D015,development,D061,,0.95839467837606274
stage_a_to_original,SA-D015,development,D062,,1.1499994319062223
stage_a_to_original,SA-D015,development,D063,,0.70406970681010705
stage_a_to_original,SA-D015,development,D064,,1.5306203941772971
stage_a_to_original,SA-D015,development,D065,,1.2792128272589034
stage_a_to_original,SA-D015,development,D066,,1.3643878098706028
stage_a_to_original,SA-D015,development,D067,,1.1491668349773823
stage_a_to_original,SA-D015,development,D068,,0.93483012419929301
stage_a_to_original,SA-D015,development,D069,,1.3939461075473583
stage_a_to_original,SA-D015,development,D070,,0.88625167461979026
stage_a_to_original,SA-D015,development,D071,,1.4673875861521091
stage_a_to_original,SA-D015,development,D072,,1.1872587766504623
stage_a_to_original,SA-D015,development,D073,,1.2601128042207714
stage_a_to_original,SA-D015,development,D074,,1.474083663476373
stage_a_to_original,SA-D015,development,D075,,1.2313002537195525
stage_a_to_original,SA-D015,development,D076,,0.95972001581139288
stage_a_to_original,SA-D015,development,D077,,1.5909833448896731
stage_a_to_original,SA-D015,development,D078,,0.77325573440789586
stage_a_to_original,SA-D015,development,D079,,1.1950898994666552
stage_a_to_original,SA-D015,development,D080,,1.3169701444875579
stage_a_to_original,SA-D015,development,D081,,1.4853032507818758
stage_a_to_original,SA-D015,development,D082,,1.2980789615640063
stage_a_to_original,SA-D015,development,D083,,1.0862311481488065
stage_a_to_original,SA-D015,development,D084,,1.091889959315302
stage_a_to_original,SA-D015,development,D085,,1.3930764131645639
stage_a_to_original,SA-D015,development,D086,,1.5650919591963057
stage_a_to_original,SA-D015,development,D087,,1.9714297358616679
stage_a_to_original,SA-D015,development,D088,,1.4047857148667617
stage_a_to_original,SA-D015,development,D089,,1.5024107639801418
stage_a_to_original,SA-D015,development,D090,,1.5539046022077856
stage_a_to_original,SA-D015,development,D091,,0.96171007986978541
stage_a_to_original,SA-D015,development,D092,,1.1121901376561563
stage_a_to_original,SA-D015,development,D093,,1.0444929638640015
stage_a_to_original,SA-D015,development,D094,,0.93888326606526973
stage_a_to_original,SA-D015,development,D095,,1.3768204073033337
stage_a_to_original,SA-D015,development,D096,,1.4832935746747884
stage_a_to_original,SA-D015,development,D097,,1.4149653605858352
stage_a_to_original,SA-D015,development,D098,,1.5394552718113632
stage_a_to_original,SA-D015,development,D099,,1.1877925158414637
stage_a_to_original,SA-D016,development,D000,,0.85249337154260152
stage_a_to_original,SA-D016,development,D001,,0.56711374004475512
stage_a_to_original,SA-D016,development,D002,,0.89113724447905152
stage_a_to_original,SA-D016,development,D003,,1.5909538368101415
stage_a_to_original,SA-D016,development,D004,,2.0287616989859374
stage_a_to_original,SA-D016,development,D005,,0.72378977066486361
stage_a_to_original,SA-D016,development,D006,,0.90820734103727518
stage_a_to_original,SA-D016,development,D007,,0.78007912176416561
stage_a_to_original,SA-D016,development,D008,,0.64433824361280434
stage_a_to_original,SA-D016,development,D009,,0.43796845785289212
stage_a_to_original,SA-D016,development,D010,,0.48628533835777332
stage_a_to_original,SA-D016,development,D011,,0.96331547751952384
stage_a_to_original,SA-D016,development,D012,,0.54936378717668233
stage_a_to_original,SA-D016,development,D013,,0.50795171463672462
stage_a_to_original,SA-D016,development,D014,,0.30672218140118274
stage_a_to_original,SA-D016,development,D015,,0.41229678221125243
stage_a_to_original,SA-D016,development,D016,,0.752122538555271
stage_a_to_original,SA-D016,development,D017,,0.92242744230308504
stage_a_to_original,SA-D016,development,D018,,0.73579877424842899
stage_a_to_original,SA-D016,development,D019,,0.7653963768173222
stage_a_to_original,SA-D016,development,D020,,0.84054746335242936
stage_a_to_original,SA-D016,development,D021,,0.49050263850096076
stage_a_to_original,SA-D016,development,D022,,0.63340280742524646
stage_a_to_original,SA-D016,development,D023,,0.7051538303446292
stage_a_to_original,SA-D016,development,D024,,0.96067382451168315
stage_a_to_original,SA-D016,development,D025,,0.800317118989476
stage_a_to_original,SA-D016,development,D026,,0.38181168049262632
stage_a_to_original,SA-D016,development,D027,,0.94979334148136507
stage_a_to_original,SA-D016,development,D028,,0.69274218406919763
stage_a_to_original,SA-D016,development,D029,,0.70652244090670391
stage_a_to_original,SA-D016,development,D030,,0.77575353072595443
stage_a_to_original,SA-D016,development,D031,,0.77456933084925161
stage_a_to_original,SA-D016,development,D032,,0.74331212680482306
stage_a_to_original,SA-D016,development,D033,,0.9126425705799408
stage_a_to_original,SA-D016,development,D034,,0.46448955558199584
stage_a_to_original,SA-D016,development,D035,,0.59059782476058631
stage_a_to_original,SA-D016,development,D036,,0.48547892926539277
stage_a_to_original,SA-D016,development,D037,,0.70739889900531838
stage_a_to_original,SA-D016,development,D038,,0.69178914260608415
stage_a_to_original,SA-D016,development,D039,,0.51234082867619757
stage_a_to_original,SA-D016,development,D040,,0.86256453515830733
stage_a_to_original,SA-D016,development,D041,,1.2299656309720872
stage_a_to_original,SA-D016,development,D042,,1.3676945711898381
stage_a_to_original,SA-D016,development,D043,,1.3290093661287374
stage_a_to_original,SA-D016,development,D044,,0.73602985888938532
stage_a_to_original,SA-D016,development,D045,,1.7267236252344018
stage_a_to_original,SA-D016,development,D046,,1.0779908658463007
stage_a_to_original,SA-D016,development,D047,,1.4354191264055844
stage_a_to_original,SA-D016,development,D048,,1.3617179823504995
stage_a_to_original,SA-D016,development,D049,,1.2804502814856311
stage_a_to_original,SA-D016,development,D050,,1.1733469198615585
stage_a_to_original,SA-D016,development,D051,,1.1992266788696608
stage_a_to_original,SA-D016,development,D052,,1.0960474015191575
stage_a_to_original,SA-D016,development,D053,,1.1019048250272341
stage_a_to_original,SA-D016,development,D054,,0.88660613990997572
stage_a_to_original,SA-D016,development,D055,,1.3617850554993798
stage_a_to_original,SA-D016,development,D056,,1.3173672886161041
stage_a_to_original,SA-D016,development,D057,,1.5054889065580679
stage_a_to_original,SA-D016,development,D058,,1.5482301818795707
stage_a_to_original,SA-D016,development,D059,,1.1455969057753235
stage_a_to_original,SA-D016,development,D060,,1.0838018073065108
stage_a_to_original,SA-D016,development,D061,,0.74132445914898704
stage_a_to_original,SA-D016,development,D062,,1.5106432105756151
stage_a_to_original,SA-D016,development,D063,,0.62664030619075728
stage_a_to_original,SA-D016,development,D064,,1.2131787286479403
stage_a_to_original,SA-D016,development,D065,,1.2774927237613904
stage_a_to_original,SA-D016,development,D066,,1.1661314295457521
stage_a_to_original,SA-D016,development,D067,,1.000213077409535
stage_a_to_original,SA-D016,development,D068,,1.0298944786667124
stage_a_to_original,SA-D016,development,D069,,1.6277031925751022
stage_a_to_original,SA-D016,development,D070,,1.0572406336909086
stage_a_to_original,SA-D016,development,D071,,1.6318672702516455
stage_a_to_original,SA-D016,development,D072,,1.3901285943068662
stage_a_to_original,SA-D016,development,D073,,1.542076587707603
stage_a_to_original,SA-D016,development,D074,,1.3297792860650479
stage_a_to_original,SA-D016,development,D075,,1.2686654275593456
stage_a_to_original,SA-D016,development,D076,,1.1154743956058131
stage_a_to_original,SA-D016,development,D077,,1.453546563704216
stage_a_to_original,SA-D016,development,D078,,1.0630563381856575
stage_a_to_original,SA-D016,development,D079,,1.0531169163595295
stage_a_to_original,SA-D016,development,D080,,1.2883207936112906
stage_a_to_original,SA-D016,development,D081,,1.1713111578786348
stage_a_to_original,SA-D016,development,D082,,1.3371647176664723
stage_a_to_original,SA-D016,development,D083,,1.1928888831836106
stage_a_to_original,SA-D016,development,D084,,1.0103666000213545
stage_a_to_original,SA-D016,development,D085,,1.2532171964168208
stage_a_to_original,SA-D016,development,D086,,1.265944897812102
stage_a_to_original,SA-D016,development,D087,,1.8152975514022194
stage_a_to_original,SA-D016,development,D088,,1.5410633849257702
stage_a_to_original,SA-D016,development,D089,,1.2891210326240965
stage_a_to_original,SA-D016,development,D090,,1.1933771447974741
stage_a_to_original,SA-D016,development,D091,,1.0090702008986225
stage_a_to_original,SA-D016,development,D092,,0.98859025627870378
stage_a_to_original,SA-D016,development,D093,,1.0175750733230311
stage_a_to_original,SA-D016,development,D094,,1.199358981441849
stage_a_to_original,SA-D016,development,D095,,1.2686069511306066
stage_a_to_original,SA-D016,development,D096,,1.3792136964598047
stage_a_to_original,SA-D016,development,D097,,1.1106438140505535
stage_a_to_original,SA-D016,development,D098,,1.3966366936620624
stage_a_to_original,SA-D016,development,D099,,1.0591899817589361
stage_a_to_original,SA-D017,development,D000,,0.98248664365339455
stage_a_to_original,SA-D017,development,D001,,0.60675287037711534
stage_a_to_original,SA-D017,development,D002,,0.80012418609598845
stage_a_to_original,SA-D017,development,D003,,1.4732828714956907
stage_a_to_original,SA-D017,development,D004,,1.8938234089733184
stage_a_to_original,SA-D017,development,D005,,0.68965757768174141
stage_a_to_original,SA-D017,development,D006,,0.86805236537784614
stage_a_to_original,SA-D017,development,D007,,0.73744949353036648
stage_a_to_original,SA-D017,development,D008,,0.56297020547090759
stage_a_to_original,SA-D017,development,D009,,0.31588730031449869
stage_a_to_original,SA-D017,development,D010,,0.45022207226733885
stage_a_to_original,SA-D017,development,D011,,0.90881063089417213
stage_a_to_original,SA-D017,development,D012,,0.46675193816476662
stage_a_to_original,SA-D017,development,D013,,0.43320259509764647
stage_a_to_original,SA-D017,development,D014,,0.19965887526413548
stage_a_to_original,SA-D017,development,D015,,0.29124740763018525
stage_a_to_original,SA-D017,development,D016,,0.70878581707039778
stage_a_to_original,SA-D017,development,D017,,0.90484254579423373
stage_a_to_original,SA-D017,development,D018,,0.64321057920318314
stage_a_to_original,SA-D017,development,D019,,0.71238882371093881
stage_a_to_original,SA-D017,development,D020,,0.75987556354293817
stage_a_to_original,SA-D017,development,D021,,0.359666749544933
stage_a_to_original,SA-D017,development,D022,,0.5766810423270855
stage_a_to_original,SA-D017,development,D023,,0.61984612396065575
stage_a_to_original,SA-D017,development,D024,,0.89901110339486512
stage_a_to_original,SA-D017,development,D025,,0.71731550157210799
stage_a_to_original,SA-D017,development,D026,,0.26870551198340498
stage_a_to_original,SA-D017,development,D027,,0.89491399866856247
stage_a_to_original,SA-D017,development,D028,,0.67421400136155019
stage_a_to_original,SA-D017,development,D029,,0.63395304608511172
stage_a_to_original,SA-D017,development,D030,,0.71988259640170627
stage_a_to_original,SA-D017,development,D031,,0.67996155109536049
stage_a_to_original,SA-D017,development,D032,,0.67669010754323278
stage_a_to_original,SA-D017,development,D033,,0.86097236276360545
stage_a_to_original,SA-D017,development,D034,,0.34513885455163068
stage_a_to_original,SA-D017,development,D035,,0.51534476721700362
stage_a_to_original,SA-D017,development,D036,,0.40409635529571103
stage_a_to_original,SA-D017,development,D037,,0.6593484361351668
stage_a_to_original,SA-D017,development,D038,,0.60902339215029477
stage_a_to_original,SA-D017,development,D039,,0.4379011436918806
stage_a_to_original,SA-D017,development,D040,,0.76216712809518927
stage_a_to_original,SA-D017,development,D041,,1.1564739867279652
stage_a_to_original,SA-D017,development,D042,,1.3630607801649131
stage_a_to_original,SA-D017,development,D043,,1.2427196448819342
stage_a_to_original,SA-D017,development,D044,,0.71865547013557096
stage_a_to_original,SA-D017,development,D045,,1.6909514106200403
stage_a_to_original,SA-D017,development,D046,,0.99509242501398154
stage_a_to_original,SA-D017,development,D047,,1.346200471400838
stage_a_to_original,SA-D017,development,D048,,1.2646984496276903
stage_a_to_original,SA-D017,development,D049,,1.2376059657572727
stage_a_to_original,SA-D017,development,D050,,1.1841854910455865
stage_a_to_original,SA-D017,development,D051,,1.2373393093292719
stage_a_to_original,SA-D017,development,D052,,1.0432382199962373
stage_a_to_original,SA-D017,development,D053,,1.0707989418229928
stage_a_to_original,SA-D017,development,D054,,0.84780888065518389
stage_a_to_original,SA-D017,development,D055,,1.3383849702160144
stage_a_to_original,SA-D017,development,D056,,1.3436086135822602
stage_a_to_original,SA-D017,development,D057,,1.5276342561597631
stage_a_to_original,SA-D017,development,D058,,1.4869366137735158
stage_a_to_original,SA-D017,development,D059,,1.0578300255664819
stage_a_to_original,SA-D017,development,D060,,0.95898322961275062
stage_a_to_original,SA-D017,development,D061,,0.7765074084261917
stage_a_to_original,SA-D017,development,D062,,1.4067439921055325
stage_a_to_original,SA-D017,development,D063,,0.55326976777111214
stage_a_to_original,SA-D017,development,D064,,1.1787929080990336
stage_a_to_original,SA-D017,development,D065,,1.2938413551568468
stage_a_to_original,SA-D017,development,D066,,1.1632187794667463
stage_a_to_original,SA-D017,development,D067,,0.98196251529095979
stage_a_to_original,SA-D017,development,D068,,0.99385757283324216
stage_a_to_original,SA-D017,development,D069,,1.5261005147624258
stage_a_to_original,SA-D017,development,D070,,1.0498582583634812
stage_a_to_original,SA-D017,development,D071,,1.5646163979120957
stage_a_to_original,SA-D017,development,D072,,1.2947363836713874
stage_a_to_original,SA-D017,development,D073,,1.448330119051769
stage_a_to_original,SA-D017,development,D074,,1.2301237340690205
stage_a_to_original,SA-D017,development,D075,,1.146571291291469
stage_a_to_original,SA-D017,development,D076,,1.1197264509888112
stage_a_to_original,SA-D017,development,D077,,1.3956498044022756
stage_a_to_original,SA-D017,development,D078,,0.97553534197880987
stage_a_to_original,SA-D017,development,D079,,0.99604074267924514
stage_a_to_original,SA-D017,development,D080,,1.257561700448367
stage_a_to_original,SA-D017,development,D081,,1.1605872547992986
stage_a_to_original,SA-D017,development,D082,,1.2516592734548144
stage_a_to_original,SA-D017,development,D083,,1.1206722367624495
stage_a_to_original,SA-D017,development,D084,,0.98234947619851243
stage_a_to_original,SA-D017,development,D085,,1.2652267439435849
stage_a_to_original,SA-D017,development,D086,,1.2162281973152647
stage_a_to_original,SA-D017,development,D087,,1.7488092505856374
stage_a_to_original,SA-D017,development,D088,,1.4682719971534963
stage_a_to_original,SA-D017,development,D089,,1.2203307613116687
stage_a_to_original,SA-D017,development,D090,,1.2248170427970082
stage_a_to_original,SA-D017,development,D091,,0.9096600523221382
stage_a_to_original,SA-D017,development,D092,,0.93430295880369751
stage_a_to_original,SA-D017,development,D093,,0.90913364118772488
stage_a_to_original,SA-D017,development,D094,,1.1095317969716867
stage_a_to_original,SA-D017,development,D095,,1.1834271701307271
stage_a_to_original,SA-D017,development,D096,,1.2795229062485733
stage_a_to_original,SA-D017,development,D097,,1.128749853406005
stage_a_to_original,SA-D017,development,D098,,1.3889843565404199
stage_a_to_original,SA-D017,development,D099,,1.0095197882209312
stage_a_to_original,SA-D018,development,D000,,0.8375703187382052
stage_a_to_original,SA-D018,development,D001,,0.3597190124979453
stage_a_to_original,SA-D018,development,D002,,0.80816294741377304
stage_a_to_original,SA-D018,development,D003,,1.6294983987904383
stage_a_to_original,SA-D018,development,D004,,2.0273617351719904
stage_a_to_original,SA-D018,development,D005,,0.32951634006453812
stage_a_to_original,SA-D018,development,D006,,0.47815136110692646
stage_a_to_original,SA-D018,development,D007,,0.70526900304550599
stage_a_to_original,SA-D018,development,D008,,0.55488927576813174
stage_a_to_original,SA-D018,development,D009,,0.74959456849250861
stage_a_to_original,SA-D018,development,D010,,0.56464099798210843
stage_a_to_original,SA-D018,development,D011,,0.55926994599292923
stage_a_to_original,SA-D018,development,D012,,0.69239044569559582
stage_a_to_original,SA-D018,development,D013,,0.60607606580746076
stage_a_to_original,SA-D018,development,D014,,0.66167083375889912
stage_a_to_original,SA-D018,development,D015,,0.74979903497149969
stage_a_to_original,SA-D018,development,D016,,0.67725164709247909
stage_a_to_original,SA-D018,development,D017,,0.44898545487614117
stage_a_to_original,SA-D018,development,D018,,0.632868884680439
stage_a_to_original,SA-D018,development,D019,,0.72955062950406813
stage_a_to_original,SA-D018,development,D020,,0.78686013158923418
stage_a_to_original,SA-D018,development,D021,,0.75135873306475998
stage_a_to_original,SA-D018,development,D022,,0.48284518848441788
stage_a_to_original,SA-D018,development,D023,,0.60516164717886511
stage_a_to_original,SA-D018,development,D024,,0.54440089576253692
stage_a_to_original,SA-D018,development,D025,,0.7684561450834877
stage_a_to_original,SA-D018,development,D026,,0.71394992753666942
stage_a_to_original,SA-D018,development,D027,,0.58707265300718492
stage_a_to_original,SA-D018,development,D028,,0.2360130867737239
stage_a_to_original,SA-D018,development,D029,,0.35828648223215281
stage_a_to_original,SA-D018,development,D030,,0.69971970333703026
stage_a_to_original,SA-D018,development,D031,,0.51379480088297136
stage_a_to_original,SA-D018,development,D032,,0.47424326548879242
stage_a_to_original,SA-D018,development,D033,,0.49172079301168797
stage_a_to_original,SA-D018,development,D034,,0.77021378433851628
stage_a_to_original,SA-D018,development,D035,,0.6481282351405504
stage_a_to_original,SA-D018,development,D036,,0.59129228637346043
stage_a_to_original,SA-D018,development,D037,,0.35336119496717422
stage_a_to_original,SA-D018,development,D038,,0.59781981873978152
stage_a_to_original,SA-D018,development,D039,,0.6653772200615623
stage_a_to_original,SA-D018,development,D040,,1.1867012385373052
stage_a_to_original,SA-D018,development,D041,,1.0254962138343688
stage_a_to_original,SA-D018,development,D042,,1.420160283164654
stage_a_to_original,SA-D018,development,D043,,1.5179112882083556
stage_a_to_original,SA-D018,development,D044,,0.945980885264042
stage_a_to_original,SA-D018,development,D045,,1.5934451684015802
stage_a_to_original,SA-D018,development,D046,,0.7598838748407778
stage_a_to_original,SA-D018,development,D047,,1.2910529226989564
stage_a_to_original,SA-D018,development,D048,,1.4931409743838324
stage_a_to_original,SA-D018,development,D049,,1.4405006012433312
stage_a_to_original,SA-D018,development,D050,,1.2841382253855067
stage_a_to_original,SA-D018,development,D051,,0.80840105992484723
stage_a_to_original,SA-D018,development,D052,,1.0357239056122363
stage_a_to_original,SA-D018,development,D053,,1.3729734371371678
stage_a_to_original,SA-D018,development,D054,,1.260920623136782
stage_a_to_original,SA-D018,development,D055,,1.2677090157539952
stage_a_to_original,SA-D018,development,D056,,1.0486189804193109
stage_a_to_original,SA-D018,development,D057,,1.2527338799239869
stage_a_to_original,SA-D018,development,D058,,1.599055005495118
stage_a_to_original,SA-D018,development,D059,,1.0847089476327862
stage_a_to_original,SA-D018,development,D060,,1.0205312280490046
stage_a_to_original,SA-D018,development,D061,,0.93296924235906453
stage_a_to_original,SA-D018,development,D062,,1.3651502447980837
stage_a_to_original,SA-D018,development,D063,,0.70881732495527727
stage_a_to_original,SA-D018,development,D064,,1.4796757192041639
stage_a_to_original,SA-D018,development,D065,,1.1745363255087897
stage_a_to_original,SA-D018,development,D066,,1.3008188409144399
stage_a_to_original,SA-D018,development,D067,,1.0668615858684449
stage_a_to_original,SA-D018,development,D068,,0.68014316656633367
stage_a_to_original,SA-D018,development,D069,,1.3377159600372666
stage_a_to_original,SA-D018,development,D070,,0.76515437380662177
stage_a_to_original,SA-D018,development,D071,,1.318975109614466
stage_a_to_original,SA-D018,development,D072,,1.2240164904715165
stage_a_to_original,SA-D018,development,D073,,1.1970945109361633
stage_a_to_original,SA-D018,development,D074,,1.4648102001776042
stage_a_to_original,SA-D018,development,D075,,1.2235819877673455
stage_a_to_original,SA-D018,development,D076,,0.71905096016119585
stage_a_to_original,SA-D018,development,D077,,1.4959947796261812
stage_a_to_original,SA-D018,development,D078,,1.0073772876394551
stage_a_to_original,SA-D018,development,D079,,1.2267284711230588
stage_a_to_original,SA-D018,development,D080,,1.283044043140245
stage_a_to_original,SA-D018,development,D081,,1.4698886154038773
stage_a_to_original,SA-D018,development,D082,,1.1893805583081611
stage_a_to_original,SA-D018,development,D083,,1.042484573642031
stage_a_to_original,SA-D018,development,D084,,1.0557356557022253
stage_a_to_original,SA-D018,development,D085,,1.2346263311327998
stage_a_to_original,SA-D018,development,D086,,1.5615838430483124
stage_a_to_original,SA-D018,development,D087,,1.8675567522319259
stage_a_to_original,SA-D018,development,D088,,1.3386722761241014
stage_a_to_original,SA-D018,development,D089,,1.5596722201547402
stage_a_to_original,SA-D018,development,D090,,1.2789000442422078
stage_a_to_original,SA-D018,development,D091,,1.1630339688125129
stage_a_to_original,SA-D018,development,D092,,0.96560068618585715
stage_a_to_original,SA-D018,development,D093,,1.0803592115651164
stage_a_to_original,SA-D018,development,D094,,1.141272449998137
stage_a_to_original,SA-D018,development,D095,,1.4566496202077901
stage_a_to_original,SA-D018,development,D096,,1.4849494015278957
stage_a_to_original,SA-D018,development,D097,,1.4028824177201842
stage_a_to_original,SA-D018,development,D098,,1.3071985048315307
stage_a_to_original,SA-D018,development,D099,,1.0470967003284366
stage_a_to_original,SA-D019,development,D000,,1.0655463586447613
stage_a_to_original,SA-D019,development,D001,,0.56046949125093648
stage_a_to_original,SA-D019,development,D002,,0.66260450929962045
stage_a_to_original,SA-D019,development,D003,,1.4323728295117713
stage_a_to_original,SA-D019,development,D004,,1.7969231410071258
stage_a_to_original,SA-D019,development,D005,,0.30818530378011177
stage_a_to_original,SA-D019,development,D006,,0.39170333976250021
stage_a_to_original,SA-D019,development,D007,,0.69472047590770325
stage_a_to_original,SA-D019,development,D008,,0.42112571824198158
stage_a_to_original,SA-D019,development,D009,,0.63086024860671597
stage_a_to_original,SA-D019,development,D010,,0.5785516310458596
stage_a_to_original,SA-D019,development,D011,,0.43801434915245113
stage_a_to_original,SA-D019,development,D012,,0.64838002095664049
stage_a_to_original,SA-D019,development,D013,,0.53867383535512237
stage_a_to_original,SA-D019,development,D014,,0.65890159051173991
stage_a_to_original,SA-D019,development,D015,,0.69988693594242923
stage_a_to_original,SA-D019,development,D016,,0.63143213064008852
stage_a_to_original,SA-D019,development,D017,,0.47893583882774066
stage_a_to_original,SA-D019,development,D018,,0.50948763757612425
stage_a_to_original,SA-D019,development,D019,,0.64725522239619415
stage_a_to_original,SA-D019,development,D020,,0.69372887981732023
stage_a_to_original,SA-D019,development,D021,,0.63181529700737649
stage_a_to_original,SA-D019,development,D022,,0.43380468474315553
stage_a_to_original,SA-D019,development,D023,,0.40636253689976304
stage_a_to_original,SA-D019,development,D024,,0.43057776010767534
stage_a_to_original,SA-D019,development,D025,,0.63530189616985377
stage_a_to_original,SA-D019,development,D026,,0.6587242745649422
stage_a_to_original,SA-D019,development,D027,,0.41307686037244096
stage_a_to_original,SA-D019,development,D028,,0.3342686608520769
stage_a_to_original,SA-D019,development,D029,,0.1056675467764584
stage_a_to_original,SA-D019,development,D030,,0.61462539698482577
stage_a_to_original,SA-D019,development,D031,,0.23129839397663857
stage_a_to_original,SA-D019,development,D032,,0.32669991222887529
stage_a_to_original,SA-D019,development,D033,,0.37669815677215923
stage_a_to_original,SA-D019,development,D034,,0.71943709103821518
stage_a_to_original,SA-D019,development,D035,,0.57696533348222812
stage_a_to_original,SA-D019,development,D036,,0.51357314419641753
stage_a_to_original,SA-D019,development,D037,,0.31729410633726085
stage_a_to_original,SA-D019,development,D038,,0.41768534756223069
stage_a_to_original,SA-D019,development,D039,,0.56024574828396811
stage_a_to_original,SA-D019,development,D040,,1.0903211970268512
stage_a_to_original,SA-D019,development,D041,,0.85907398728166084
stage_a_to_original,SA-D019,development,D042,,1.4104262363124007
stage_a_to_original,SA-D019,development,D043,,1.4033087431805189
stage_a_to_original,SA-D019,development,D044,,0.98529261983322347
stage_a_to_original,SA-D019,development,D045,,1.5390776615404738
stage_a_to_original,SA-D019,development,D046,,0.53776993545818474
stage_a_to_original,SA-D019,development,D047,,1.1128840106354954
stage_a_to_original,SA-D019,development,D048,,1.3593565674193777
stage_a_to_original,SA-D019,development,D049,,1.3876015139168862
stage_a_to_original,SA-D019,development,D050,,1.3504190287367392
stage_a_to_original,SA-D019,development,D051,,0.98254836139850887
stage_a_to_original,SA-D019,development,D052,,0.97803764076001287
stage_a_to_original,SA-D019,development,D053,,1.3221922229178873
stage_a_to_original,SA-D019,development,D054,,1.2134966099859763
stage_a_to_original,SA-D019,development,D055,,1.2509226984251636
stage_a_to_original,SA-D019,development,D056,,1.1466996698164267
stage_a_to_original,SA-D019,development,D057,,1.2653810015668301
stage_a_to_original,SA-D019,development,D058,,1.5050211038583892
stage_a_to_original,SA-D019,development,D059,,0.90560151262269672
stage_a_to_original,SA-D019,development,D060,,0.80932003512434902
stage_a_to_original,SA-D019,development,D061,,1.0161802701089142
stage_a_to_original,SA-D019,development,D062,,1.2114942095679107
stage_a_to_original,SA-D019,development,D063,,0.64380990800353299
stage_a_to_original,SA-D019,development,D064,,1.4793271192956841
stage_a_to_original,SA-D019,development,D065,,1.23286877672856
stage_a_to_original,SA-D019,development,D066,,1.2979908413625532
stage_a_to_original,SA-D019,development,D067,,1.0499605362522069
stage_a_to_original,SA-D019,development,D068,,0.66198577526657743
stage_a_to_original,SA-D019,development,D069,,1.13044992171317
stage_a_to_original,SA-D019,development,D070,,0.83243703753705578
stage_a_to_original,SA-D019,development,D071,,1.211665253422991
stage_a_to_original,SA-D019,development,D072,,1.1050013663364988
stage_a_to_original,SA-D019,development,D073,,0.98989387061178569
stage_a_to_original,SA-D019,development,D074,,1.3386428852791641
stage_a_to_original,SA-D019,development,D075,,1.0098407879337854
stage_a_to_original,SA-D019,development,D076,,0.79607978271546953
stage_a_to_original,SA-D019,development,D077,,1.433657009283291
stage_a_to_original,SA-D019,development,D078,,0.83874807848398891
stage_a_to_original,SA-D019,development,D079,,1.2070810991046532
stage_a_to_original,SA-D019,development,D080,,1.2449270440181692
stage_a_to_original,SA-D019,development,D081,,1.4768640580869561
stage_a_to_original,SA-D019,development,D082,,1.0322850551807492
stage_a_to_original,SA-D019,development,D083,,0.86688807607657903
stage_a_to_original,SA-D019,development,D084,,1.018456654855848
stage_a_to_original,SA-D019,development,D085,,1.219208254252623
stage_a_to_original,SA-D019,development,D086,,1.4922350738280483
stage_a_to_original,SA-D019,development,D087,,1.7201104983605608
stage_a_to_original,SA-D019,development,D088,,1.2370865298956115
stage_a_to_original,SA-D019,development,D089,,1.4831303655289216
stage_a_to_original,SA-D019,development,D090,,1.3321053179286482
stage_a_to_original,SA-D019,development,D091,,1.0258840260759559
stage_a_to_original,SA-D019,development,D092,,0.83240719475081593
stage_a_to_original,SA-D019,development,D093,,0.8834408299697909
stage_a_to_original,SA-D019,development,D094,,1.005646065065213
stage_a_to_original,SA-D019,development,D095,,1.3377509873851556
stage_a_to_original,SA-D019,development,D096,,1.3383197190764848
stage_a_to_original,SA-D019,development,D097,,1.4420147395901903
stage_a_to_original,SA-D019,development,D098,,1.3213898310399723
stage_a_to_original,SA-D019,development,D099,,0.98183612385155572
stage_a_to_original,SA-D020,validation,D000,,0.90454981558519965
stage_a_to_original,SA-D020,validation,D001,,0.24901949204876109
stage_a_to_original,SA-D020,validation,D002,,0.92375003554097279
stage_a_to_original,SA-D020,validation,D003,,1.7038212628972711
stage_a_to_original,SA-D020,validation,D004,,2.0477038569115367
stage_a_to_original,SA-D020,validation,D005,,0.42898481111562226
stage_a_to_original,SA-D020,validation,D006,,0.69690590468602809
stage_a_to_original,SA-D020,validation,D007,,0.88472107754170837
stage_a_to_original,SA-D020,validation,D008,,0.32931887274497001
stage_a_to_original,SA-D020,validation,D009,,0.61375320903228925
stage_a_to_original,SA-D020,validation,D010,,0.6330566527305419
stage_a_to_original,SA-D020,validation,D011,,0.74944372971566131
stage_a_to_original,SA-D020,validation,D012,,0.72943919026160098
stage_a_to_original,SA-D020,validation,D013,,0.65446968057600041
stage_a_to_original,SA-D020,validation,D014,,0.53312700759367004
stage_a_to_original,SA-D020,validation,D015,,0.64262439051770281
stage_a_to_original,SA-D020,validation,D016,,0.85128682402087519
stage_a_to_original,SA-D020,validation,D017,,0.71474648924995188
stage_a_to_original,SA-D020,validation,D018,,0.44968666990879919
stage_a_to_original,SA-D020,validation,D019,,0.89931662227191489
stage_a_to_original,SA-D020,validation,D020,,0.93227598320052985
stage_a_to_original,SA-D020,validation,D021,,0.59456025777112442
stage_a_to_original,SA-D020,validation,D022,,0.24538558318207365
stage_a_to_original,SA-D020,validation,D023,,0.36401838429090183
stage_a_to_original,SA-D020,validation,D024,,0.73146792307044084
stage_a_to_original,SA-D020,validation,D025,,0.90793836228234914
stage_a_to_original,SA-D020,validation,D026,,0.60008648138552145
stage_a_to_original,SA-D020,validation,D027,,0.77279154816778983
stage_a_to_original,SA-D020,validation,D028,,0.38372453928555716
stage_a_to_original,SA-D020,validation,D029,,0.40720218127301183
stage_a_to_original,SA-D020,validation,D030,,0.86388497730100033
stage_a_to_original,SA-D020,validation,D031,,0.51717768669136521
stage_a_to_original,SA-D020,validation,D032,,0.50421166716063914
stage_a_to_original,SA-D020,validation,D033,,0.70845575584782727
stage_a_to_original,SA-D020,validation,D034,,0.63852221238087914
stage_a_to_original,SA-D020,validation,D035,,0.66859302577621826
stage_a_to_original,SA-D020,validation,D036,,0.62481736794982401
stage_a_to_original,SA-D020,validation,D037,,0.45148340896013345
stage_a_to_original,SA-D020,validation,D038,,0.3889770514930333
stage_a_to_original,SA-D020,validation,D039,,0.69584963997316363
stage_a_to_original,SA-D020,validation,D040,,1.180683342903005
stage_a_to_original,SA-D020,validation,D041,,1.0136848394636822
stage_a_to_original,SA-D020,validation,D042,,1.583301997522262
stage_a_to_original,SA-D020,validation,D043,,1.5064398369408818
stage_a_to_original,SA-D020,validation,D044,,0.88814480657452222
stage_a_to_original,SA-D020,validation,D045,,1.7101392954454604
stage_a_to_original,SA-D020,validation,D046,,0.87115360749934723
stage_a_to_original,SA-D020,validation,D047,,1.3984731586538066
stage_a_to_original,SA-D020,validation,D048,,1.5366786503050105
stage_a_to_original,SA-D020,validation,D049,,1.521839435066749
stage_a_to_original,SA-D020,validation,D050,,1.3953577888861668
stage_a_to_original,SA-D020,validation,D051,,1.1515121935725854
stage_a_to_original,SA-D020,validation,D052,,1.1443270680654227
stage_a_to_original,SA-D020,validation,D053,,1.3512604121450487
stage_a_to_original,SA-D020,validation,D054,,1.1978267440329085
stage_a_to_original,SA-D020,validation,D055,,1.4504144833203956
stage_a_to_original,SA-D020,validation,D056,,1.19792202520033
stage_a_to_original,SA-D020,validation,D057,,1.4487861331058574
stage_a_to_original,SA-D020,validation,D058,,1.6924497930447386
stage_a_to_original,SA-D020,validation,D059,,0.93088654572683738
stage_a_to_original,SA-D020,validation,D060,,0.84796404658634084
stage_a_to_original,SA-D020,validation,D061,,0.84858853601678852
stage_a_to_original,SA-D020,validation,D062,,1.188617967477565
stage_a_to_original,SA-D020,validation,D063,,0.73318638796628532
stage_a_to_original,SA-D020,validation,D064,,1.5123369909078861
stage_a_to_original,SA-D020,validation,D065,,1.2321083513016056
stage_a_to_original,SA-D020,validation,D066,,1.2216450610780796
stage_a_to_original,SA-D020,validation,D067,,1.1086843332048952
stage_a_to_original,SA-D020,validation,D068,,0.86294021218515282
stage_a_to_original,SA-D020,validation,D069,,1.4081308012225724
stage_a_to_original,SA-D020,validation,D070,,0.7755681555703251
stage_a_to_original,SA-D020,validation,D071,,1.4278836779108859
stage_a_to_original,SA-D020,validation,D072,,1.1589361304891215
stage_a_to_original,SA-D020,validation,D073,,1.3014725973749091
stage_a_to_original,SA-D020,validation,D074,,1.5092195166561841
stage_a_to_original,SA-D020,validation,D075,,1.2614127421977057
stage_a_to_original,SA-D020,validation,D076,,0.91091863148435803
stage_a_to_original,SA-D020,validation,D077,,1.6377579112394247
stage_a_to_original,SA-D020,validation,D078,,0.88068130949270684
stage_a_to_original,SA-D020,validation,D079,,1.1645396752926256
stage_a_to_original,SA-D020,validation,D080,,1.3017091776666498
stage_a_to_original,SA-D020,validation,D081,,1.4231128351668259
stage_a_to_original,SA-D020,validation,D082,,1.3468925969378858
stage_a_to_original,SA-D020,validation,D083,,1.0315987951002086
stage_a_to_original,SA-D020,validation,D084,,1.079609911561636
stage_a_to_original,SA-D020,validation,D085,,1.3675719760378255
stage_a_to_original,SA-D020,validation,D086,,1.4680030549720005
stage_a_to_original,SA-D020,validation,D087,,1.9348484280185305
stage_a_to_original,SA-D020,validation,D088,,1.3845088262014837
stage_a_to_original,SA-D020,validation,D089,,1.4345374189157862
stage_a_to_original,SA-D020,validation,D090,,1.5079722234123838
stage_a_to_original,SA-D020,validation,D091,,1.0376094640698454
stage_a_to_original,SA-D020,validation,D092,,1.0540780551674309
stage_a_to_original,SA-D020,validation,D093,,1.0152936489711071
stage_a_to_original,SA-D020,validation,D094,,0.97989641178854658
stage_a_to_original,SA-D020,validation,D095,,1.4323556806642779
stage_a_to_original,SA-D020,validation,D096,,1.5131184465141612
stage_a_to_original,SA-D020,validation,D097,,1.3601864264985464
stage_a_to_original,SA-D020,validation,D098,,1.478390906396913
stage_a_to_original,SA-D020,validation,D099,,1.1824329713206965
stage_a_to_original,SA-D021,validation,D000,,1.177963031556498
stage_a_to_original,SA-D021,validation,D001,,0.62095458401846804
stage_a_to_original,SA-D021,validation,D002,,0.70399869083216238
stage_a_to_original,SA-D021,validation,D003,,1.3648571162733858
stage_a_to_original,SA-D021,validation,D004,,1.7148420101104682
stage_a_to_original,SA-D021,validation,D005,,0.63772456760622598
stage_a_to_original,SA-D021,validation,D006,,0.87241780563518356
stage_a_to_original,SA-D021,validation,D007,,0.72070314234789257
stage_a_to_original,SA-D021,validation,D008,,0.63812724346871963
stage_a_to_original,SA-D021,validation,D009,,0.35263232274945205
stage_a_to_original,SA-D021,validation,D010,,0.37793206185266776
stage_a_to_original,SA-D021,validation,D011,,0.86568836633323087
stage_a_to_original,SA-D021,validation,D012,,0.55209703821161071
stage_a_to_original,SA-D021,validation,D013,,0.38674929237171002
stage_a_to_original,SA-D021,validation,D014,,0.2418890365505246
stage_a_to_original,SA-D021,validation,D015,,0.37796811138373532
stage_a_to_original,SA-D021,validation,D016,,0.70546517908546602
stage_a_to_original,SA-D021,validation,D017,,0.86303918578082883
stage_a_to_original,SA-D021,validation,D018,,0.62915952939201536
stage_a_to_original,SA-D021,validation,D019,,0.75592429361803548
stage_a_to_original,SA-D021,validation,D020,,0.74015093918250929
stage_a_to_original,SA-D021,validation,D021,,0.21766760105205377
stage_a_to_original,SA-D021,validation,D022,,0.56278186804023578
stage_a_to_original,SA-D021,validation,D023,,0.64136439842327819
stage_a_to_original,SA-D021,validation,D024,,0.85633896588107328
stage_a_to_original,SA-D021,validation,D025,,0.74813219219839
stage_a_to_original,SA-D021,validation,D026,,0.2850754349742286
stage_a_to_original,SA-D021,validation,D027,,0.91102043081508399
stage_a_to_original,SA-D021,validation,D028,,0.63525254004319376
stage_a_to_original,SA-D021,validation,D029,,0.63128717800706569
stage_a_to_original,SA-D021,validation,D030,,0.70397398244991771
stage_a_to_original,SA-D021,validation,D031,,0.70402510802583873
stage_a_to_original,SA-D021,validation,D032,,0.71807423967086503
stage_a_to_original,SA-D021,validation,D033,,0.85694514838231661
stage_a_to_original,SA-D021,validation,D034,,0.40499440930267933
stage_a_to_original,SA-D021,validation,D035,,0.39942177329178069
stage_a_to_original,SA-D021,validation,D036,,0.39342759874976418
stage_a_to_original,SA-D021,validation,D037,,0.65790264244118357
stage_a_to_original,SA-D021,validation,D038,,0.62328996352199739
stage_a_to_original,SA-D021,validation,D039,,0.54863207553225013
stage_a_to_original,SA-D021,validation,D040,,0.78226388983693373
stage_a_to_original,SA-D021,validation,D041,,1.0264760335662584
stage_a_to_original,SA-D021,validation,D042,,1.3593263138848355
stage_a_to_original,SA-D021,validation,D043,,1.1425330079970595
stage_a_to_original,SA-D021,validation,D044,,0.79888097299407612
stage_a_to_original,SA-D021,validation,D045,,1.6254751167477994
stage_a_to_original,SA-D021,validation,D046,,0.97527772588080952
stage_a_to_original,SA-D021,validation,D047,,1.278880444867899
stage_a_to_original,SA-D021,validation,D048,,1.1576222206649653
stage_a_to_original,SA-D021,validation,D049,,1.2052904142264431
stage_a_to_original,SA-D021,validation,D050,,1.1459045097293259
stage_a_to_original,SA-D021,validation,D051,,1.3236330660726314
stage_a_to_original,SA-D021,validation,D052,,1.0020539896107965
stage_a_to_original,SA-D021,validation,D053,,1.1060500531314112
stage_a_to_original,SA-D021,validation,D054,,0.77544103175789203
stage_a_to_original,SA-D021,validation,D055,,1.3824400032062438
stage_a_to_original,SA-D021,validation,D056,,1.3386773789929285
stage_a_to_original,SA-D021,validation,D057,,1.6401828463638588
stage_a_to_original,SA-D021,validation,D058,,1.4543126504742252
stage_a_to_original,SA-D021,validation,D059,,1.0491309838646643
stage_a_to_original,SA-D021,validation,D060,,0.9181373110422647
stage_a_to_original,SA-D021,validation,D061,,0.80547166096109657
stage_a_to_original,SA-D021,validation,D062,,1.1805047247068843
stage_a_to_original,SA-D021,validation,D063,,0.52789637809533996
stage_a_to_original,SA-D021,validation,D064,,1.2432962939529926
stage_a_to_original,SA-D021,validation,D065,,1.3841464148906877
stage_a_to_original,SA-D021,validation,D066,,1.1998865786455322
stage_a_to_original,SA-D021,validation,D067,,0.98430798850240986
stage_a_to_original,SA-D021,validation,D068,,1.021684992313574
stage_a_to_original,SA-D021,validation,D069,,1.4668621341279389
stage_a_to_original,SA-D021,validation,D070,,0.96863400886940099
stage_a_to_original,SA-D021,validation,D071,,1.5064546714423237
stage_a_to_original,SA-D021,validation,D072,,1.2556415274729231
stage_a_to_original,SA-D021,validation,D073,,1.3175537709719007
stage_a_to_original,SA-D021,validation,D074,,1.1804059626848371
stage_a_to_original,SA-D021,validation,D075,,1.1071130641595992
stage_a_to_original,SA-D021,validation,D076,,1.0322023220467578
stage_a_to_original,SA-D021,validation,D077,,1.3118570437978454
stage_a_to_original,SA-D021,validation,D078,,0.92153737611349884
stage_a_to_original,SA-D021,validation,D079,,1.0727889289624546
stage_a_to_original,SA-D021,validation,D080,,1.1396231294318124
stage_a_to_original,SA-D021,validation,D081,,1.1236570513770388
stage_a_to_original,SA-D021,validation,D082,,1.1768717161204083
stage_a_to_original,SA-D021,validation,D083,,1.1295036156497917
stage_a_to_original,SA-D021,validation,D084,,0.95083668415015155
stage_a_to_original,SA-D021,validation,D085,,1.2975478827210198
stage_a_to_original,SA-D021,validation,D086,,1.2321813848701981
stage_a_to_original,SA-D021,validation,D087,,1.7199586380931797
stage_a_to_original,SA-D021,validation,D088,,1.4629597577890312
stage_a_to_original,SA-D021,validation,D089,,1.1781502460319024
stage_a_to_original,SA-D021,validation,D090,,1.2773244048322834
stage_a_to_original,SA-D021,validation,D091,,0.8147162872893976
stage_a_to_original,SA-D021,validation,D092,,0.99477071480447377
stage_a_to_original,SA-D021,validation,D093,,0.89818457964698584
stage_a_to_original,SA-D021,validation,D094,,1.094805574957989
stage_a_to_original,SA-D021,validation,D095,,1.0383245335510896
stage_a_to_original,SA-D021,validation,D096,,1.1456125916005502
stage_a_to_original,SA-D021,validation,D097,,1.0862166450803097
stage_a_to_original,SA-D021,validation,D098,,1.4595920106197806
stage_a_to_original,SA-D021,validation,D099,,1.0551092189791382
stage_a_to_original,SA-D022,sealed_holdout,D000,,0.86561825100426748
stage_a_to_original,SA-D022,sealed_holdout,D001,,0.21902501159171756
stage_a_to_original,SA-D022,sealed_holdout,D002,,0.92763651957057403
stage_a_to_original,SA-D022,sealed_holdout,D003,,1.7093416853439634
stage_a_to_original,SA-D022,sealed_holdout,D004,,2.0523524754146583
stage_a_to_original,SA-D022,sealed_holdout,D005,,0.41182795601199046
stage_a_to_original,SA-D022,sealed_holdout,D006,,0.72316314527296177
stage_a_to_original,SA-D022,sealed_holdout,D007,,0.88268790081247428
stage_a_to_original,SA-D022,sealed_holdout,D008,,0.41491593163565127
stage_a_to_original,SA-D022,sealed_holdout,D009,,0.64082784580694174
stage_a_to_original,SA-D022,sealed_holdout,D010,,0.62817687528649313
stage_a_to_original,SA-D022,sealed_holdout,D011,,0.75529280597979986
stage_a_to_original,SA-D022,sealed_holdout,D012,,0.74437191672847414
stage_a_to_original,SA-D022,sealed_holdout,D013,,0.64962120586819716
stage_a_to_original,SA-D022,sealed_holdout,D014,,0.54675102872416403
stage_a_to_original,SA-D022,sealed_holdout,D015,,0.6397735599765646
stage_a_to_original,SA-D022,sealed_holdout,D016,,0.88025138634973299
stage_a_to_original,SA-D022,sealed_holdout,D017,,0.69730083996318371
stage_a_to_original,SA-D022,sealed_holdout,D018,,0.43234908634318053
stage_a_to_original,SA-D022,sealed_holdout,D019,,0.91731554809110916
stage_a_to_original,SA-D022,sealed_holdout,D020,,0.92787976951652096
stage_a_to_original,SA-D022,sealed_holdout,D021,,0.61495262059888411
stage_a_to_original,SA-D022,sealed_holdout,D022,,0.29003867237244574
stage_a_to_original,SA-D022,sealed_holdout,D023,,0.46398293339596858
stage_a_to_original,SA-D022,sealed_holdout,D024,,0.73067499567736904
stage_a_to_original,SA-D022,sealed_holdout,D025,,0.92775179129758711
stage_a_to_original,SA-D022,sealed_holdout,D026,,0.59833499010460434
stage_a_to_original,SA-D022,sealed_holdout,D027,,0.79799321812511936
stage_a_to_original,SA-D022,sealed_holdout,D028,,0.3819899161685803
stage_a_to_original,SA-D022,sealed_holdout,D029,,0.42211800675038824
stage_a_to_original,SA-D022,sealed_holdout,D030,,0.8790142557861943
stage_a_to_original,SA-D022,sealed_holdout,D031,,0.5605307684761196
stage_a_to_original,SA-D022,sealed_holdout,D032,,0.55674369217097663
stage_a_to_original,SA-D022,sealed_holdout,D033,,0.72193997577378555
stage_a_to_original,SA-D022,sealed_holdout,D034,,0.65090236280009428
stage_a_to_original,SA-D022,sealed_holdout,D035,,0.68443576704016718
stage_a_to_original,SA-D022,sealed_holdout,D036,,0.64906759086134846
stage_a_to_original,SA-D022,sealed_holdout,D037,,0.44013118130331835
stage_a_to_original,SA-D022,sealed_holdout,D038,,0.45865313825284459
stage_a_to_original,SA-D022,sealed_holdout,D039,,0.74716393083069088
stage_a_to_original,SA-D022,sealed_holdout,D040,,1.221601252764497
stage_a_to_original,SA-D022,sealed_holdout,D041,,0.95227963452202291
stage_a_to_original,SA-D022,sealed_holdout,D042,,1.5829694394779195
stage_a_to_original,SA-D022,sealed_holdout,D043,,1.4683305771566586
stage_a_to_original,SA-D022,sealed_holdout,D044,,0.90524184638665006
stage_a_to_original,SA-D022,sealed_holdout,D045,,1.6838835078654768
stage_a_to_original,SA-D022,sealed_holdout,D046,,0.90812945694463609
stage_a_to_original,SA-D022,sealed_holdout,D047,,1.4461103432422784
stage_a_to_original,SA-D022,sealed_holdout,D048,,1.5143558754368101
stage_a_to_original,SA-D022,sealed_holdout,D049,,1.4960973573335183
stage_a_to_original,SA-D022,sealed_holdout,D050,,1.3956069707273668
stage_a_to_original,SA-D022,sealed_holdout,D051,,1.1488509127174251
stage_a_to_original,SA-D022,sealed_holdout,D052,,1.1025199711147817
stage_a_to_original,SA-D022,sealed_holdout,D053,,1.4023963165807236
stage_a_to_original,SA-D022,sealed_holdout,D054,,1.1608967235347634
stage_a_to_original,SA-D022,sealed_holdout,D055,,1.4359709287036246
stage_a_to_original,SA-D022,sealed_holdout,D056,,1.185979083644056
stage_a_to_original,SA-D022,sealed_holdout,D057,,1.4935689846114226
stage_a_to_original,SA-D022,sealed_holdout,D058,,1.740295520754144
stage_a_to_original,SA-D022,sealed_holdout,D059,,1.0088175295587316
stage_a_to_original,SA-D022,sealed_holdout,D060,,0.87233240731619099
stage_a_to_original,SA-D022,sealed_holdout,D061,,0.8688147959786845
stage_a_to_original,SA-D022,sealed_holdout,D062,,1.2006534264273494
stage_a_to_original,SA-D022,sealed_holdout,D063,,0.78811346578502428
stage_a_to_original,SA-D022,sealed_holdout,D064,,1.4860560519973309
stage_a_to_original,SA-D022,sealed_holdout,D065,,1.2044090074379072
stage_a_to_original,SA-D022,sealed_holdout,D066,,1.2275481485504085
stage_a_to_original,SA-D022,sealed_holdout,D067,,1.0730428072327123
stage_a_to_original,SA-D022,sealed_holdout,D068,,0.88614355971650627
stage_a_to_original,SA-D022,sealed_holdout,D069,,1.4691346027219354
stage_a_to_original,SA-D022,sealed_holdout,D070,,0.805235251396339
stage_a_to_original,SA-D022,sealed_holdout,D071,,1.4726075045401865
stage_a_to_original,SA-D022,sealed_holdout,D072,,1.2153095703823411
stage_a_to_original,SA-D022,sealed_holdout,D073,,1.3201148457513723
stage_a_to_original,SA-D022,sealed_holdout,D074,,1.5037816952344005
stage_a_to_original,SA-D022,sealed_holdout,D075,,1.2927496937083052
stage_a_to_original,SA-D022,sealed_holdout,D076,,0.87425153606283401
stage_a_to_original,SA-D022,sealed_holdout,D077,,1.6094989123387502
stage_a_to_original,SA-D022,sealed_holdout,D078,,0.85040863469005268
stage_a_to_original,SA-D022,sealed_holdout,D079,,1.1611341153473742
stage_a_to_original,SA-D022,sealed_holdout,D080,,1.2292984107064295
stage_a_to_original,SA-D022,sealed_holdout,D081,,1.3761240998303723
stage_a_to_original,SA-D022,sealed_holdout,D082,,1.3351556570452705
stage_a_to_original,SA-D022,sealed_holdout,D083,,1.0501312532111327
stage_a_to_original,SA-D022,sealed_holdout,D084,,1.0184275395658395
stage_a_to_original,SA-D022,sealed_holdout,D085,,1.3433866594213337
stage_a_to_original,SA-D022,sealed_holdout,D086,,1.5008618217140393
stage_a_to_original,SA-D022,sealed_holdout,D087,,1.9466007608407616
stage_a_to_original,SA-D022,sealed_holdout,D088,,1.3793291257678357
stage_a_to_original,SA-D022,sealed_holdout,D089,,1.4782913813118963
stage_a_to_original,SA-D022,sealed_holdout,D090,,1.4909485538381264
stage_a_to_original,SA-D022,sealed_holdout,D091,,0.99891809725420122
stage_a_to_original,SA-D022,sealed_holdout,D092,,1.1275788228978438
stage_a_to_original,SA-D022,sealed_holdout,D093,,1.1229840513783822
stage_a_to_original,SA-D022,sealed_holdout,D094,,0.99889065126216314
stage_a_to_original,SA-D022,sealed_holdout,D095,,1.3942350309182638
stage_a_to_original,SA-D022,sealed_holdout,D096,,1.5192491399732224
stage_a_to_original,SA-D022,sealed_holdout,D097,,1.3304660075977912
stage_a_to_original,SA-D022,sealed_holdout,D098,,1.4866501769866023
stage_a_to_original,SA-D022,sealed_holdout,D099,,1.1794098853052053
stage_a_to_original,SA-D023,sealed_holdout,D000,,1.3263734890918719
stage_a_to_original,SA-D023,sealed_holdout,D001,,0.82900520860715832
stage_a_to_original,SA-D023,sealed_holdout,D002,,0.3607721214339969
stage_a_to_original,SA-D023,sealed_holdout,D003,,1.0313383995987837
stage_a_to_original,SA-D023,sealed_holdout,D004,,1.4258015762841092
stage_a_to_original,SA-D023,sealed_holdout,D005,,0.6090283320516835
stage_a_to_original,SA-D023,sealed_holdout,D006,,0.67655274470736493
stage_a_to_original,SA-D023,sealed_holdout,D007,,0.48769607553134331
stage_a_to_original,SA-D023,sealed_holdout,D008,,0.70352268599716938
stage_a_to_original,SA-D023,sealed_holdout,D009,,0.47528676676154019
stage_a_to_original,SA-D023,sealed_holdout,D010,,0.36812242086165731
stage_a_to_original,SA-D023,sealed_holdout,D011,,0.65380630199564693
stage_a_to_original,SA-D023,sealed_holdout,D012,,0.43388006395536999
stage_a_to_original,SA-D023,sealed_holdout,D013,,0.27514312786222805
stage_a_to_original,SA-D023,sealed_holdout,D014,,0.47597411902448994
stage_a_to_original,SA-D023,sealed_holdout,D015,,0.4970961678413876
stage_a_to_original,SA-D023,sealed_holdout,D016,,0.47190993718379654
stage_a_to_original,SA-D023,sealed_holdout,D017,,0.72421595341322043
stage_a_to_original,SA-D023,sealed_holdout,D018,,0.68207567943459246
stage_a_to_original,SA-D023,sealed_holdout,D019,,0.47982823580857342
stage_a_to_original,SA-D023,sealed_holdout,D020,,0.42888271210808654
stage_a_to_original,SA-D023,sealed_holdout,D021,,0.40132819456807395
stage_a_to_original,SA-D023,sealed_holdout,D022,,0.6877357777230686
stage_a_to_original,SA-D023,sealed_holdout,D023,,0.70473024415241736
stage_a_to_original,SA-D023,sealed_holdout,D024,,0.63780765184000787
stage_a_to_original,SA-D023,sealed_holdout,D025,,0.42073925315236432
stage_a_to_original,SA-D023,sealed_holdout,D026,,0.46045877542925429
stage_a_to_original,SA-D023,sealed_holdout,D027,,0.68805107540916988
stage_a_to_original,SA-D023,sealed_holdout,D028,,0.64662828494636215
stage_a_to_original,SA-D023,sealed_holdout,D029,,0.53942702502411188
stage_a_to_original,SA-D023,sealed_holdout,D030,,0.43848121214360447
stage_a_to_original,SA-D023,sealed_holdout,D031,,0.56550582879608569
stage_a_to_original,SA-D023,sealed_holdout,D032,,0.6262677285803081
stage_a_to_original,SA-D023,sealed_holdout,D033,,0.64444107633494896
stage_a_to_original,SA-D023,sealed_holdout,D034,,0.51471014582095165
stage_a_to_original,SA-D023,sealed_holdout,D035,,0.31213606690405477
stage_a_to_original,SA-D023,sealed_holdout,D036,,0.28658723794693092
stage_a_to_original,SA-D023,sealed_holdout,D037,,0.60543357516369001
stage_a_to_original,SA-D023,sealed_holdout,D038,,0.69636950718509749
stage_a_to_original,SA-D023,sealed_holdout,D039,,0.4364793858362454
stage_a_to_original,SA-D023,sealed_holdout,D040,,0.66142843037143773
stage_a_to_original,SA-D023,sealed_holdout,D041,,0.9377704431041386
stage_a_to_original,SA-D023,sealed_holdout,D042,,1.1645771417173609
stage_a_to_original,SA-D023,sealed_holdout,D043,,1.0403481952442424
stage_a_to_original,SA-D023,sealed_holdout,D044,,0.92772141079893933
stage_a_to_original,SA-D023,sealed_holdout,D045,,1.4548625537235695
stage_a_to_original,SA-D023,sealed_holdout,D046,,0.74899051733994215
stage_a_to_original,SA-D023,sealed_holdout,D047,,0.97261296991025425
stage_a_to_original,SA-D023,sealed_holdout,D048,,0.93102574061377374
stage_a_to_original,SA-D023,sealed_holdout,D049,,1.0416813782412335
stage_a_to_original,SA-D023,sealed_holdout,D050,,1.095663711725291
stage_a_to_original,SA-D023,sealed_holdout,D051,,1.1852872201349562
stage_a_to_original,SA-D023,sealed_holdout,D052,,0.8254625295207445
stage_a_to_original,SA-D023,sealed_holdout,D053,,1.0615575319919321
stage_a_to_original,SA-D023,sealed_holdout,D054,,0.85953167588521873
stage_a_to_original,SA-D023,sealed_holdout,D055,,1.1480385216519482
stage_a_to_original,SA-D023,sealed_holdout,D056,,1.2937744246297951
stage_a_to_original,SA-D023,sealed_holdout,D057,,1.4874647804835885
stage_a_to_original,SA-D023,sealed_holdout,D058,,1.2277620288004416
stage_a_to_original,SA-D023,sealed_holdout,D059,,1.05731874385946
stage_a_to_original,SA-D023,sealed_holdout,D060,,0.90511089217733531
stage_a_to_original,SA-D023,sealed_holdout,D061,,0.97350290979491449
stage_a_to_original,SA-D023,sealed_holdout,D062,,1.2080021314786193
stage_a_to_original,SA-D023,sealed_holdout,D063,,0.45898819996280399
stage_a_to_original,SA-D023,sealed_holdout,D064,,1.1971985783266368
stage_a_to_original,SA-D023,sealed_holdout,D065,,1.3610918428013388
stage_a_to_original,SA-D023,sealed_holdout,D066,,1.2882096787131121
stage_a_to_original,SA-D023,sealed_holdout,D067,,0.9452938074454118
stage_a_to_original,SA-D023,sealed_holdout,D068,,0.88139556641758854
stage_a_to_original,SA-D023,sealed_holdout,D069,,1.1820225422329413
stage_a_to_original,SA-D023,sealed_holdout,D070,,1.0099065443548507
stage_a_to_original,SA-D023,sealed_holdout,D071,,1.2879102605132218
stage_a_to_original,SA-D023,sealed_holdout,D072,,1.1757154061831825
stage_a_to_original,SA-D023,sealed_holdout,D073,,1.0347731769776702
stage_a_to_original,SA-D023,sealed_holdout,D074,,0.96397831738471151
stage_a_to_original,SA-D023,sealed_holdout,D075,,0.83868933309821381
stage_a_to_original,SA-D023,sealed_holdout,D076,,0.9559145202170547
stage_a_to_original,SA-D023,sealed_holdout,D077,,1.0727536226664585
stage_a_to_original,SA-D023,sealed_holdout,D078,,0.92039755317322125
stage_a_to_original,SA-D023,sealed_holdout,D079,,1.108137691465751
stage_a_to_original,SA-D023,sealed_holdout,D080,,1.1180019895449547
stage_a_to_original,SA-D023,sealed_holdout,D081,,1.2222127519934394
stage_a_to_original,SA-D023,sealed_holdout,D082,,0.84630650400822427
stage_a_to_original,SA-D023,sealed_holdout,D083,,1.0368838814272145
stage_a_to_original,SA-D023,sealed_holdout,D084,,0.89849849867361775
stage_a_to_original,SA-D023,sealed_holdout,D085,,1.1756080673798737
stage_a_to_original,SA-D023,sealed_holdout,D086,,1.2665508296059604
stage_a_to_original,SA-D023,sealed_holdout,D087,,1.4922695960622674
stage_a_to_original,SA-D023,sealed_holdout,D088,,1.3003236090952106
stage_a_to_original,SA-D023,sealed_holdout,D089,,1.2121605742531769
stage_a_to_original,SA-D023,sealed_holdout,D090,,1.1083442968226971
stage_a_to_original,SA-D023,sealed_holdout,D091,,0.80828274388331445
stage_a_to_original,SA-D023,sealed_holdout,D092,,0.77722453677088188
stage_a_to_original,SA-D023,sealed_holdout,D093,,0.76423509215275898
stage_a_to_original,SA-D023,sealed_holdout,D094,,1.0758020208920864
stage_a_to_original,SA-D023,sealed_holdout,D095,,0.93430992614477359
stage_a_to_original,SA-D023,sealed_holdout,D096,,0.94860129353573475
stage_a_to_original,SA-D023,sealed_holdout,D097,,1.2040323407592617
stage_a_to_original,SA-D023,sealed_holdout,D098,,1.2763206418807009
stage_a_to_original,SA-D023,sealed_holdout,D099,,0.86081786290171014
stage_a_to_original,SA-D024,development,D000,,2.6637181903980105
stage_a_to_original,SA-D024,development,D001,,2.160277355194602
stage_a_to_original,SA-D024,development,D002,,1.2735467581420801
stage_a_to_original,SA-D024,development,D003,,0.61243501589143612
stage_a_to_original,SA-D024,development,D004,,0.063829787234042548
stage_a_to_original,SA-D024,development,D005,,1.82791649684956
stage_a_to_original,SA-D024,development,D006,,1.730904202748468
stage_a_to_original,SA-D024,development,D007,,1.5011936907722336
stage_a_to_original,SA-D024,development,D008,,2.0009128855484333
stage_a_to_original,SA-D024,development,D009,,1.7797700718014864
stage_a_to_original,SA-D024,development,D010,,1.6511259154150741
stage_a_to_original,SA-D024,development,D011,,1.6772401763059186
stage_a_to_original,SA-D024,development,D012,,1.7004920489835187
stage_a_to_original,SA-D024,development,D013,,1.5811367126499221
stage_a_to_original,SA-D024,development,D014,,1.8219623954475275
stage_a_to_original,SA-D024,development,D015,,1.8253855696056593
stage_a_to_original,SA-D024,development,D016,,1.533699336999458
stage_a_to_original,SA-D024,development,D017,,1.747072018924595
stage_a_to_original,SA-D024,development,D018,,1.8983530306239857
stage_a_to_original,SA-D024,development,D019,,1.5538116313007873
stage_a_to_original,SA-D024,development,D020,,1.439361374592431
stage_a_to_original,SA-D024,development,D021,,1.6905502875235461
stage_a_to_original,SA-D024,development,D022,,2.0045284121566809
stage_a_to_original,SA-D024,development,D023,,1.9476752060587159
stage_a_to_original,SA-D024,development,D024,,1.6394980437584175
stage_a_to_original,SA-D024,development,D025,,1.4709467071311271
stage_a_to_original,SA-D024,development,D026,,1.7888614308639856
stage_a_to_original,SA-D024,development,D027,,1.7376735461244155
stage_a_to_original,SA-D024,development,D028,,1.8942039322553779
stage_a_to_original,SA-D024,development,D029,,1.7880443504780894
stage_a_to_original,SA-D024,development,D030,,1.475680786504588
stage_a_to_original,SA-D024,development,D031,,1.7919399704831536
stage_a_to_original,SA-D024,development,D032,,1.8691409553945515
stage_a_to_original,SA-D024,development,D033,,1.7023475977361406
stage_a_to_original,SA-D024,development,D034,,1.7898385314630096
stage_a_to_original,SA-D024,development,D035,,1.5611603462644743
stage_a_to_original,SA-D024,development,D036,,1.5947088078801841
stage_a_to_original,SA-D024,development,D037,,1.8796750605528909
stage_a_to_original,SA-D024,development,D038,,1.9768130370627965
stage_a_to_original,SA-D024,development,D039,,1.7076827917821757
stage_a_to_original,SA-D024,development,D040,,1.5078830042571425
stage_a_to_original,SA-D024,development,D041,,1.608972104963712
stage_a_to_original,SA-D024,development,D042,,1.5821764854880755
stage_a_to_original,SA-D024,development,D043,,1.2745409300541874
stage_a_to_original,SA-D024,development,D044,,2.014702624240948
stage_a_to_original,SA-D024,development,D045,,1.5454811695778101
stage_a_to_original,SA-D024,development,D046,,1.6769356525443655
stage_a_to_original,SA-D024,development,D047,,1.2256755090204761
stage_a_to_original,SA-D024,development,D048,,1.0993379068809288
stage_a_to_original,SA-D024,development,D049,,1.5621552128466034
stage_a_to_original,SA-D024,development,D050,,1.6447044878079395
stage_a_to_original,SA-D024,development,D051,,2.1443362040041278
stage_a_to_original,SA-D024,development,D052,,1.4905503889612801
stage_a_to_original,SA-D024,development,D053,,1.7777348375900399
stage_a_to_original,SA-D024,development,D054,,1.6571354558825659
stage_a_to_original,SA-D024,development,D055,,1.6671579547925006
stage_a_to_original,SA-D024,development,D056,,2.0859915349765563
stage_a_to_original,SA-D024,development,D057,,2.252996743888604
stage_a_to_original,SA-D024,development,D058,,1.3433374326218086
stage_a_to_original,SA-D024,development,D059,,1.9548494837417172
stage_a_to_original,SA-D024,development,D060,,1.836164680761678
stage_a_to_original,SA-D024,development,D061,,2.1005360484448317
stage_a_to_original,SA-D024,development,D062,,1.6238489581496733
stage_a_to_original,SA-D024,development,D063,,1.6949145477116005
stage_a_to_original,SA-D024,development,D064,,1.8429345206747061
stage_a_to_original,SA-D024,development,D065,,2.2931309573333176
stage_a_to_original,SA-D024,development,D066,,2.1294974254575179
stage_a_to_original,SA-D024,development,D067,,1.7408866555095943
stage_a_to_original,SA-D024,development,D068,,1.8367274892875189
stage_a_to_original,SA-D024,development,D069,,1.4358382582763636
stage_a_to_original,SA-D024,development,D070,,1.9495730521426269
stage_a_to_original,SA-D024,development,D071,,1.5781454323377668
stage_a_to_original,SA-D024,development,D072,,1.8276442428548421
stage_a_to_original,SA-D024,development,D073,,1.2517269366534538
stage_a_to_original,SA-D024,development,D074,,1.2256630498507075
stage_a_to_original,SA-D024,development,D075,,1.3033086682850186
stage_a_to_original,SA-D024,development,D076,,1.7757526931370287
stage_a_to_original,SA-D024,development,D077,,1.1724396352646651
stage_a_to_original,SA-D024,development,D078,,1.8906996220986636
stage_a_to_original,SA-D024,development,D079,,2.0112920600897333
stage_a_to_original,SA-D024,development,D080,,1.5983235251159817
stage_a_to_original,SA-D024,development,D081,,1.8566995131151651
stage_a_to_original,SA-D024,development,D082,,1.1196647904301045
stage_a_to_original,SA-D024,development,D083,,1.8397389968569697
stage_a_to_original,SA-D024,development,D084,,1.6818271733302785
stage_a_to_original,SA-D024,development,D085,,1.8898651047937696
stage_a_to_original,SA-D024,development,D086,,1.8286968835819921
stage_a_to_original,SA-D024,development,D087,,1.3701655437341009
stage_a_to_original,SA-D024,development,D088,,1.7925090004932924
stage_a_to_original,SA-D024,development,D089,,1.7126312267779813
stage_a_to_original,SA-D024,development,D090,,1.7406965579649392
stage_a_to_original,SA-D024,development,D091,,1.5789131562228236
stage_a_to_original,SA-D024,development,D092,,1.6440895315067543
stage_a_to_original,SA-D024,development,D093,,1.5890183174244117
stage_a_to_original,SA-D024,development,D094,,1.9453333381327025
stage_a_to_original,SA-D024,development,D095,,1.1688873131016044
stage_a_to_original,SA-D024,development,D096,,1.0120747910033363
stage_a_to_original,SA-D024,development,D097,,1.9380327182923665
stage_a_to_original,SA-D024,development,D098,,1.9124026401297145
stage_a_to_original,SA-D024,development,D099,,1.6243677719453409
stage_a_to_original,SA-D025,development,D000,,1.8756264073210454
stage_a_to_original,SA-D025,development,D001,,1.3535873558564513
stage_a_to_original,SA-D025,development,D002,,0.58047909645303453
stage_a_to_original,SA-D025,development,D003,,0.63173975333189381
stage_a_to_original,SA-D025,development,D004,,0.8760512910350382
stage_a_to_original,SA-D025,development,D005,,1.0256568729904527
stage_a_to_original,SA-D025,development,D006,,0.94424776445130065
stage_a_to_original,SA-D025,development,D007,,0.80406621759256414
stage_a_to_original,SA-D025,development,D008,,1.1955008803552232
stage_a_to_original,SA-D025,development,D009,,1.0704637017697012
stage_a_to_original,SA-D025,development,D010,,0.92493475125483759
stage_a_to_original,SA-D025,development,D011,,0.91080151987723112
stage_a_to_original,SA-D025,development,D012,,0.98458834857297139
stage_a_to_original,SA-D025,development,D013,,0.84823346723332627
stage_a_to_original,SA-D025,development,D014,,1.0994677456830517
stage_a_to_original,SA-D025,development,D015,,1.1089768537974909
stage_a_to_original,SA-D025,development,D016,,0.83644161962278374
stage_a_to_original,SA-D025,development,D017,,0.95397650472715789
stage_a_to_original,SA-D025,development,D018,,1.099420206313773
stage_a_to_original,SA-D025,development,D019,,0.8779585657306952
stage_a_to_original,SA-D025,development,D020,,0.76738509940186728
stage_a_to_original,SA-D025,development,D021,,0.98351505209464241
stage_a_to_original,SA-D025,development,D022,,1.2168252441254159
stage_a_to_original,SA-D025,development,D023,,1.1443786650942533
stage_a_to_original,SA-D025,development,D024,,0.85958417327317338
stage_a_to_original,SA-D025,development,D025,,0.7709570670581255
stage_a_to_original,SA-D025,development,D026,,1.0643897286558288
stage_a_to_original,SA-D025,development,D027,,0.96127078803031696
stage_a_to_original,SA-D025,development,D028,,1.0822374552436127
stage_a_to_original,SA-D025,development,D029,,0.95896828210990681
stage_a_to_original,SA-D025,development,D030,,0.78447439901351823
stage_a_to_original,SA-D025,development,D031,,0.9977579118237343
stage_a_to_original,SA-D025,development,D032,,1.056132217627924
stage_a_to_original,SA-D025,development,D033,,0.90028678505831394
stage_a_to_original,SA-D025,development,D034,,1.0735906930713954
stage_a_to_original,SA-D025,development,D035,,0.86856609276695029
stage_a_to_original,SA-D025,development,D036,,0.85372562566354027
stage_a_to_original,SA-D025,development,D037,,1.0801524954250112
stage_a_to_original,SA-D025,development,D038,,1.1666355850013614
stage_a_to_original,SA-D025,development,D039,,0.98537192910536631
stage_a_to_original,SA-D025,development,D040,,1.019404997904612
stage_a_to_original,SA-D025,development,D041,,0.9155697066771552
stage_a_to_original,SA-D025,development,D042,,1.2960877230851173
stage_a_to_original,SA-D025,development,D043,,0.99231575577371289
stage_a_to_original,SA-D025,development,D044,,1.3154218339625439
stage_a_to_original,SA-D025,development,D045,,1.1839354664258916
stage_a_to_original,SA-D025,development,D046,,0.92301797568282296
stage_a_to_original,SA-D025,development,D047,,0.89831245677075089
stage_a_to_original,SA-D025,development,D048,,0.80636391068891933
stage_a_to_original,SA-D025,development,D049,,1.1882776511227093
stage_a_to_original,SA-D025,development,D050,,1.2325330434314832
stage_a_to_original,SA-D025,development,D051,,1.4515912265288826
stage_a_to_original,SA-D025,development,D052,,0.85766031892584749
stage_a_to_original,SA-D025,development,D053,,1.3051595288657001
stage_a_to_original,SA-D025,development,D054,,1.1808440503307303
stage_a_to_original,SA-D025,development,D055,,1.1656776743756385
stage_a_to_original,SA-D025,development,D056,,1.3813356048351106
stage_a_to_original,SA-D025,development,D057,,1.6291089410269761
stage_a_to_original,SA-D025,development,D058,,1.0924683030000895
stage_a_to_original,SA-D025,development,D059,,1.2380907957694187
stage_a_to_original,SA-D025,development,D060,,1.0624069824115485
stage_a_to_original,SA-D025,development,D061,,1.4203857943454747
stage_a_to_original,SA-D025,development,D062,,1.0883675617291511
stage_a_to_original,SA-D025,development,D063,,1.0296349013112494
stage_a_to_original,SA-D025,development,D064,,1.3376605030107283
stage_a_to_original,SA-D025,development,D065,,1.5830893167644318
stage_a_to_original,SA-D025,development,D066,,1.5065222635521156
stage_a_to_original,SA-D025,development,D067,,1.0884396871818027
stage_a_to_original,SA-D025,development,D068,,1.062060617623372
stage_a_to_original,SA-D025,development,D069,,0.94455409253052747
stage_a_to_original,SA-D025,development,D070,,1.2507016139708309
stage_a_to_original,SA-D025,development,D071,,1.0838843962421558
stage_a_to_original,SA-D025,development,D072,,1.1975504299581976
stage_a_to_original,SA-D025,development,D073,,0.68598154253174382
stage_a_to_original,SA-D025,development,D074,,0.91884558879312683
stage_a_to_original,SA-D025,development,D075,,0.81988601233126202
stage_a_to_original,SA-D025,development,D076,,1.0614447112477015
stage_a_to_original,SA-D025,development,D077,,0.8930655536115355
stage_a_to_original,SA-D025,development,D078,,1.1411763328672258
stage_a_to_original,SA-D025,development,D079,,1.3988799428073768
stage_a_to_original,SA-D025,development,D080,,1.0748130386536245
stage_a_to_original,SA-D025,development,D081,,1.3553225296431903
stage_a_to_original,SA-D025,development,D082,,0.66258105551826996
stage_a_to_original,SA-D025,development,D083,,1.1052819393732807
stage_a_to_original,SA-D025,development,D084,,1.0821190445978799
stage_a_to_original,SA-D025,development,D085,,1.3702562196569019
stage_a_to_original,SA-D025,development,D086,,1.3971949230771314
stage_a_to_original,SA-D025,development,D087,,1.2144826409949114
stage_a_to_original,SA-D025,development,D088,,1.1730222677418942
stage_a_to_original,SA-D025,development,D089,,1.3279424195084448
stage_a_to_original,SA-D025,development,D090,,1.3191554349806796
stage_a_to_original,SA-D025,development,D091,,0.96061193578973347
stage_a_to_original,SA-D025,development,D092,,1.0644838221282591
stage_a_to_original,SA-D025,development,D093,,1.0204235475096808
stage_a_to_original,SA-D025,development,D094,,1.2869873841253539
stage_a_to_original,SA-D025,development,D095,,0.88857368091839894
stage_a_to_original,SA-D025,development,D096,,0.71557174443651794
stage_a_to_original,SA-D025,development,D097,,1.5145005761322938
stage_a_to_original,SA-D025,development,D098,,1.3727469624371849
stage_a_to_original,SA-D025,development,D099,,0.98986106233430216
stage_a_to_original,SA-D026,development,D000,,1.186349094421332
stage_a_to_original,SA-D026,development,D001,,1.4475371411663558
stage_a_to_original,SA-D026,development,D002,,1.6774068598511025
stage_a_to_original,SA-D026,development,D003,,2.142394831243529
stage_a_to_original,SA-D026,development,D004,,2.6470108928122427
stage_a_to_original,SA-D026,development,D005,,1.6459427169033434
stage_a_to_original,SA-D026,development,D006,,1.6731760695374807
stage_a_to_original,SA-D026,development,D007,,1.4656392771603735
stage_a_to_original,SA-D026,development,D008,,1.5400942943657203
stage_a_to_original,SA-D026,development,D009,,1.3696931776495727
stage_a_to_original,SA-D026,development,D010,,1.3599767894032277
stage_a_to_original,SA-D026,development,D011,,1.8224923570743652
stage_a_to_original,SA-D026,development,D012,,1.3527067617154735
stage_a_to_original,SA-D026,development,D013,,1.3896424321998935
stage_a_to_original,SA-D026,development,D014,,1.2686024969900591
stage_a_to_original,SA-D026,development,D015,,1.3622884919267053
stage_a_to_original,SA-D026,development,D016,,1.4524315606050044
stage_a_to_original,SA-D026,development,D017,,1.6841330467677391
stage_a_to_original,SA-D026,development,D018,,1.6542140608878269
stage_a_to_original,SA-D026,development,D019,,1.4846871376314461
stage_a_to_original,SA-D026,development,D020,,1.6143833789762023
stage_a_to_original,SA-D026,development,D021,,1.4571963013003169
stage_a_to_original,SA-D026,development,D022,,1.6158604391638776
stage_a_to_original,SA-D026,development,D023,,1.5884724053090513
stage_a_to_original,SA-D026,development,D024,,1.785731579261403
stage_a_to_original,SA-D026,development,D025,,1.5218875671950747
stage_a_to_original,SA-D026,development,D026,,1.3550878332078937
stage_a_to_original,SA-D026,development,D027,,1.7657323963827176
stage_a_to_original,SA-D026,development,D028,,1.5949547218978681
stage_a_to_original,SA-D026,development,D029,,1.6248325378110378
stage_a_to_original,SA-D026,development,D030,,1.4900706265463399
stage_a_to_original,SA-D026,development,D031,,1.7088636999416562
stage_a_to_original,SA-D026,development,D032,,1.6330820095536493
stage_a_to_original,SA-D026,development,D033,,1.7172090221369294
stage_a_to_original,SA-D026,development,D034,,1.3170561606015527
stage_a_to_original,SA-D026,development,D035,,1.4871519084949512
stage_a_to_original,SA-D026,development,D036,,1.3270299881875427
stage_a_to_original,SA-D026,development,D037,,1.6598679350299608
stage_a_to_original,SA-D026,development,D038,,1.6416952820444797
stage_a_to_original,SA-D026,development,D039,,1.2971986807727125
stage_a_to_original,SA-D026,development,D040,,1.4505548153194965
stage_a_to_original,SA-D026,development,D041,,1.992430665520329
stage_a_to_original,SA-D026,development,D042,,1.6250548692461355
stage_a_to_original,SA-D026,development,D043,,1.7827258585339754
stage_a_to_original,SA-D026,development,D044,,1.2024257238558169
stage_a_to_original,SA-D026,development,D045,,1.9262337026123353
stage_a_to_original,SA-D026,development,D046,,1.889573038510739
stage_a_to_original,SA-D026,development,D047,,2.0627380993548359
stage_a_to_original,SA-D026,development,D048,,1.9161159049406389
stage_a_to_original,SA-D026,development,D049,,1.7313470545482892
stage_a_to_original,SA-D026,development,D050,,1.2988374006097003
stage_a_to_original,SA-D026,development,D051,,1.6585697852266759
stage_a_to_original,SA-D026,development,D052,,1.5772085988422475
stage_a_to_original,SA-D026,development,D053,,1.279847788827206
stage_a_to_original,SA-D026,development,D054,,1.386539880191344
stage_a_to_original,SA-D026,development,D055,,1.6534836469136747
stage_a_to_original,SA-D026,development,D056,,1.6471406672820468
stage_a_to_original,SA-D026,development,D057,,1.6703261003536896
stage_a_to_original,SA-D026,development,D058,,1.8173675596288625
stage_a_to_original,SA-D026,development,D059,,1.8241604833402274
stage_a_to_original,SA-D026,development,D060,,1.8592522010114687
stage_a_to_original,SA-D026,development,D061,,1.1448209093790405
stage_a_to_original,SA-D026,development,D062,,2.255851562054306
stage_a_to_original,SA-D026,development,D063,,1.5407119933112445
stage_a_to_original,SA-D026,development,D064,,1.316148914602767
stage_a_to_original,SA-D026,development,D065,,1.5639159204015691
stage_a_to_original,SA-D026,development,D066,,1.2489464528367362
stage_a_to_original,SA-D026,development,D067,,1.3940971166133258
stage_a_to_original,SA-D026,development,D068,,1.6581480520800049
stage_a_to_original,SA-D026,development,D069,,2.2470807637247008
stage_a_to_original,SA-D026,development,D070,,1.6681715393807057
stage_a_to_original,SA-D026,development,D071,,2.1402153218698188
stage_a_to_original,SA-D026,development,D072,,1.9700054840828156
stage_a_to_original,SA-D026,development,D073,,2.2623114541693878
stage_a_to_original,SA-D026,development,D074,,1.7726653911782306
stage_a_to_original,SA-D026,development,D075,,1.9279312654404359
stage_a_to_original,SA-D026,development,D076,,1.7346190753689112
stage_a_to_original,SA-D026,development,D077,,1.8788611590424498
stage_a_to_original,SA-D026,development,D078,,1.8927462538850881
stage_a_to_original,SA-D026,development,D079,,1.469709924616124
stage_a_to_original,SA-D026,development,D080,,1.717232371198631
stage_a_to_original,SA-D026,development,D081,,1.2513983634611756
stage_a_to_original,SA-D026,development,D082,,1.982446565089276
stage_a_to_original,SA-D026,development,D083,,1.796385878319434
stage_a_to_original,SA-D026,development,D084,,1.4605013798019297
stage_a_to_original,SA-D026,development,D085,,1.6245463484038076
stage_a_to_original,SA-D026,development,D086,,1.3240049807518794
stage_a_to_original,SA-D026,development,D087,,1.952212745971637
stage_a_to_original,SA-D026,development,D088,,1.9506671497444066
stage_a_to_original,SA-D026,development,D089,,1.4615765347356693
stage_a_to_original,SA-D026,development,D090,,1.383247592382093
stage_a_to_original,SA-D026,development,D091,,1.6617160198870298
stage_a_to_original,SA-D026,development,D092,,1.5294910637971686
stage_a_to_original,SA-D026,development,D093,,1.6969893053006755
stage_a_to_original,SA-D026,development,D094,,1.8464218720886638
stage_a_to_original,SA-D026,development,D095,,1.7738244454755592
stage_a_to_original,SA-D026,development,D096,,1.8837052424189058
stage_a_to_original,SA-D026,development,D097,,1.3224191865161834
stage_a_to_original,SA-D026,development,D098,,1.5487627540236968
stage_a_to_original,SA-D026,development,D099,,1.5785803775684712
stage_a_to_original,SA-D027,development,D000,,1.4424921413810958
stage_a_to_original,SA-D027,development,D001,,1.1829620455495502
stage_a_to_original,SA-D027,development,D002,,0.90853168526291339
stage_a_to_original,SA-D027,development,D003,,1.4076114353724367
stage_a_to_original,SA-D027,development,D004,,1.751872489043784
stage_a_to_original,SA-D027,development,D005,,0.90520107855635745
stage_a_to_original,SA-D027,development,D006,,0.67767537292008562
stage_a_to_original,SA-D027,development,D007,,0.85989406963271864
stage_a_to_original,SA-D027,development,D008,,1.2353527261588082
stage_a_to_original,SA-D027,development,D009,,1.3326283139323893
stage_a_to_original,SA-D027,development,D010,,1.0356730168781727
stage_a_to_original,SA-D027,development,D011,,0.81321619703218384
stage_a_to_original,SA-D027,development,D012,,1.1737662968508569
stage_a_to_original,SA-D027,development,D013,,1.0262800117567927
stage_a_to_original,SA-D027,development,D014,,1.2980640945343578
stage_a_to_original,SA-D027,development,D015,,1.3823233315816286
stage_a_to_original,SA-D027,development,D016,,0.89091894164428331
stage_a_to_original,SA-D027,development,D017,,0.59006974802359802
stage_a_to_original,SA-D027,development,D018,,1.2091298274700171
stage_a_to_original,SA-D027,development,D019,,0.96643983222986463
stage_a_to_original,SA-D027,development,D020,,1.0034866534427838
stage_a_to_original,SA-D027,development,D021,,1.3184839308886471
stage_a_to_original,SA-D027,development,D022,,1.245712624224852
stage_a_to_original,SA-D027,development,D023,,1.2106330497436932
stage_a_to_original,SA-D027,development,D024,,0.72169055848660313
stage_a_to_original,SA-D027,development,D025,,0.96846961704640422
stage_a_to_original,SA-D027,development,D026,,1.3264535179629413
stage_a_to_original,SA-D027,development,D027,,0.84541920822277739
stage_a_to_original,SA-D027,development,D028,,0.92349961885581699
stage_a_to_original,SA-D027,development,D029,,0.91391671458476453
stage_a_to_original,SA-D027,development,D030,,0.85725314440085054
stage_a_to_original,SA-D027,development,D031,,1.0563263346758396
stage_a_to_original,SA-D027,development,D032,,1.0555070090079146
stage_a_to_original,SA-D027,development,D033,,0.72180301796570878
stage_a_to_original,SA-D027,development,D034,,1.3374747370922637
stage_a_to_original,SA-D027,development,D035,,1.08753951492857
stage_a_to_original,SA-D027,development,D036,,1.0081029191879158
stage_a_to_original,SA-D027,development,D037,,1.0255249484588327
stage_a_to_original,SA-D027,development,D038,,1.2779814999438499
stage_a_to_original,SA-D027,development,D039,,1.1240192999826975
stage_a_to_original,SA-D027,development,D040,,1.5357268170753604
stage_a_to_original,SA-D027,development,D041,,0.98008407627322891
stage_a_to_original,SA-D027,development,D042,,1.250956630602533
stage_a_to_original,SA-D027,development,D043,,1.4676706596409417
stage_a_to_original,SA-D027,development,D044,,1.381065187476417
stage_a_to_original,SA-D027,development,D045,,0.93523911791965064
stage_a_to_original,SA-D027,development,D046,,0.96105434501069442
stage_a_to_original,SA-D027,development,D047,,1.1357985030089486
stage_a_to_original,SA-D027,development,D048,,1.4667476252013576
stage_a_to_original,SA-D027,development,D049,,1.5205343324898353
stage_a_to_original,SA-D027,development,D050,,1.1797376942744895
stage_a_to_original,SA-D027,development,D051,,0.86598913854989379
stage_a_to_original,SA-D027,development,D052,,0.87489734155392984
stage_a_to_original,SA-D027,development,D053,,1.5405551778579358
stage_a_to_original,SA-D027,development,D054,,1.5228595810923546
stage_a_to_original,SA-D027,development,D055,,0.97084874243825137
stage_a_to_original,SA-D027,development,D056,,0.8713134948286112
stage_a_to_original,SA-D027,development,D057,,1.0093787457307228
stage_a_to_original,SA-D027,development,D058,,1.40885855156229
stage_a_to_original,SA-D027,development,D059,,1.415095073813049
stage_a_to_original,SA-D027,development,D060,,1.3788058676282864
stage_a_to_original,SA-D027,development,D061,,1.3690295465241282
stage_a_to_original,SA-D027,development,D062,,1.4304339060457747
stage_a_to_original,SA-D027,development,D063,,1.2791109997066035
stage_a_to_original,SA-D027,development,D064,,1.5754227995982029
stage_a_to_original,SA-D027,development,D065,,1.2649656471679065
stage_a_to_original,SA-D027,development,D066,,1.3990506752897365
stage_a_to_original,SA-D027,development,D067,,1.0714680704173174
stage_a_to_original,SA-D027,development,D068,,0.79131061364107513
stage_a_to_original,SA-D027,development,D069,,1.0747894834205274
stage_a_to_original,SA-D027,development,D070,,0.96038871884330346
stage_a_to_original,SA-D027,development,D071,,0.92275440291417776
stage_a_to_original,SA-D027,development,D072,,1.3336321879982638
stage_a_to_original,SA-D027,development,D073,,0.81544720815760785
stage_a_to_original,SA-D027,development,D074,,1.4253670731062384
stage_a_to_original,SA-D027,development,D075,,1.2412434501813785
stage_a_to_original,SA-D027,development,D076,,0.51001913156928891
stage_a_to_original,SA-D027,development,D077,,1.2864628633724313
stage_a_to_original,SA-D027,development,D078,,1.3780110594568518
stage_a_to_original,SA-D027,development,D079,,1.5507810104930535
stage_a_to_original,SA-D027,development,D080,,1.0662299884793114
stage_a_to_original,SA-D027,development,D081,,1.5236976109911615
stage_a_to_original,SA-D027,development,D082,,0.92049096275077236
stage_a_to_original,SA-D027,development,D083,,1.1096289411026656
stage_a_to_original,SA-D027,development,D084,,1.0224275071819589
stage_a_to_original,SA-D027,development,D085,,1.1652576104118333
stage_a_to_original,SA-D027,development,D086,,1.643967171234042
stage_a_to_original,SA-D027,development,D087,,1.4334378337819049
stage_a_to_original,SA-D027,development,D088,,1.0784498131168923
stage_a_to_original,SA-D027,development,D089,,1.6667183996239205
stage_a_to_original,SA-D027,development,D090,,1.1863607812148771
stage_a_to_original,SA-D027,development,D091,,1.3565487031595007
stage_a_to_original,SA-D027,development,D092,,1.102672626204146
stage_a_to_original,SA-D027,development,D093,,1.3869724908298477
stage_a_to_original,SA-D027,development,D094,,1.4129563787788779
stage_a_to_original,SA-D027,development,D095,,1.4076253469430029
stage_a_to_original,SA-D027,development,D096,,1.3933015463596938
stage_a_to_original,SA-D027,development,D097,,1.5736391880196359
stage_a_to_original,SA-D027,development,D098,,1.108419728298091
stage_a_to_original,SA-D027,development,D099,,1.0922976727664384
stage_a_to_original,SA-D028,validation,D000,,1.7735635903299576
stage_a_to_original,SA-D028,validation,D001,,1.52581324679738
stage_a_to_original,SA-D028,validation,D002,,1.211028548930011
stage_a_to_original,SA-D028,validation,D003,,1.4407972873526178
stage_a_to_original,SA-D028,validation,D004,,1.7047333928450119
stage_a_to_original,SA-D028,validation,D005,,1.3549428860011616
stage_a_to_original,SA-D028,validation,D006,,1.2384826780743023
stage_a_to_original,SA-D028,validation,D007,,1.2469521899199811
stage_a_to_original,SA-D028,validation,D008,,1.2965335364012147
stage_a_to_original,SA-D028,validation,D009,,1.2829842732671328
stage_a_to_original,SA-D028,validation,D010,,1.2850768524034801
stage_a_to_original,SA-D028,validation,D011,,1.3612809273203637
stage_a_to_original,SA-D028,validation,D012,,1.2523160147345671
stage_a_to_original,SA-D028,validation,D013,,1.2338710480627422
stage_a_to_original,SA-D028,validation,D014,,1.2909866009000164
stage_a_to_original,SA-D028,validation,D015,,1.3730980612451136
stage_a_to_original,SA-D028,validation,D016,,1.2377800282457796
stage_a_to_original,SA-D028,validation,D017,,1.3969715481580705
stage_a_to_original,SA-D028,validation,D018,,1.3373808674975993
stage_a_to_original,SA-D028,validation,D019,,1.260582864299141
stage_a_to_original,SA-D028,validation,D020,,1.3538053220929505
stage_a_to_original,SA-D028,validation,D021,,1.2395767750472022
stage_a_to_original,SA-D028,validation,D022,,1.4071122988223344
stage_a_to_original,SA-D028,validation,D023,,1.2078836531941723
stage_a_to_original,SA-D028,validation,D024,,1.3478476193174007
stage_a_to_original,SA-D028,validation,D025,,1.228025962112842
stage_a_to_original,SA-D028,validation,D026,,1.3282102990943125
stage_a_to_original,SA-D028,validation,D027,,1.3412520977694633
stage_a_to_original,SA-D028,validation,D028,,1.4350232690968714
stage_a_to_original,SA-D028,validation,D029,,1.3145536825149757
stage_a_to_original,SA-D028,validation,D030,,1.2611725909258122
stage_a_to_original,SA-D028,validation,D031,,1.3277616235821248
stage_a_to_original,SA-D028,validation,D032,,1.2722488169544155
stage_a_to_original,SA-D028,validation,D033,,1.3255478120016904
stage_a_to_original,SA-D028,validation,D034,,1.2280490758858975
stage_a_to_original,SA-D028,validation,D035,,1.231074671143217
stage_a_to_original,SA-D028,validation,D036,,1.1638987666790217
stage_a_to_original,SA-D028,validation,D037,,1.4674959027454406
stage_a_to_original,SA-D028,validation,D038,,1.3461580083072533
stage_a_to_original,SA-D028,validation,D039,,1.1762347618118152
stage_a_to_original,SA-D028,validation,D040,,1.4113475805492817
stage_a_to_original,SA-D028,validation,D041,,1.3547791107791158
stage_a_to_original,SA-D028,validation,D042,,1.3948241191347714
stage_a_to_original,SA-D028,validation,D043,,1.5496795327281343
stage_a_to_original,SA-D028,validation,D044,,1.5795208633477138
stage_a_to_original,SA-D028,validation,D045,,1.3680317296809725
stage_a_to_original,SA-D028,validation,D046,,1.4360120767200744
stage_a_to_original,SA-D028,validation,D047,,1.3593598818839532
stage_a_to_original,SA-D028,validation,D048,,1.3892128612064683
stage_a_to_original,SA-D028,validation,D049,,1.4196725021208854
stage_a_to_original,SA-D028,validation,D050,,1.4241916292158627
stage_a_to_original,SA-D028,validation,D051,,1.8242592075816122
stage_a_to_original,SA-D028,validation,D052,,1.3052313910759532
stage_a_to_original,SA-D028,validation,D053,,0.86584860600328373
stage_a_to_original,SA-D028,validation,D054,,1.3790564901920357
stage_a_to_original,SA-D028,validation,D055,,1.2358238828195292
stage_a_to_original,SA-D028,validation,D056,,1.2874857148249783
stage_a_to_original,SA-D028,validation,D057,,1.3599033194496613
stage_a_to_original,SA-D028,validation,D058,,1.1875757291270823
stage_a_to_original,SA-D028,validation,D059,,1.2961117960486865
stage_a_to_original,SA-D028,validation,D060,,1.406533932052487
stage_a_to_original,SA-D028,validation,D061,,1.1515745029354456
stage_a_to_original,SA-D028,validation,D062,,1.3782290897306932
stage_a_to_original,SA-D028,validation,D063,,1.4155147772549792
stage_a_to_original,SA-D028,validation,D064,,1.5998536906500185
stage_a_to_original,SA-D028,validation,D065,,1.3056545765906176
stage_a_to_original,SA-D028,validation,D066,,1.2681193368181525
stage_a_to_original,SA-D028,validation,D067,,1.1709956571044362
stage_a_to_original,SA-D028,validation,D068,,1.515710464607797
stage_a_to_original,SA-D028,validation,D069,,1.182040898782013
stage_a_to_original,SA-D028,validation,D070,,1.3306065796652971
stage_a_to_original,SA-D028,validation,D071,,1.3478856000625272
stage_a_to_original,SA-D028,validation,D072,,1.4559373327345864
stage_a_to_original,SA-D028,validation,D073,,1.2992650870183877
stage_a_to_original,SA-D028,validation,D074,,1.5486046905529116
stage_a_to_original,SA-D028,validation,D075,,1.5133858187577591
stage_a_to_original,SA-D028,validation,D076,,1.3285461697413774
stage_a_to_original,SA-D028,validation,D077,,1.5671152601460496
stage_a_to_original,SA-D028,validation,D078,,1.339950537868883
stage_a_to_original,SA-D028,validation,D079,,1.7011648601385507
stage_a_to_original,SA-D028,validation,D080,,1.3739539880323823
stage_a_to_original,SA-D028,validation,D081,,1.4655462375904225
stage_a_to_original,SA-D028,validation,D082,,1.5091661280000661
stage_a_to_original,SA-D028,validation,D083,,1.3933389303443438
stage_a_to_original,SA-D028,validation,D084,,1.1569654780387615
stage_a_to_original,SA-D028,validation,D085,,1.3007816937194288
stage_a_to_original,SA-D028,validation,D086,,1.2257826718051679
stage_a_to_original,SA-D028,validation,D087,,1.1440238264652458
stage_a_to_original,SA-D028,validation,D088,,1.3823153377123634
stage_a_to_original,SA-D028,validation,D089,,1.04568793068887
stage_a_to_original,SA-D028,validation,D090,,1.61980213118109
stage_a_to_original,SA-D028,validation,D091,,1.0354162443989925
stage_a_to_original,SA-D028,validation,D092,,1.0629170801721639
stage_a_to_original,SA-D028,validation,D093,,1.0918008140129083
stage_a_to_original,SA-D028,validation,D094,,1.0952528901534113
stage_a_to_original,SA-D028,validation,D095,,1.2789712041586723
stage_a_to_original,SA-D028,validation,D096,,1.3876298954017703
stage_a_to_original,SA-D028,validation,D097,,1.4612916044009461
stage_a_to_original,SA-D028,validation,D098,,1.3434664482587395
stage_a_to_original,SA-D028,validation,D099,,1.456115867616268
stage_a_to_original,SA-D029,sealed_holdout,D000,,1.8173440306489939
stage_a_to_original,SA-D029,sealed_holdout,D001,,1.5692557633417994
stage_a_to_original,SA-D029,sealed_holdout,D002,,1.03563033477753
stage_a_to_original,SA-D029,sealed_holdout,D003,,1.0467660668995831
stage_a_to_original,SA-D029,sealed_holdout,D004,,1.5055599554366248
stage_a_to_original,SA-D029,sealed_holdout,D005,,1.4246528091428272
stage_a_to_original,SA-D029,sealed_holdout,D006,,1.3825444518106242
stage_a_to_original,SA-D029,sealed_holdout,D007,,1.0570896101789031
stage_a_to_original,SA-D029,sealed_holdout,D008,,1.467808891090401
stage_a_to_original,SA-D029,sealed_holdout,D009,,1.1754284320026833
stage_a_to_original,SA-D029,sealed_holdout,D010,,1.135230306010405
stage_a_to_original,SA-D029,sealed_holdout,D011,,1.3965331511486676
stage_a_to_original,SA-D029,sealed_holdout,D012,,1.1076674988739439
stage_a_to_original,SA-D029,sealed_holdout,D013,,1.0462024489940722
stage_a_to_original,SA-D029,sealed_holdout,D014,,1.2229253361114607
stage_a_to_original,SA-D029,sealed_holdout,D015,,1.1725242595338849
stage_a_to_original,SA-D029,sealed_holdout,D016,,1.0595368632272169
stage_a_to_original,SA-D029,sealed_holdout,D017,,1.3573671750925598
stage_a_to_original,SA-D029,sealed_holdout,D018,,1.4521803780315821
stage_a_to_original,SA-D029,sealed_holdout,D019,,1.0193009910655288
stage_a_to_original,SA-D029,sealed_holdout,D020,,0.96018690873658596
stage_a_to_original,SA-D029,sealed_holdout,D021,,1.2468981013838092
stage_a_to_original,SA-D029,sealed_holdout,D022,,1.534897415665587
stage_a_to_original,SA-D029,sealed_holdout,D023,,1.5166851411570335
stage_a_to_original,SA-D029,sealed_holdout,D024,,1.3195355552629793
stage_a_to_original,SA-D029,sealed_holdout,D025,,0.95186260211798956
stage_a_to_original,SA-D029,sealed_holdout,D026,,1.1839668289585448
stage_a_to_original,SA-D029,sealed_holdout,D027,,1.3454096542194134
stage_a_to_original,SA-D029,sealed_holdout,D028,,1.4100114980662541
stage_a_to_original,SA-D029,sealed_holdout,D029,,1.3030193468787068
stage_a_to_original,SA-D029,sealed_holdout,D030,,0.96635919102494272
stage_a_to_original,SA-D029,sealed_holdout,D031,,1.3269904687762728
stage_a_to_original,SA-D029,sealed_holdout,D032,,1.4382728531118829
stage_a_to_original,SA-D029,sealed_holdout,D033,,1.3106227074988388
stage_a_to_original,SA-D029,sealed_holdout,D034,,1.2350938170953645
stage_a_to_original,SA-D029,sealed_holdout,D035,,1.176086590660272
stage_a_to_original,SA-D029,sealed_holdout,D036,,1.0485724485945764
stage_a_to_original,SA-D029,sealed_holdout,D037,,1.3611680045490022
stage_a_to_original,SA-D029,sealed_holdout,D038,,1.5078570814299259
stage_a_to_original,SA-D029,sealed_holdout,D039,,1.0802639525350279
stage_a_to_original,SA-D029,sealed_holdout,D040,,0.87994829204580449
stage_a_to_original,SA-D029,sealed_holdout,D041,,1.5319507789599276
stage_a_to_original,SA-D029,sealed_holdout,D042,,1.3896316076226876
stage_a_to_original,SA-D029,sealed_holdout,D043,,0.9477522530379926
stage_a_to_original,SA-D029,sealed_holdout,D044,,1.1213085267373817
stage_a_to_original,SA-D029,sealed_holdout,D045,,1.6016805401573986
stage_a_to_original,SA-D029,sealed_holdout,D046,,1.3118602500836052
stage_a_to_original,SA-D029,sealed_holdout,D047,,1.3022392481305445
stage_a_to_original,SA-D029,sealed_holdout,D048,,1.2119628548315011
stage_a_to_original,SA-D029,sealed_holdout,D049,,1.4473894439150878
stage_a_to_original,SA-D029,sealed_holdout,D050,,1.2383412419097997
stage_a_to_original,SA-D029,sealed_holdout,D051,,1.4121945380191607
stage_a_to_original,SA-D029,sealed_holdout,D052,,1.1143827611762323
stage_a_to_original,SA-D029,sealed_holdout,D053,,1.6154329518641568
stage_a_to_original,SA-D029,sealed_holdout,D054,,1.2178489088838798
stage_a_to_original,SA-D029,sealed_holdout,D055,,1.4342562863193073
stage_a_to_original,SA-D029,sealed_holdout,D056,,1.8980437481845669
stage_a_to_original,SA-D029,sealed_holdout,D057,,1.8631663074706799
stage_a_to_original,SA-D029,sealed_holdout,D058,,1.4828762366657673
stage_a_to_original,SA-D029,sealed_holdout,D059,,1.6545480124594061
stage_a_to_original,SA-D029,sealed_holdout,D060,,1.4716675941912589
stage_a_to_original,SA-D029,sealed_holdout,D061,,1.7119354659647839
stage_a_to_original,SA-D029,sealed_holdout,D062,,1.9233953575768326
stage_a_to_original,SA-D029,sealed_holdout,D063,,1.1801905155222796
stage_a_to_original,SA-D029,sealed_holdout,D064,,1.0955082098369218
stage_a_to_original,SA-D029,sealed_holdout,D065,,1.9337802334183352
stage_a_to_original,SA-D029,sealed_holdout,D066,,1.6545614923923289
stage_a_to_original,SA-D029,sealed_holdout,D067,,1.3529566146097181
stage_a_to_original,SA-D029,sealed_holdout,D068,,1.2288048041485946
stage_a_to_original,SA-D029,sealed_holdout,D069,,1.7147153320234203
stage_a_to_original,SA-D029,sealed_holdout,D070,,1.720773090900322
stage_a_to_original,SA-D029,sealed_holdout,D071,,1.680415827199635
stage_a_to_original,SA-D029,sealed_holdout,D072,,1.6099468167950024
stage_a_to_original,SA-D029,sealed_holdout,D073,,1.589796214704049
stage_a_to_original,SA-D029,sealed_holdout,D074,,0.79219810361346465
stage_a_to_original,SA-D029,sealed_holdout,D075,,0.86183089351712783
stage_a_to_original,SA-D029,sealed_holdout,D076,,1.6048591735633502
stage_a_to_original,SA-D029,sealed_holdout,D077,,1.1112202019578519
stage_a_to_original,SA-D029,sealed_holdout,D078,,1.672303101446301
stage_a_to_original,SA-D029,sealed_holdout,D079,,1.1334695048439067
stage_a_to_original,SA-D029,sealed_holdout,D080,,1.441855962219869
stage_a_to_original,SA-D029,sealed_holdout,D081,,1.3547300875827311
stage_a_to_original,SA-D029,sealed_holdout,D082,,0.90356755731700678
stage_a_to_original,SA-D029,sealed_holdout,D083,,1.3898204577022131
stage_a_to_original,SA-D029,sealed_holdout,D084,,1.3624265793724883
stage_a_to_original,SA-D029,sealed_holdout,D085,,1.6196936622409017
stage_a_to_original,SA-D029,sealed_holdout,D086,,1.4267827629278365
stage_a_to_original,SA-D029,sealed_holdout,D087,,1.601222051283234
stage_a_to_original,SA-D029,sealed_holdout,D088,,1.599599204297496
stage_a_to_original,SA-D029,sealed_holdout,D089,,1.600857081842588
stage_a_to_original,SA-D029,sealed_holdout,D090,,1.0720817679947861
stage_a_to_original,SA-D029,sealed_holdout,D091,,1.4816630762828853
stage_a_to_original,SA-D029,sealed_holdout,D092,,1.2993721716835125
stage_a_to_original,SA-D029,sealed_holdout,D093,,1.3839918457198046
stage_a_to_original,SA-D029,sealed_holdout,D094,,1.8348467462173677
stage_a_to_original,SA-D029,sealed_holdout,D095,,1.224576847697177
stage_a_to_original,SA-D029,sealed_holdout,D096,,1.1040938422872177
stage_a_to_original,SA-D029,sealed_holdout,D097,,1.5491628543640368
stage_a_to_original,SA-D029,sealed_holdout,D098,,1.5594296421565934
stage_a_to_original,SA-D029,sealed_holdout,D099,,0.9779828050216578
