{
  "accuracy": 0.6847736625514403,
  "roc_auc": 0.733491941809518,
  "confusion_matrix": [
    [
      719,
      378
    ],
    [
      388,
      945
    ]
  ],
  "classification_report": {
    "0": {
      "precision": 0.6495031616982837,
      "recall": 0.6554238833181404,
      "f1-score": 0.6524500907441017,
      "support": 1097.0
    },
    "1": {
      "precision": 0.7142857142857143,
      "recall": 0.708927231807952,
      "f1-score": 0.7115963855421686,
      "support": 1333.0
    },
    "accuracy": 0.6847736625514403,
    "macro avg": {
      "precision": 0.681894437991999,
      "recall": 0.6821755575630462,
      "f1-score": 0.6820232381431351,
      "support": 2430.0
    },
    "weighted avg": {
      "precision": 0.6850402574180553,
      "recall": 0.6847736625514403,
      "f1-score": 0.684895362746498,
      "support": 2430.0
    }
  },
  "feature_importances": {
    "num_nodes_0": 0.06862325432669715,
    "num_edges_0": 0.03859740353185914,
    "avg_degree_0": 0.03313096969495346,
    "num_satellites": 0.05035240709434386,
    "num_ground_stations": 0.012677704887579149,
    "isl_degree": 0.01569970770706462,
    "node_failure_prob": 0.6811731597666959,
    "edge_failure_prob": 0.09974539299080655
  }
}